0
1886
3766
5634
7482
9306
11099
12856
14570
16235
17846
19398
20886
22305
23649
24916
26100
27197
28204
29117
29934
30652
31267
31780
32186
32486
32679
32763
32738
32605
32363
32015
31560
31001
30338
29575
28714
27757
26710
25572
24350
23048
21669
20218
18701
17121
15484
13796
12062
10288
8480
6645
4787
2913
1029
-858
-2742
-4617
-6477
-8315
-10125
-11903
-13640
-15333
-16974
-18559
-20083
-21540
-22926
-24235
-25464
-26609
-27666
-28631
-29500
-30273
-30945
-31513
-31978
-32336
-32588
-32731
-32765
-32691
-32509
-32218
-31821
-31318
-30712
-30004
-29195
-28291
-27292
-26203
-25027
-23768
-22430
-21018
-19536
-17990
-16383
-14722
-13013
-11261
-9471
-7649
-5803
-3936
-2057
-172
1715
3596
5465
7315
9141
10938
12698
14415
16086
17702
19260
20754
22179
23530
24804
25996
27101
28116
29038
29864
30590
31216
31738
32154
32464
32666
32759
32745
32621
32390
32051
31605
31056
30402
29648
28797
27848
26808
25679
24465
23170
21798
20353
18842
17267
15635
13952
12222
10451
8646
6812
4957
3084
1201
-686
-2571
-4447
-6309
-8149
-9962
-11743
-13484
-15181
-16828
-18417
-19947
-21411
-22803
-24119
-25356
-26509
-27574
-28547
-29426
-30206
-30888
-31466
-31940
-32308
-32569
-32722
-32766
-32702
-32530
-32250
-31861
-31368
-30771
-30072
-29273
-28377
-27387
-26306
-25137
-23886
-22555
-21149
-19674
-18133
-16531
-14876
-13170
-11422
-9635
-7816
-5972
-4107
-2229
-343
1544
3425
5295
7148
8977
10776
12539
14261
15936
17557
19121
20621
22053
23411
24692
25891
27004
28027
28958
29793
30528
31163
31695
32120
32440
32652
32756
32751
32637
32415
32087
31650
31110
30465
29721
28878
27938
26907
25786
24579
23290
21926
20487
18982
17412
15786
14107
12380
10613
8811
6980
5126
3255
1372
-515
-2399
-4277
-6140
-7983
-9799
-11582
-13328
-15028
-16680
-18275
-19811
-21281
-22679
-24003
-25247
-26408
-27481
-28462
-29350
-30140
-30830
-31418
-31901
-32279
-32550
-32712
-32767
-32712
-32550
-32279
-31901
-31418
-30830
-30140
-29350
-28462
-27481
-26408
-25247
-24003
-22679
-21281
-19811
-18275
-16680
-15028
-13328
-11582
-9799
-7983
-6140
-4277
-2399
-515
1372
3255
5126
6980
8811
10613
12380
14107
15786
17412
18982
20487
21926
23290
24579
25786
26907
27938
28878
29721
30465
31110
31650
32087
32415
32637
32751
32756
32652
32440
32120
31695
31163
30528
29793
28958
28027
27004
25891
24692
23411
22053
20621
19121
17557
15936
14261
12539
10776
8977
7148
5295
3425
1544
-343
-2229
-4107
-5972
-7816
-9635
-11422
-13170
-14876
-16531
-18133
-19674
-21149
-22555
-23886
-25137
-26306
-27387
-28377
-29273
-30072
-30771
-31368
-31861
-32250
-32530
-32702
-32766
-32722
-32569
-32308
-31940
-31466
-30888
-30206
-29426
-28547
-27574
-26509
-25356
-24119
-22803
-21411
-19947
-18417
-16828
-15181
-13484
-11743
-9962
-8149
-6309
-4447
-2571
-686
1201
3084
4957
6812
8646
10451
12222
13952
15635
17267
18842
20353
21798
23170
24465
25679
26808
27848
28797
29648
30402
31056
31605
32051
32390
32621
32745
32759
32666
32464
32154
31738
31216
30590
29864
29038
28116
27101
25996
24804
23530
22179
20754
19260
17702
16086
14415
12698
10938
9141
7315
5465
3596
1715
-172
-2057
-3936
-5803
-7649
-9471
-11261
-13013
-14722
-16383
-17990
-19536
-21018
-22430
-23768
-25027
-26203
-27292
-28291
-29195
-30004
-30712
-31318
-31821
-32218
-32509
-32691
-32765
-32731
-32588
-32336
-31978
-31513
-30945
-30273
-29500
-28631
-27666
-26609
-25464
-24235
-22926
-21540
-20083
-18559
-16974
-15333
-13640
-11903
-10125
-8315
-6477
-4617
-2742
-858
1029
2913
4787
6645
8480
10288
12062
13796
15484
17121
18701
20218
21669
23048
24350
25572
26710
27757
28714
29575
30338
31001
31560
32015
32363
32605
32738
32763
32679
32486
32186
31780
31267
30652
29934
29117
28204
27197
26100
24916
23649
22305
20886
19398
17846
16235
14570
12856
11099
9306
7482
5634
3766
1886
-0
-1886
-3766
-5634
-7482
-9306
-11099
-12856
-14570
-16235
-17846
-19398
-20886
-22305
-23649
-24916
-26100
-27197
-28204
-29117
-29934
-30652
-31267
-31780
-32186
-32486
-32679
-32763
-32738
-32605
-32363
-32015
-31560
-31001
-30338
-29575
-28714
-27757
-26710
-25572
-24350
-23048
-21669
-20218
-18701
-17121
-15484
-13796
-12062
-10288
-8480
-6645
-4787
-2913
-1029
858
2742
4617
6477
8315
10125
11903
13640
15333
16974
18559
20083
21540
22926
24235
25464
26610
27666
28631
29500
30273
30945
31513
31978
32336
32588
32731
32765
32691
32509
32218
31821
31318
30712
30004
29195
28291
27292
26203
25027
23768
22430
21018
19536
17990
16383
14722
13013
11261
9471
7649
5803
3936
2057
172
-1715
-3596
-5465
-7315
-9141
-10938
-12698
-14415
-16086
-17702
-19260
-20754
-22179
-23530
-24804
-25996
-27101
-28116
-29038
-29864
-30590
-31216
-31738
-32154
-32464
-32666
-32759
-32745
-32621
-32390
-32051
-31605
-31056
-30402
-29648
-28797
-27848
-26808
-25679
-24465
-23170
-21798
-20353
-18842
-17267
-15635
-13952
-12222
-10451
-8646
-6812
-4957
-3084
-1201
686
2571
4447
6309
8149
9962
11743
13484
15181
16828
18417
19947
21411
22803
24119
25356
26509
27574
28547
29426
30206
30888
31466
31940
32308
32569
32722
32766
32702
32530
32250
31861
31368
30771
30072
29273
28377
27387
26306
25137
23886
22555
21149
19674
18133
16531
14876
13170
11422
9635
7816
5972
4107
2229
343
-1544
-3425
-5295
-7148
-8977
-10776
-12539
-14261
-15936
-17557
-19121
-20621
-22053
-23411
-24692
-25891
-27004
-28027
-28958
-29793
-30528
-31163
-31695
-32120
-32440
-32652
-32756
-32751
-32637
-32415
-32087
-31650
-31110
-30465
-29721
-28878
-27938
-26907
-25786
-24579
-23290
-21926
-20487
-18982
-17412
-15786
-14107
-12380
-10613
-8811
-6980
-5126
-3255
-1372
515
2399
4277
6140
7983
9799
11582
13328
15028
16680
18275
19811
21281
22679
24003
25247
26408
27481
28462
29350
30140
30830
31418
31901
32279
32550
32712
32767
32712
32550
32279
31901
31418
30830
30140
29350
28462
27481
26408
25247
24003
22679
21281
19811
18275
16680
15028
13328
11582
9799
7983
6140
4277
2399
515
-1372
-3255
-5126
-6980
-8811
-10613
-12380
-14107
-15786
-17412
-18982
-20487
-21926
-23290
-24579
-25786
-26907
-27938
-28878
-29721
-30465
-31110
-31650
-32087
-32415
-32637
-32751
-32756
-32652
-32440
-32120
-31695
-31163
-30528
-29793
-28958
-28027
-27004
-25891
-24692
-23411
-22053
-20621
-19121
-17557
-15936
-14261
-12539
-10776
-8977
-7148
-5295
-3425
-1544
343
2229
4107
5972
7816
9635
11422
13170
14876
16531
18133
19674
21149
22555
23886
25137
26306
27387
28377
29273
30072
30771
31368
31861
32250
32530
32702
32766
32722
32569
32308
31940
31466
30888
30206
29426
28547
27574
26509
25356
24119
22803
21411
19947
18417
16828
15181
13484
11743
9962
8149
6308
4447
2571
686
-1201
-3084
-4957
-6812
-8646
-10451
-12222
-13952
-15635
-17267
-18842
-20353
-21798
-23170
-24465
-25679
-26808
-27848
-28797
-29648
-30402
-31056
-31605
-32051
-32390
-32621
-32745
-32759
-32666
-32464
-32154
-31738
-31216
-30590
-29864
-29038
-28116
-27101
-25996
-24804
-23530
-22179
-20754
-19260
-17702
-16086
-14415
-12698
-10938
-9141
-7315
-5465
-3596
-1715
172
2057
3936
5803
7649
9471
11261
13013
14722
16383
17990
19536
21018
22430
23768
25027
26203
27292
28291
29195
30004
30712
31318
31821
32218
32509
32691
32765
32731
32588
32336
31978
31513
30945
30273
29500
28631
27666
26609
25464
24235
22926
21540
20083
18559
16974
15333
13640
11903
10125
8315
6477
4617
2742
858
-1029
-2913
-4787
-6645
-8480
-10288
-12062
-13796
-15484
-17121
-18701
-20218
-21669
-23048
-24350
-25572
-26710
-27757
-28714
-29575
-30338
-31001
-31560
-32015
-32363
-32605
-32738
-32763
-32679
-32486
-32186
-31780
-31267
-30652
-29934
-29117
-28204
-27197
-26100
-24916
-23649
-22305
-20886
-19398
-17846
-16234
-14570
-12856
-11099
-9306
-7482
-5634
-3766
-1886
0
1886
3766
5634
7482
9306
11100
12856
14570
16235
17846
19398
20886
22305
23649
24916
26100
27197
28204
29117
29934
30652
31267
31780
32186
32486
32679
32763
32738
32605
32363
32015
31560
31001
30338
29575
28714
27757
26710
25572
24350
23048
21669
20218
18701
17121
15484
13796
12062
10288
8480
6645
4787
2913
1029
-858
-2742
-4617
-6477
-8315
-10125
-11903
-13640
-15333
-16974
-18559
-20083
-21540
-22926
-24235
-25464
-26610
-27666
-28631
-29500
-30273
-30945
-31513
-31978
-32336
-32588
-32731
-32765
-32691
-32509
-32218
-31821
-31318
-30712
-30004
-29195
-28291
-27292
-26203
-25027
-23768
-22430
-21018
-19536
-17990
-16383
-14722
-13013
-11261
-9471
-7649
-5803
-3936
-2057
-171
1715
3596
5465
7315
9141
10938
12698
14415
16086
17702
19260
20754
22180
23530
24804
25996
27101
28116
29038
29864
30590
31216
31738
32154
32464
32666
32759
32745
32621
32390
32051
31605
31056
30402
29648
28797
27848
26808
25679
24465
23170
21798
20353
18842
17266
15635
13952
12222
10451
8646
6812
4957
3084
1201
-686
-2571
-4447
-6309
-8149
-9962
-11743
-13484
-15181
-16828
-18418
-19947
-21411
-22803
-24119
-25356
-26509
-27574
-28547
-29426
-30206
-30888
-31466
-31940
-32308
-32569
-32722
-32766
-32702
-32530
-32250
-31861
-31368
-30771
-30072
-29273
-28377
-27387
-26306
-25137
-23886
-22555
-21149
-19674
-18133
-16531
-14876
-13170
-11422
-9635
-7816
-5972
-4106
-2229
-343
1544
3425
5295
7148
8977
10776
12539
14261
15936
17557
19121
20621
22053
23411
24692
25891
27004
28027
28958
29793
30528
31163
31695
32120
32440
32652
32756
32751
32637
32415
32087
31650
31110
30465
29721
28878
27938
26907
25786
24579
23290
21926
20487
18982
17412
15786
14107
12380
10613
8811
6980
5126
3255
1372
-515
-2399
-4277
-6140
-7983
-9799
-11582
-13328
-15028
-16680
-18275
-19811
-21281
-22679
-24003
-25247
-26408
-27481
-28462
-29350
-30140
-30830
-31418
-31901
-32279
-32550
-32712
-32767
-32712
-32550
-32279
-31901
-31418
-30830
-30140
-29350
-28462
-27481
-26408
-25247
-24003
-22679
-21281
-19811
-18275
-16680
-15028
-13328
-11582
-9799
-7983
-6140
-4277
-2399
-515
1372
3255
5126
6980
8811
10613
12380
14107
15786
17412
18982
20488
21926
23290
24579
25786
26907
27938
28878
29721
30465
31110
31650
32087
32415
32637
32751
32756
32652
32440
32120
31695
31163
30528
29793
28958
28027
27004
25891
24692
23411
22053
20621
19121
17557
15936
14261
12539
10776
8977
7148
5295
3425
1544
-343
-2229
-4107
-5972
-7816
-9635
-11422
-13170
-14876
-16532
-18133
-19674
-21149
-22555
-23886
-25137
-26306
-27387
-28377
-29273
-30072
-30771
-31368
-31861
-32250
-32530
-32702
-32766
-32722
-32569
-32308
-31940
-31466
-30888
-30206
-29426
-28547
-27574
-26509
-25356
-24119
-22803
-21411
-19947
-18417
-16828
-15181
-13484
-11743
-9962
-8149
-6308
-4447
-2571
-686
1201
3084
4957
6812
8646
10451
12222
13952
15635
17267
18842
20353
21798
23170
24465
25679
26808
27848
28797
29648
30402
31056
31605
32051
32390
32621
32745
32759
32666
32464
32154
31738
31216
30590
29864
29038
28116
27101
25996
24804
23530
22179
20754
19260
17702
16086
14415
12698
10938
9141
7315
5465
3596
1715
-172
-2057
-3936
-5803
-7649
-9471
-11261
-13013
-14722
-16383
-17990
-19536
-21018
-22430
-23768
-25027
-26203
-27292
-28291
-29195
-30004
-30712
-31318
-31821
-32218
-32509
-32691
-32765
-32731
-32588
-32336
-31978
-31513
-30945
-30273
-29500
-28631
-27666
-26609
-25464
-24235
-22926
-21540
-20083
-18559
-16974
-15333
-13640
-11903
-10125
-8315
-6477
-4617
-2742
-858
1029
2913
4787
6645
8480
10288
12062
13796
15484
17121
18701
20218
21669
23048
24350
25572
26710
27757
28714
29575
30338
31001
31560
32015
32363
32605
32738
32763
32679
32486
32186
31780
31267
30652
29934
29117
28204
27197
26100
24916
23649
22305
20886
19398
17846
16234
14570
12856
11099
9306
7482
5634
3766
1886
-0
-1886
-3766
-5634
-7482
-9306
-11100
-12856
-14570
-16235
-17846
-19398
-20886
-22305
-23649
-24916
-26100
-27197
-28204
-29117
-29934
-30652
-31267
-31780
-32186
-32486
-32679
-32763
-32738
-32605
-32363
-32015
-31560
-31001
-30338
-29575
-28714
-27757
-26710
-25572
-24350
-23048
-21669
-20218
-18701
-17121
-15484
-13796
-12062
-10288
-8480
-6645
-4787
-2913
-1029
858
2742
4617
6477
8315
10125
11903
13640
15333
16974
18559
20083
21540
22926
24236
25464
26610
27666
28631
29500
30273
30945
31513
31978
32336
32588
32731
32765
32691
32509
32218
31821
31318
30712
30004
29195
28291
27292
26203
25027
23768
22430
21018
19536
17990
16383
14722
13013
11261
9471
7649
5803
3936
2057
171
-1715
-3596
-5465
-7315
-9141
-10938
-12698
-14415
-16086
-17702
-19260
-20754
-22180
-23530
-24804
-25996
-27101
-28116
-29038
-29864
-30590
-31216
-31738
-32154
-32464
-32666
-32759
-32745
-32621
-32390
-32051
-31605
-31056
-30402
-29648
-28797
-27848
-26808
-25679
-24465
-23170
-21798
-20353
-18842
-17266
-15635
-13952
-12222
-10451
-8646
-6812
-4957
-3084
-1201
686
2571
4447
6309
8149
9962
11743
13484
15181
16828
18418
19947
21411
22803
24119
25356
26509
27574
28547
29426
30206
30888
31466
31940
32308
32569
32722
32766
32702
32530
32249
31861
31368
30771
30072
29273
28377
27387
26306
25137
23886
22555
21149
19674
18133
16531
14876
13170
11422
9635
7816
5972
4106
2229
343
-1544
-3425
-5295
-7148
-8977
-10776
-12539
-14261
-15936
-17557
-19121
-20621
-22053
-23411
-24692
-25891
-27004
-28027
-28958
-29793
-30528
-31163
-31695
-32120
-32440
-32652
-32756
-32751
-32637
-32415
-32087
-31650
-31110
-30465
-29721
-28878
-27938
-26906
-25786
-24579
-23290
-21926
-20487
-18982
-17412
-15786
-14106
-12380
-10613
-8811
-6980
-5126
-3255
-1372
515
2399
4277
6140
7983
9799
11582
13328
15028
16680
18275
19811
21281
22679
24003
25247
26408
27481
28463
29350
30140
30830
31418
31901
32279
32550
32712
32767
32712
32550
32279
31901
31418
30830
30140
29350
28462
27481
26408
25247
24003
22679
21281
19811
18275
16680
15028
13328
11582
9799
7983
6140
4277
2399
515
-1372
-3255
-5126
-6980
-8811
-10613
-12380
-14107
-15786
-17412
-18982
-20488
-21926
-23290
-24579
-25786
-26907
-27938
-28878
-29721
-30465
-31110
-31650
-32087
-32415
-32637
-32751
-32756
-32652
-32440
-32120
-31695
-31163
-30528
-29793
-28958
-28027
-27004
-25891
-24692
-23411
-22053
-20621
-19121
-17557
-15936
-14261
-12539
-10775
-8977
-7148
-5295
-3425
-1544
343
2229
4107
5972
7816
9635
11422
13171
14876
16532
18133
19674
21149
22555
23886
25137
26306
27387
28377
29273
30072
30771
31368
31861
32250
32530
32702
32766
32722
32569
32308
31940
31466
30888
30206
29426
28547
27574
26509
25356
24119
22803
21411
19947
18417
16828
15181
13484
11743
9962
8149
6308
4447
2571
686
-1201
-3084
-4957
-6812
-8646
-10451
-12222
-13952
-15635
-17267
-18842
-20353
-21798
-23170
-24465
-25679
-26808
-27848
-28797
-29648
-30402
-31056
-31605
-32051
-32390
-32621
-32745
-32759
-32666
-32464
-32154
-31738
-31216
-30590
-29864
-29038
-28116
-27101
-25996
-24804
-23530
-22179
-20754
-19260
-17702
-16086
-14415
-12698
-10938
-9141
-7315
-5465
-3596
-1715
172
2057
3936
5803
7649
9471
11261
13013
14722
16383
17990
19536
21018
22430
23768
25027
26203
27292
28291
29195
30004
30712
31318
31821
32218
32509
32691
32765
32731
32588
32336
31978
31513
30945
30273
29500
28631
27666
26609
25464
24235
22926
21540
20083
18559
16974
15333
13640
11903
10125
8315
6477
4617
2742
858
-1029
-2913
-4787
-6645
-8480
-10288
-12062
-13796
-15484
-17121
-18701
-20218
-21669
-23048
-24351
-25572
-26710
-27757
-28714
-29575
-30338
-31001
-31560
-32015
-32363
-32605
-32738
-32763
-32679
-32486
-32186
-31780
-31267
-30652
-29934
-29117
-28204
-27197
-26100
-24916
-23649
-22305
-20886
-19398
-17846
-16234
-14570
-12856
-11099
-9306
-7482
-5634
-3766
-1886
0
1886
3766
5634
7482
9306
11100
12856
14570
16235
17847
19398
20886
22305
23649
24916
26100
27197
28204
29117
29934
30652
31267
31780
32186
32486
32679
32763
32738
32605
32363
32015
31560
31001
30338
29575
28714
27757
26710
25572
24350
23048
21669
20218
18701
17121
15484
13796
12062
10288
8480
6645
4787
2913
1029
-858
-2742
-4617
-6477
-8315
-10125
-11903
-13640
-15333
-16974
-18559
-20083
-21540
-22926
-24236
-25464
-26610
-27666
-28631
-29500
-30273
-30945
-31513
-31978
-32336
-32588
-32731
-32765
-32691
-32509
-32218
-31821
-31318
-30712
-30003
-29195
-28291
-27292
-26203
-25027
-23768
-22430
-21018
-19536
-17990
-16383
-14722
-13013
-11261
-9471
-7649
-5803
-3936
-2057
-171
1715
3596
5465
7315
9141
10938
12698
14415
16086
17702
19260
20754
22180
23530
24804
25996
27101
28116
29038
29864
30590
31216
31738
32154
32464
32666
32759
32745
32621
32390
32051
31605
31056
30402
29648
28797
27848
26808
25679
24465
23170
21798
20353
18842
17266
15635
13952
12222
10451
8646
6812
4957
3084
1201
-686
-2571
-4447
-6309
-8149
-9962
-11743
-13484
-15181
-16828
-18418
-19947
-21411
-22803
-24119
-25356
-26509
-27574
-28547
-29426
-30206
-30888
-31466
-31940
-32308
-32569
-32722
-32766
-32702
-32530
-32249
-31861
-31368
-30771
-30072
-29273
-28377
-27387
-26306
-25137
-23886
-22555
-21149
-19674
-18133
-16531
-14876
-13170
-11422
-9635
-7816
-5972
-4106
-2229
-343
1544
3425
5295
7148
8977
10776
12539
14261
15936
17557
19121
20621
22053
23411
24692
25891
27004
28027
28958
29793
30528
31163
31695
32120
32440
32652
32756
32751
32637
32415
32087
31650
31110
30465
29721
28878
27938
26906
25786
24579
23290
21925
20487
18982
17412
15786
14106
12380
10613
8811
6980
5126
3255
1372
-515
-2399
-4277
-6140
-7983
-9799
-11582
-13328
-15028
-16680
-18275
-19811
-21281
-22679
-24003
-25247
-26408
-27481
-28463
-29350
-30140
-30830
-31418
-31901
-32279
-32550
-32712
-32767
-32712
-32550
-32279
-31901
-31418
-30830
-30140
-29350
-28462
-27481
-26408
-25247
-24003
-22679
-21281
-19811
-18275
-16680
-15028
-13328
-11582
-9799
-7983
-6140
-4277
-2399
-515
1372
3255
5126
6980
8811
10613
12380
14107
15786
17412
18982
20488
21926
23290
24579
25786
26907
27938
28878
29721
30465
31110
31650
32087
32415
32637
32751
32756
32652
32440
32120
31695
31163
30528
29793
28958
28027
27004
25891
24692
23411
22053
20621
19121
17557
15936
14261
12539
10775
8977
7148
5295
3425
1544
-343
-2229
-4107
-5972
-7816
-9635
-11422
-13171
-14876
-16532
-18133
-19674
-21149
-22555
-23886
-25137
-26306
-27387
-28377
-29273
-30072
-30771
-31368
-31861
-32250
-32530
-32702
-32766
-32722
-32569
-32308
-31940
-31466
-30888
-30206
-29426
-28547
-27574
-26509
-25356
-24119
-22803
-21411
-19947
-18417
-16827
-15181
-13484
-11743
-9962
-8149
-6308
-4447
-2571
-686
1201
3084
4957
6812
8646
10451
12222
13952
15635
17267
18842
20353
21798
23170
24465
25679
26808
27848
28797
29648
30402
31056
31605
32051
32390
32621
32745
32759
32666
32464
32154
31738
31216
30590
29864
29038
28116
27101
25996
24804
23530
22179
20754
19260
17702
16086
14415
12698
10938
9141
7315
5465
3596
1715
-172
-2057
-3936
-5803
-7649
-9471
-11261
-13013
-14723
-16383
-17990
-19536
-21018
-22430
-23768
-25027
-26203
-27292
-28291
-29195
-30004
-30712
-31318
-31821
-32218
-32509
-32691
-32765
-32731
-32588
-32336
-31978
-31513
-30944
-30273
-29500
-28631
-27666
-26609
-25464
-24235
-22926
-21540
-20083
-18559
-16974
-15333
-13640
-11903
-10125
-8315
-6477
-4617
-2742
-858
1029
2913
4787
6645
8480
10288
12062
13796
15484
17121
18701
20218
21669
23048
24351
25572
26710
27757
28714
29575
30338
31001
31560
32015
32363
32605
32738
32763
32679
32486
32186
31780
31267
30651
29934
29117
28204
27197
26100
24916
23649
22305
20886
19398
17846
16234
14570
12856
11099
9306
7482
5634
3766
1886
-0
-1886
-3766
-5634
-7482
-9306
-11100
-12856
-14570
-16235
-17847
-19398
-20886
-22305
-23649
-24916
-26100
-27197
-28204
-29117
-29934
-30652
-31267
-31780
-32186
-32486
-32679
-32763
-32738
-32605
-32363
-32015
-31560
-31001
-30338
-29575
-28714
-27757
-26710
-25572
-24350
-23048
-21669
-20218
-18701
-17121
-15484
-13796
-12062
-10288
-8480
-6645
-4787
-2913
-1029
858
2742
4617
6477
8315
10125
11903
13640
15333
16974
18559
20083
21540
22926
24236
25464
26610
27666
28631
29500
30273
30945
31513
31978
32336
32588
32731
32765
32691
32509
32218
31821
31318
30712
30003
29195
28291
27292
26203
25027
23768
22430
21018
19536
17990
16383
14722
13013
11261
9471
7649
5803
3936
2057
171
-1715
-3596
-5465
-7315
-9142
-10938
-12698
-14416
-16086
-17702
-19260
-20754
-22180
-23530
-24804
-25996
-27101
-28116
-29038
-29864
-30590
-31216
-31738
-32154
-32464
-32666
-32759
-32745
-32621
-32390
-32051
-31605
-31056
-30402
-29648
-28797
-27848
-26808
-25679
-24465
-23170
-21798
-20353
-18842
-17266
-15635
-13952
-12221
-10451
-8646
-6812
-4957
-3084
-1201
686
2571
4447
6309
8149
9962
11743
13484
15181
16828
18418
19947
21411
22803
24119
25356
26509
27574
28547
29426
30206
30888
31466
31940
32308
32569
32722
32766
32702
32530
32249
31861
31368
30771
30072
29273
28377
27387
26306
25137
23886
22555
21149
19674
18133
16531
14876
13170
11422
9635
7816
5972
4106
2229
343
-1544
-3425
-5295
-7148
-8977
-10776
-12539
-14261
-15936
-17557
-19121
-20621
-22053
-23411
-24692
-25891
-27004
-28027
-28958
-29793
-30528
-31163
-31695
-32120
-32440
-32652
-32756
-32751
-32637
-32415
-32087
-31650
-31110
-30465
-29721
-28878
-27938
-26906
-25786
-24579
-23290
-21925
-20487
-18982
-17412
-15786
-14106
-12380
-10613
-8811
-6980
-5126
-3255
-1372
515
2399
4277
6140
7983
9799
11583
13328
15028
16680
18275
19811
21281
22679
24003
25247
26408
27481
28463
29350
30140
30830
31418
31901
32279
32550
32712
32767
32712
32550
32279
31901
31418
30830
30140
29350
28462
27480
26408
25247
24003
22679
21281
19811
18275
16680
15028
13328
11582
9799
7983
6140
4277
2399
514
-1372
-3255
-5126
-6980
-8811
-10613
-12380
-14107
-15786
-17412
-18982
-20488
-21926
-23290
-24579
-25786
-26907
-27938
-28878
-29721
-30465
-31110
-31650
-32087
-32415
-32637
-32751
-32756
-32652
-32440
-32120
-31695
-31163
-30528
-29793
-28958
-28027
-27004
-25891
-24692
-23411
-22053
-20621
-19121
-17557
-15936
-14261
-12539
-10775
-8977
-7148
-5295
-3425
-1544
343
2229
4107
5972
7816
9635
11422
13171
14876
16532
18133
19674
21149
22555
23886
25137
26306
27387
28377
29273
30072
30771
31368
31861
32250
32530
32702
32766
32722
32569
32308
31940
31465
30888
30206
29426
28547
27574
26509
25356
24119
22803
21411
19947
18417
16827
15181
13484
11743
9962
8149
6308
4447
2571
686
-1201
-3084
-4957
-6812
-8646
-10451
-12222
-13952
-15635
-17267
-18842
-20353
-21798
-23170
-24465
-25679
-26808
-27848
-28797
-29648
-30402
-31056
-31605
-32051
-32390
-32621
-32745
-32759
-32666
-32464
-32154
-31738
-31216
-30590
-29864
-29038
-28116
-27101
-25996
-24804
-23530
-22179
-20754
-19260
-17702
-16086
-14415
-12698
-10938
-9141
-7315
-5465
-3596
-1715
172
2057
3936
5803
7649
9471
11261
13013
14723
16383
17990
19536
21018
22430
23768
25027
26203
27292
28291
29195
30004
30712
31318
31821
32218
32509
32691
32765
32731
32588
32336
31978
31513
30944
30273
29500
28631
27666
26609
25464
24235
22926
21540
20083
18559
16974
15333
13640
11903
10125
8315
6477
4617
2742
858
-1029
-2913
-4787
-6645
-8480
-10288
-12062
-13796
-15484
-17121
-18701
-20218
-21669
-23048
-24351
-25572
-26710
-27757
-28714
-29575
-30338
-31001
-31560
-32015
-32363
-32605
-32738
-32763
-32679
-32486
-32186
-31780
-31267
-30651
-29934
-29117
-28204
-27197
-26100
-24916
-23649
-22305
-20886
-19398
-17846
-16234
-14570
-12856
-11099
-9306
-7482
-5634
-3766
-1886
0
1886
3766
5634
7482
9306
11100
12856
14570
16235
17847
19398
20886
22305
23650
24916
26100
27197
28204
29117
29934
30652
31267
31780
32186
32486
32679
32763
32738
32605
32363
32015
31560
31001
30338
29575
28714
27757
26710
25572
24350
23048
21669
20218
18701
17121
15484
13796
12062
10288
8480
6645
4787
2913
1029
-858
-2742
-4617
-6477
-8315
-10125
-11903
-13640
-15333
-16974
-18559
-20083
-21540
-22926
-24236
-25464
-26610
-27666
-28631
-29500
-30273
-30945
-31513
-31978
-32336
-32588
-32731
-32765
-32691
-32509
-32218
-31821
-31318
-30712
-30003
-29195
-28291
-27292
-26203
-25027
-23768
-22430
-21018
-19536
-17990
-16383
-14722
-13013
-11261
-9471
-7649
-5803
-3936
-2057
-171
1715
3596
5465
7315
9142
10938
12698
14416
16086
17702
19260
20754
22180
23530
24804
25996
27101
28116
29038
29864
30590
31216
31738
32154
32464
32666
32759
32745
32621
32390
32051
31605
31056
30402
29648
28796
27848
26808
25679
24465
23170
21798
20353
18842
17266
15635
13952
12221
10451
8646
6812
4957
3084
1201
-686
-2571
-4447
-6309
-8149
-9962
-11743
-13484
-15181
-16828
-18418
-19947
-21411
-22803
-24119
-25356
-26509
-27574
-28547
-29426
-30206
-30888
-31466
-31940
-32308
-32569
-32722
-32766
-32702
-32530
-32249
-31861
-31368
-30771
-30072
-29273
-28377
-27387
-26306
-25137
-23886
-22555
-21149
-19673
-18133
-16531
-14876
-13170
-11422
-9635
-7816
-5972
-4106
-2229
-343
1544
3425
5295
7148
8977
10776
12539
14261
15936
17557
19121
20621
22053
23411
24692
25891
27004
28027
28958
29793
30528
31163
31695
32120
32440
32652
32756
32751
32637
32415
32087
31650
31110
30465
29721
28878
27938
26906
25786
24579
23290
21925
20487
18982
17412
15786
14106
12380
10613
8811
6980
5126
3255
1372
-515
-2399
-4277
-6140
-7983
-9799
-11583
-13328
-15028
-16680
-18275
-19811
-21281
-22679
-24003
-25247
-26408
-27481
-28463
-29350
-30140
-30830
-31418
-31901
-32279
-32550
-32712
-32767
-32712
-32550
-32279
-31901
-31418
-30830
-30140
-29350
-28462
-27480
-26408
-25247
-24003
-22679
-21281
-19811
-18275
-16680
-15028
-13328
-11582
-9799
-7983
-6140
-4277
-2399
-514
1372
3255
5126
6980
8812
10613
12380
14107
15786
17412
18982
20488
21926
23290
24579
25786
26907
27938
28878
29721
30465
31110
31650
32087
32415
32637
32751
32756
32652
32440
32120
31694
31163
30528
29793
28958
28027
27004
25891
24692
23411
22053
20621
19121
17557
15936
14261
12539
10775
8977
7148
5295
3425
1544
-343
-2229
-4107
-5972
-7816
-9635
-11422
-13171
-14876
-16532
-18133
-19674
-21149
-22555
-23886
-25137
-26306
-27387
-28377
-29273
-30072
-30771
-31368
-31861
-32250
-32530
-32702
-32766
-32722
-32569
-32308
-31940
-31465
-30888
-30206
-29426
-28547
-27573
-26509
-25356
-24119
-22803
-21411
-19947
-18417
-16827
-15181
-13484
-11743
-9962
-8149
-6308
-4447
-2571
-686
1201
3084
4957
6812
8646
10451
12222
13952
15635
17267
18842
20353
21798
23170
24465
25679
26808
27848
28797
29648
30402
31056
31605
32051
32390
32621
32745
32759
32666
32464
32154
31738
31216
30590
29864
29038
28116
27101
25996
24804
23530
22179
20754
19260
17702
16086
14415
12698
10938
9141
7315
5465
3596
1715
-172
-2057
-3936
-5803
-7649
-9471
-11261
-13013
-14723
-16383
-17990
-19536
-21018
-22430
-23768
-25027
-26203
-27292
-28291
-29195
-30004
-30712
-31318
-31821
-32218
-32509
-32691
-32765
-32731
-32588
-32336
-31978
-31513
-30944
-30273
-29500
-28631
-27666
-26609
-25464
-24235
-22926
-21540
-20083
-18559
-16974
-15333
-13640
-11903
-10125
-8315
-6477
-4617
-2742
-858
1029
2913
4787
6645
8480
10288
12062
13796
15484
17121
18701
20218
21669
23048
24351
25572
26710
27757
28714
29575
30338
31001
31560
32015
32363
32605
32738
32763
32679
32486
32186
31780
31267
30651
29934
29117
28204
27197
26100
24916
23649
22305
20886
19398
17846
16234
14570
12856
11099
9306
7482
5634
3766
1886
-0
-1886
-3766
-5634
-7482
-9306
-11100
-12856
-14570
-16235
-17847
-19398
-20886
-22305
-23650
-24916
-26100
-27197
-28204
-29117
-29934
-30652
-31267
-31780
-32186
-32486
-32679
-32763
-32738
-32605
-32363
-32015
-31560
-31001
-30338
-29575
-28714
-27757
-26710
-25572
-24350
-23048
-21669
-20218
-18701
-17121
-15484
-13796
-12062
-10288
-8480
-6645
-4787
-2913
-1029
858
2742
4617
6477
8315
10125
11903
13640
15333
16975
18559
20083
21540
22926
24236
25464
26610
27666
28631
29500
30273
30945
31513
31978
32336
32588
32731
32765
32691
32509
32218
31821
31318
30712
30003
29195
28291
27292
26203
25027
23768
22430
21018
19536
17990
16383
14722
13013
11261
9471
7649
5803
3936
2057
171
-1715
-3596
-5465
-7315
-9142
-10938
-12698
-14416
-16086
-17702
-19260
-20754
-22180
-23530
-24804
-25996
-27101
-28116
-29038
-29864
-30590
-31216
-31738
-32154
-32464
-32666
-32759
-32745
-32621
-32390
-32051
-31605
-31056
-30402
-29648
-28796
-27848
-26808
-25679
-24465
-23170
-21798
-20353
-18842
-17266
-15635
-13952
-12221
-10451
-8646
-6812
-4956
-3084
-1201
686
2571
4447
6309
8149
9962
11743
13484
15181
16828
18418
19947
21411
22803
24119
25356
26509
27574
28547
29426
30206
30888
31466
31940
32308
32569
32722
32766
32702
32530
32249
31861
31368
30771
30072
29273
28377
27387
26306
25137
23886
22555
21149
19673
18133
16531
14876
13170
11422
9635
7816
5972
4106
2229
343
-1544
-3425
-5295
-7148
-8977
-10776
-12539
-14261
-15936
-17557
-19121
-20621
-22053
-23411
-24692
-25891
-27004
-28027
-28958
-29793
-30528
-31163
-31695
-32120
-32440
-32652
-32756
-32751
-32637
-32415
-32087
-31650
-31110
-30465
-29721
-28878
-27938
-26906
-25786
-24579
-23290
-21925
-20487
-18982
-17412
-15786
-14106
-12380
-10613
-8811
-6980
-5126
-3255
-1372
515
2399
4277
6140
7983
9799
11583
13328
15028
16680
18275
19811
21281
22679
24003
25247
26408
27481
28463
29350
30140
30830
31418
31901
32279
32550
32712
32767
32712
32550
32279
31901
31418
30830
30140
29350
28462
27480
26408
25247
24003
22679
21281
19811
18275
16680
15028
13328
11582
9799
7983
6140
4277
2399
514
-1372
-3255
-5126
-6980
-8812
-10613
-12380
-14107
-15786
-17412
-18982
-20488
-21926
-23290
-24579
-25786
-26907
-27938
-28878
-29721
-30465
-31110
-31650
-32087
-32415
-32637
-32751
-32756
-32652
-32440
-32120
-31694
-31163
-30528
-29793
-28958
-28027
-27004
-25891
-24692
-23411
-22053
-20621
-19121
-17557
-15936
-14261
-12539
-10775
-8977
-7148
-5295
-3425
-1544
343
2229
4107
5972
7816
9635
11422
13171
14876
16532
18133
19674
21149
22555
23887
25137
26306
27387
28377
29273
30072
30771
31368
31861
32250
32530
32702
32766
32722
32569
32308
31940
31465
30888
30206
29426
28547
27573
26509
25356
24119
22803
21411
19947
18417
16827
15181
13484
11743
9962
8149
6308
4447
2571
686
-1201
-3084
-4957
-6812
-8646
-10451
-12222
-13952
-15635
-17267
-18842
-20353
-21798
-23170
-24465
-25680
-26808
-27848
-28797
-29648
-30402
-31056
-31605
-32051
-32390
-32621
-32745
-32759
-32666
-32464
-32154
-31738
-31216
-30590
-29864
-29038
-28116
-27101
-25996
-24804
-23530
-22179
-20754
-19260
-17702
-16086
-14415
-12698
-10938
-9141
-7315
-5465
-3596
-1715
172
2057
3936
5803
7649
9471
11261
13013
14723
16383
17990
19536
21018
22430
23768
25027
26203
27292
28291
29195
30004
30712
31318
31821
32218
32509
32691
32765
32731
32588
32336
31978
31513
30944
30273
29500
28631
27666
26609
25464
24235
22926
21540
20083
18559
16974
15333
13640
11903
10125
8315
6477
4617
2742
857
-1029
-2913
-4787
-6645
-8480
-10288
-12062
-13796
-15484
-17121
-18701
-20218
-21669
-23048
-24351
-25572
-26710
-27757
-28714
-29575
-30338
-31001
-31560
-32015
-32363
-32605
-32738
-32763
-32679
-32486
-32186
-31780
-31267
-30651
-29934
-29117
-28204
-27197
-26100
-24916
-23649
-22305
-20886
-19398
-17846
-16234
-14570
-12856
-11099
-9306
-7482
-5634
-3766
-1886
0
1886
3766
5634
7482
9306
11100
12856
14570
16235
17847
19398
20886
22305
23650
24916
26100
27197
28204
29117
29934
30652
31267
31780
32186
32486
32679
32763
32738
32605
32363
32015
31560
31001
30338
29575
28714
27757
26710
25572
24350
23048
21669
20218
18701
17121
15484
13796
12062
10288
8480
6645
4787
2913
1029
-858
-2742
-4617
-6477
-8315
-10125
-11903
-13640
-15333
-16975
-18559
-20083
-21540
-22926
-24236
-25464
-26610
-27666
-28631
-29500
-30273
-30945
-31513
-31978
-32336
-32588
-32731
-32765
-32691
-32509
-32218
-31821
-31318
-30712
-30003
-29195
-28291
-27292
-26203
-25027
-23768
-22430
-21018
-19536
-17990
-16383
-14722
-13013
-11261
-9471
-7649
-5803
-3936
-2057
-171
1715
3596
5465
7315
9142
10938
12698
14416
16086
17702
19260
20754
22180
23530
24804
25996
27101
28116
29038
29864
30590
31216
31738
32154
32464
32666
32759
32745
32621
32390
32051
31605
31056
30402
29648
28796
27848
26808
25679
24465
23170
21798
20353
18842
17266
15635
13952
12221
10451
8646
6812
4956
3084
1201
-686
-2571
-4447
-6309
-8149
-9962
-11743
-13484
-15181
-16828
-18418
-19947
-21411
-22803
-24119
-25356
-26509
-27574
-28547
-29426
-30206
-30888
-31466
-31940
-32308
-32569
-32722
-32766
-32702
-32530
-32249
-31861
-31368
-30771
-30072
-29273
-28377
-27387
-26306
-25137
-23886
-22555
-21149
-19673
-18133
-16531
-14876
-13170
-11422
-9635
-7816
-5971
-4106
-2229
-343
1544
3425
5295
7148
8977
10776
12539
14261
15936
17557
19121
20621
22053
23411
24692
25891
27004
28027
28958
29793
30528
31163
31695
32120
32440
32652
32756
32751
32637
32415
32086
31650
31110
30465
29721
28878
27938
26906
25786
24579
23290
21925
20487
18982
17412
15786
14106
12380
10613
8811
6980
5126
3255
1372
-515
-2399
-4277
-6140
-7983
-9799
-11583
-13328
-15028
-16680
-18275
-19811
-21281
-22679
-24003
-25247
-26408
-27481
-28463
-29350
-30140
-30830
-31418
-31901
-32279
-32550
-32712
-32767
-32712
-32550
-32279
-31901
-31418
-30830
-30140
-29350
-28462
-27480
-26408
-25247
-24003
-22679
-21281
-19811
-18275
-16680
-15028
-13328
-11582
-9799
-7983
-6140
-4277
-2399
-514
1372
3255
5126
6980
8812
10614
12380
14107
15786
17412
18982
20488
21926
23290
24579
25786
26907
27938
28878
29721
30465
31110
31650
32087
32415
32637
32751
32756
32652
32440
32120
31694
31163
30528
29793
28958
28027
27004
25891
24692
23411
22053
20621
19121
17557
15936
14261
12539
10775
8977
7148
5295
3425
1544
-343
-2229
-4107
-5972
-7817
-9635
-11422
-13171
-14876
-16532
-18133
-19674
-21149
-22555
-23887
-25137
-26306
-27387
-28377
-29273
-30072
-30771
-31368
-31861
-32250
-32530
-32702
-32766
-32722
-32569
-32308
-31940
-31465
-30888
-30206
-29426
-28547
-27573
-26509
-25356
-24119
-22803
-21411
-19947
-18417
-16827
-15181
-13484
-11743
-9962
-8149
-6308
-4447
-2571
-686
1201
3084
4957
6812
8646
10451
12222
13952
15635
17267
18842
20353
21798
23170
24465
25680
26808
27848
28797
29648
30402
31056
31605
32051
32390
32621
32745
32759
32666
32464
32154
31738
31216
30590
29864
29038
28116
27101
25996
24804
23530
22179
20754
19260
17702
16086
14415
12698
10938
9141
7315
5465
3596
1715
-172
-2057
-3936
-5803
-7650
-9471
-11261
-13013
-14723
-16383
-17990
-19536
-21018
-22430
-23768
-25027
-26203
-27292
-28291
-29195
-30004
-30712
-31318
-31821
-32218
-32509
-32691
-32765
-32731
-32588
-32336
-31978
-31513
-30944
-30273
-29500
-28631
-27666
-26609
-25464
-24235
-22926
-21540
-20083
-18559
-16974
-15333
-13640
-11903
-10125
-8315
-6477
-4617
-2742
-857
1029
2913
4787
6645
8480
10288
12062
13796
15484
17121
18701
20218
21669
23048
24351
25572
26710
27757
28714
29575
30338
31001
31560
32015
32363
32605
32738
32763
32679
32486
32186
31780
31267
30651
29934
29117
28204
27197
26100
24916
23649
22305
20886
19398
17846
16234
14570
12856
11099
9306
7482
5634
3766
1886
-0
-1886
-3766
-5634
-7482
-9306
-11100
-12856
-14570
-16235
-17847
-19398
-20886
-22305
-23650
-24916
-26100
-27197
-28204
-29117
-29934
-30652
-31267
-31780
-32186
-32486
-32679
-32763
-32738
-32605
-32363
-32015
-31560
-31001
-30338
-29575
-28714
-27757
-26710
-25572
-24350
-23048
-21669
-20218
-18701
-17120
-15484
-13796
-12062
-10288
-8480
-6645
-4787
-2913
-1029
858
2742
4617
6477
8315
10125
11903
13640
15333
16975
18559
20083
21540
22926
24236
25464
26610
27666
28631
29500
30273
30945
31513
31978
32336
32588
32731
32765
32691
32509
32218
31821
31318
30712
30003
29195
28291
27292
26203
25027
23768
22430
21018
19536
17990
16383
14722
13013
11261
9471
7649
5803
3936
2057
171
-1715
-3596
-5465
-7315
-9142
-10938
-12698
-14416
-16086
-17702
-19260
-20754
-22180
-23530
-24804
-25996
-27101
-28116
-29038
-29864
-30590
-31216
-31738
-32154
-32464
-32666
-32759
-32745
-32621
-32390
-32051
-31605
-31056
-30402
-29648
-28796
-27848
-26808
-25679
-24465
-23170
-21798
-20353
-18842
-17266
-15635
-13952
-12221
-10451
-8646
-6812
-4956
-3084
-1201
686
2571
4447
6309
8149
9962
11743
13484
15181
16828
18418
19947
21411
22803
24120
25356
26509
27574
28547
29426
30206
30888
31466
31940
32308
32569
32722
32766
32702
32530
32249
31861
31368
30771
30072
29273
28377
27387
26306
25137
23886
22555
21149
19673
18133
16531
14876
13170
11422
9635
7816
5971
4106
2229
343
-1544
-3425
-5295
-7148
-8977
-10776
-12539
-14261
-15936
-17557
-19121
-20621
-22053
-23411
-24692
-25891
-27004
-28027
-28958
-29793
-30528
-31163
-31695
-32120
-32440
-32652
-32756
-32751
-32637
-32415
-32086
-31650
-31110
-30465
-29721
-28878
-27938
-26906
-25786
-24579
-23290
-21925
-20487
-18982
-17412
-15786
-14106
-12380
-10613
-8811
-6980
-5126
-3255
-1372
515
2399
4277
6140
7983
9799
11583
13328
15028
16680
18275
19811
21281
22679
24003
25247
26408
27481
28463
29350
30140
30830
31418
31901
32279
32550
32712
32767
32712
32550
32279
31901
31418
30830
30140
29350
28462
27480
26408
25247
24003
22679
21281
19811
18275
16680
15028
13328
11582
9799
7983
6140
4277
2399
514
-1372
-3255
-5126
-6980
-8812
-10614
-12380
-14107
-15786
-17412
-18982
-20488
-21926
-23290
-24579
-25786
-26907
-27938
-28878
-29721
-30465
-31110
-31650
-32087
-32415
-32637
-32751
-32756
-32652
-32440
-32120
-31694
-31163
-30528
-29793
-28958
-28027
-27004
-25891
-24692
-23411
-22053
-20621
-19121
-17557
-15936
-14261
-12539
-10775
-8977
-7148
-5295
-3425
-1544
343
2229
4107
5972
7817
9635
11422
13171
14876
16532
18133
19674
21149
22555
23887
25137
26306
27387
28377
29273
30072
30771
31368
31861
32250
32530
32702
32766
32722
32569
32308
31940
31465
30888
30206
29426
28547
27573
26509
25356
24119
22803
21411
19947
18417
16827
15181
13484
11743
9962
8149
6308
4447
2571
686
-1201
-3084
-4957
-6812
-8646
-10451
-12222
-13952
-15635
-17267
-18842
-20353
-21798
-23170
-24465
-25680
-26808
-27848
-28797
-29648
-30402
-31056
-31605
-32051
-32390
-32621
-32745
-32759
-32666
-32464
-32154
-31738
-31216
-30590
-29864
-29038
-28116
-27101
-25996
-24804
-23530
-22179
-20754
-19260
-17702
-16086
-14415
-12698
-10938
-9141
-7315
-5465
-3596
-1715
172
2057
3936
5803
7650
9471
11261
13013
14723
16383
17990
19536
21018
22430
23768
25027
26203
27292
28291
29195
30004
30712
31318
31821
32218
32509
32691
32765
32731
32588
32336
31978
31513
30944
30273
29500
28631
27666
26609
25464
24235
22926
21540
20083
18559
16974
15333
13640
11903
10125
8315
6477
4617
2742
857
-1029
-2913
-4787
-6645
-8480
-10288
-12062
-13796
-15484
-17121
-18701
-20218
-21669
-23048
-24351
-25572
-26710
-27757
-28714
-29575
-30338
-31001
-31560
-32015
-32363
-32605
-32738
-32763
-32679
-32486
-32186
-31780
-31267
-30651
-29934
-29117
-28204
-27197
-26100
-24916
-23649
-22305
-20886
-19398
-17846
-16234
-14570
-12856
-11099
-9306
-7482
-5634
-3766
-1886
0
1886
3766
5634
7482
9306
11100
12856
14570
16235
17847
19398
20886
22305
23650
24916
26100
27197
28204
29117
29934
30652
31267
31780
32186
32486
32679
32763
32738
32605
32363
32015
31560
31001
30338
29575
28714
27757
26709
25572
24350
23048
21669
20218
18701
17120
15484
13796
12062
10288
8480
6645
4787
2913
1029
-858
-2742
-4617
-6477
-8315
-10125
-11903
-13640
-15333
-16975
-18559
-20083
-21540
-22926
-24236
-25464
-26610
-27666
-28631
-29500
-30273
-30945
-31513
-31978
-32336
-32588
-32731
-32765
-32691
-32509
-32218
-31821
-31318
-30712
-30003
-29195
-28291
-27292
-26203
-25027
-23768
-22430
-21018
-19536
-17990
-16383
-14722
-13013
-11261
-9471
-7649
-5803
-3936
-2057
-171
1715
3596
5465
7315
9142
10938
12698
14416
16086
17702
19260
20754
22180
23530
24804
25996
27101
28116
29038
29864
30590
31216
31738
32154
32464
32666
32759
32745
32621
32390
32051
31605
31056
30402
29648
28796
27848
26808
25679
24465
23170
21798
20353
18841
17266
15635
13952
12221
10451
8646
6812
4956
3084
1201
-686
-2571
-4447
-6309
-8149
-9962
-11743
-13484
-15181
-16828
-18418
-19947
-21411
-22803
-24120
-25356
-26509
-27574
-28547
-29426
-30206
-30888
-31466
-31940
-32308
-32569
-32722
-32766
-32702
-32530
-32249
-31861
-31368
-30771
-30072
-29273
-28377
-27387
-26306
-25137
-23886
-22555
-21149
-19673
-18133
-16531
-14876
-13170
-11422
-9635
-7816
-5971
-4106
-2229
-343
1544
3425
5295
7148
8977
10776
12539
14261
15936
17557
19121
20621
22053
23411
24692
25891
27004
28027
28958
29793
30528
31163
31695
32120
32440
32652
32756
32751
32637
32415
32086
31650
31110
30465
29721
28878
27938
26906
25786
24579
23290
21925
20487
18982
17412
15786
14106
12380
10613
8811
6980
5126
3255
1372
-515
-2399
-4277
-6140
-7983
-9799
-11583
-13328
-15028
-16680
-18275
-19811
-21281
-22679
-24003
-25247
-26408
-27481
-28463
-29350
-30140
-30830
-31418
-31901
-32279
-32550
-32712
-32767
-32712
-32550
-32279
-31901
-31418
-30830
-30140
-29350
-28462
-27480
-26408
-25247
-24003
-22679
-21280
-19811
-18275
-16680
-15028
-13328
-11582
-9799
-7983
-6140
-4277
-2399
-514
1372
3255
5126
6981
8812
10614
12380
14107
15786
17412
18982
20488
21926
23290
24579
25786
26907
27938
28878
29721
30465
31110
31650
32087
32415
32637
32751
32756
32652
32440
32120
31694
31163
30528
29793
28958
28027
27004
25891
24692
23411
22053
20620
19121
17557
15936
14261
12539
10775
8977
7148
5295
3425
1544
-343
-2229
-4107
-5972
-7817
-9635
-11422
-13171
-14876
-16532
-18133
-19674
-21149
-22555
-23887
-25137
-26306
-27387
-28377
-29273
-30072
-30771
-31368
-31861
-32250
-32530
-32702
-32766
-32722
-32569
-32308
-31940
-31465
-30888
-30206
-29426
-28547
-27573
-26509
-25356
-24119
-22803
-21411
-19947
-18417
-16827
-15181
-13484
-11743
-9962
-8149
-6308
-4447
-2571
-686
1201
3084
4957
6812
8646
10451
12222
13952
15635
17267
18842
20353
21798
23170
24465
25680
26808
27848
28797
29648
30402
31056
31605
32051
32390
32621
32745
32759
32666
32464
32154
31738
31216
30590
29864
29038
28116
27101
25996
24804
23530
22179
20754
19260
17702
16086
14415
12698
10938
9141
7315
5465
3596
1715
-172
-2057
-3936
-5803
-7650
-9471
-11261
-13013
-14723
-16383
-17990
-19536
-21018
-22430
-23768
-25027
-26203
-27292
-28291
-29195
-30004
-30712
-31318
-31821
-32218
-32509
-32691
-32765
-32731
-32588
-32336
-31978
-31513
-30944
-30273
-29500
-28631
-27666
-26609
-25464
-24235
-22926
-21540
-20083
-18559
-16974
-15333
-13640
-11903
-10125
-8315
-6477
-4617
-2742
-857
1029
2913
4787
6645
8480
10288
12062
13796
15484
17121
18701
20218
21669
23048
24351
25572
26710
27757
28714
29575
30338
31001
31560
32015
32363
32605
32738
32763
32679
32486
32186
31780
31267
30651
29934
29117
28204
27197
26100
24916
23649
22305
20886
19398
17846
16234
14570
12856
11099
9306
7482
5634
3766
1886
-0
-1886
-3766
-5634
-7482
-9306
-11100
-12856
-14570
-16235
-17847
-19398
-20886
-22305
-23650
-24916
-26100
-27197
-28204
-29117
-29934
-30652
-31267
-31780
-32186
-32486
-32679
-32763
-32738
-32605
-32363
-32015
-31560
-31001
-30338
-29575
-28714
-27757
-26709
-25572
-24350
-23048
-21669
-20218
-18701
-17120
-15484
-13796
-12062
-10288
-8480
-6645
-4787
-2913
-1029
858
2742
4617
6477
8315
10125
11903
13640
15333
16975
18559
20083
21540
22926
24236
25464
26610
27666
28631
29500
30273
30945
31513
31978
32336
32588
32731
32765
32691
32509
32218
31821
31318
30712
30003
29195
28291
27292
26203
25027
23768
22430
21018
19536
17990
16383
14722
13013
11261
9471
7649
5802
3936
2057
171
-1715
-3596
-5465
-7315
-9142
-10938
-12698
-14416
-16086
-17702
-19260
-20754
-22180
-23531
-24804
-25996
-27101
-28116
-29038
-29864
-30590
-31216
-31738
-32154
-32464
-32666
-32759
-32745
-32621
-32390
-32051
-31605
-31056
-30402
-29648
-28796
-27848
-26808
-25679
-24465
-23170
-21798
-20353
-18841
-17266
-15635
-13952
-12221
-10451
-8646
-6812
-4956
-3084
-1200
686
2571
4447
6309
8149
9962
11743
13484
15181
16828
18418
19947
21411
22803
24120
25356
26509
27574
28547
29426
30206
30888
31466
31940
32308
32569
32722
32766
32702
32530
32249
31861
31368
30771
30072
29273
28377
27387
26306
25137
23886
22555
21149
19673
18133
16531
14876
13170
11422
9635
7816
5971
4106
2229
343
-1544
-3425
-5295
-7148
-8977
-10776
-12539
-14261
-15936
-17557
-19121
-20621
-22053
-23411
-24692
-25891
-27004
-28027
-28958
-29793
-30528
-31163
-31695
-32120
-32440
-32652
-32756
-32751
-32637
-32415
-32086
-31650
-31110
-30465
-29721
-28878
-27938
-26906
-25786
-24579
-23290
-21925
-20487
-18982
-17412
-15786
-14106
-12380
-10613
-8811
-6980
-5126
-3255
-1372
515
2399
4277
6140
7983
9799
11583
13328
15028
16680
18275
19811
21281
22679
24003
25247
26408
27481
28463
29350
30140
30830
31418
31901
32279
32550
32712
32767
32712
32550
32279
31901
31418
30830
30140
29350
28462
27480
26408
25247
24003
22679
21280
19811
18275
16680
15028
13328
11582
9799
7983
6140
4277
2399
514
-1372
-3255
-5126
-6981
-8812
-10614
-12380
-14107
-15786
-17412
-18982
-20488
-21926
-23290
-24579
-25786
-26907
-27938
-28878
-29721
-30465
-31110
-31650
-32087
-32415
-32637
-32751
-32756
-32652
-32440
-32120
-31694
-31163
-30528
-29793
-28958
-28027
-27004
-25891
-24692
-23411
-22053
-20620
-19121
-17557
-15936
-14261
-12539
-10775
-8977
-7147
-5295
-3425
-1544
343
2229
4107
5972
7817
9635
11422
13171
14876
16532
18133
19674
21150
22555
23887
25137
26306
27387
28377
29273
30072
30771
31368
31861
32250
32530
32702
32766
32722
32569
32308
31940
31465
30888
30206
29426
28547
27573
26509
25356
24119
22803
21411
19947
18417
16827
15181
13484
11743
9962
8149
6308
4447
2571
686
-1201
-3084
-4957
-6812
-8646
-10451
-12222
-13952
-15635
-17267
-18842
-20353
-21798
-23170
-24465
-25680
-26808
-27848
-28797
-29648
-30402
-31056
-31605
-32051
-32390
-32621
-32745
-32759
-32666
-32464
-32154
-31738
-31216
-30590
-29864
-29038
-28116
-27101
-25996
-24804
-23530
-22179
-20754
-19260
-17702
-16086
-14415
-12698
-10938
-9141
-7315
-5465
-3596
-1715
172
2057
3936
5803
7650
9471
11261
13013
14723
16383
17990
19536
21018
22430
23768
25027
26203
27292
28291
29195
30004
30712
31318
31821
32218
32509
32691
32765
32731
32588
32336
31978
31513
30944
30273
29500
28631
27666
26609
25464
24235
22926
21540
20083
18559
16974
15333
13640
11903
10125
8315
6477
4617
2742
857
-1029
-2913
-4787
-6645
-8480
-10288
-12062
-13796
-15484
-17121
-18701
-20218
-21669
-23048
-24351
-25572
-26710
-27757
-28714
-29575
-30338
-31001
-31560
-32015
-32363
-32605
-32738
-32763
-32679
-32486
-32186
-31780
-31267
-30651
-29934
-29117
-28204
-27197
-26099
-24916
-23649
-22305
-20886
-19398
-17846
-16234
-14570
-12856
-11099
-9306
-7482
-5634
-3766
-1886
0
1886
3766
5634
7482
9306
11100
12856
14570
16235
17847
19398
20886
22305
23650
24916
26100
27197
28204
29117
29934
30652
31267
31780
32186
32486
32679
32763
32738
32605
32363
32015
31560
31001
30338
29575
28714
27757
26709
25572
24350
23048
21669
20218
18701
17120
15484
13796
12062
10288
8480
6645
4787
2913
1029
-858
-2742
-4617
-6477
-8315
-10125
-11903
-13640
-15333
-16975
-18559
-20083
-21540
-22926
-24236
-25464
-26610
-27666
-28631
-29500
-30273
-30945
-31513
-31978
-32336
-32588
-32731
-32765
-32691
-32508
-32218
-31821
-31318
-30712
-30003
-29195
-28291
-27292
-26203
-25027
-23768
-22430
-21018
-19536
-17990
-16383
-14722
-13013
-11261
-9471
-7649
-5802
-3936
-2057
-171
1715
3596
5465
7315
9142
10938
12698
14416
16086
17702
19260
20754
22180
23531
24804
25996
27101
28116
29038
29864
30590
31216
31738
32154
32464
32666
32759
32745
32621
32390
32051
31605
31056
30402
29648
28796
27848
26808
25679
24465
23170
21797
20353
18841
17266
15635
13952
12221
10451
8646
6812
4956
3084
1200
-686
-2571
-4447
-6309
-8149
-9962
-11743
-13484
-15181
-16828
-18418
-19947
-21411
-22803
-24120
-25356
-26509
-27574
-28547
-29426
-30207
-30888
-31466
-31940
-32308
-32569
-32722
-32766
-32702
-32530
-32249
-31861
-31368
-30771
-30072
-29273
-28377
-27387
-26306
-25137
-23886
-22555
-21149
-19673
-18133
-16531
-14876
-13170
-11422
-9635
-7816
-5971
-4106
-2229
-343
1544
3425
5295
7148
8977
10776
12539
14261
15936
17557
19121
20621
22053
23411
24692
25891
27004
28027
28958
29793
30528
31163
31695
32120
32440
32652
32756
32751
32637
32415
32086
31650
31110
30465
29721
28878
27938
26906
25786
24579
23290
21925
20487
18982
17412
15786
14106
12380
10613
8811
6980
5126
3255
1372
-515
-2399
-4277
-6140
-7983
-9799
-11583
-13328
-15028
-16680
-18275
-19811
-21281
-22679
-24003
-25247
-26408
-27481
-28463
-29350
-30140
-30830
-31418
-31901
-32279
-32550
-32712
-32767
-32712
-32550
-32279
-31901
-31418
-30830
-30140
-29350
-28462
-27480
-26408
-25247
-24003
-22679
-21280
-19811
-18275
-16680
-15028
-13328
-11582
-9799
-7983
-6140
-4277
-2399
-514
1372
3255
5126
6981
8812
10614
12380
14107
15786
17412
18982
20488
21926
23290
24579
25786
26907
27938
28878
29721
30466
31110
31650
32087
32415
32637
32751
32756
32652
32440
32120
31694
31163
30528
29793
28958
28027
27004
25891
24692
23411
22053
20620
19121
17557
15936
14261
12539
10775
8977
7147
5295
3425
1544
-343
-2229
-4107
-5972
-7817
-9635
-11422
-13171
-14876
-16532
-18133
-19674
-21150
-22555
-23887
-25137
-26306
-27387
-28377
-29273
-30072
-30771
-31368
-31861
-32250
-32530
-32702
-32766
-32722
-32569
-32308
-31940
-31465
-30888
-30206
-29426
-28547
-27573
-26509
-25356
-24119
-22803
-21411
-19947
-18417
-16827
-15181
-13484
-11743
-9962
-8149
-6308
-4447
-2571
-686
1201
3084
4957
6812
8646
10451
12222
13952
15635
17267
18842
20353
21798
23170
24465
25680
26808
27848
28797
29648
30402
31056
31605
32051
32390
32621
32745
32759
32666
32464
32154
31738
31216
30590
29864
29038
28116
27101
25996
24804
23530
22179
20754
19260
17702
16086
14415
12698
10938
9141
7315
5465
3596
1715
-172
-2057
-3936
-5803
-7650
-9471
-11261
-13013
-14723
-16383
-17990
-19536
-21018
-22430
-23768
-25027
-26203
-27292
-28291
-29195
-30004
-30712
-31318
-31821
-32218
-32509
-32691
-32765
-32731
-32588
-32336
-31978
-31513
-30944
-30273
-29500
-28631
-27666
-26609
-25464
-24235
-22926
-21540
-20083
-18559
-16974
-15333
-13640
-11903
-10125
-8315
-6477
-4617
-2741
-857
1029
2913
4787
6645
8480
10288
12062
13796
15484
17121
18701
20218
21669
23048
24351
25572
26710
27757
28714
29575
30338
31001
31560
32015
32363
32605
32738
32763
32679
32486
32186
31780
31267
30651
29934
29117
28204
27197
26099
24916
23649
22305
20886
19398
17846
16234
14570
12856
11099
9306
7482
5634
3766
1886
-0
-1887
-3766
-5634
-7482
-9306
-11100
-12856
-14570
-16235
-17847
-19398
-20886
-22305
-23650
-24916
-26100
-27197
-28204
-29117
-29934
-30652
-31267
-31780
-32186
-32486
-32679
-32763
-32738
-32605
-32363
-32015
-31560
-31001
-30338
-29575
-28714
-27757
-26709
-25572
-24350
-23048
-21669
-20218
-18701
-17120
-15484
-13796
-12062
-10288
-8480
-6645
-4787
-2913
-1029
858
2742
4617
6477
8315
10125
11903
13640
15333
16975
18559
20083
21540
22926
24236
25465
26610
27666
28631
29500
30273
30945
31513
31978
32336
32588
32731
32765
32691
32508
32218
31821
31318
30712
30003
29195
28291
27292
26203
25027
23768
22430
21018
19536
17990
16383
14722
13013
11261
9471
7649
5802
3936
2057
171
-1715
-3596
-5465
-7315
-9142
-10938
-12698
-14416
-16086
-17702
-19260
-20754
-22180
-23531
-24804
-25996
-27101
-28116
-29038
-29864
-30590
-31216
-31738
-32154
-32464
-32666
-32759
-32745
-32621
-32390
-32051
-31605
-31056
-30402
-29648
-28796
-27848
-26808
-25679
-24465
-23170
-21797
-20353
-18841
-17266
-15635
-13952
-12221
-10451
-8646
-6812
-4956
-3084
-1200
686
2571
4447
6309
8149
9962
11743
13484
15181
16828
18418
19947
21411
22803
24120
25356
26509
27574
28547
29426
30207
30888
31466
31940
32308
32569
32722
32766
32702
32530
32249
31861
31368
30771
30072
29273
28377
27387
26306
25137
23886
22555
21149
19673
18133
16531
14876
13170
11422
9635
7816
5971
4106
2228
343
-1544
-3426
-5295
-7148
-8977
-10776
-12539
-14261
-15936
-17557
-19121
-20621
-22053
-23411
-24692
-25891
-27004
-28027
-28958
-29793
-30528
-31163
-31695
-32120
-32440
-32652
-32756
-32751
-32637
-32415
-32086
-31650
-31110
-30465
-29721
-28878
-27938
-26906
-25786
-24579
-23290
-21925
-20487
-18982
-17412
-15786
-14106
-12380
-10613
-8811
-6980
-5126
-3254
-1372
515
2400
4277
6140
7983
9799
11583
13328
15028
16680
18275
19811
21281
22679
24003
25247
26408
27481
28463
29350
30140
30830
31418
31901
32279
32550
32712
32767
32712
32550
32279
31901
31418
30830
30140
29350
28462
27480
26408
25247
24003
22679
21280
19811
18275
16680
15028
13328
11582
9799
7983
6140
4276
2399
514
-1372
-3255
-5126
-6981
-8812
-10614
-12380
-14107
-15786
-17412
-18982
-20488
-21926
-23290
-24579
-25786
-26907
-27938
-28878
-29721
-30466
-31110
-31650
-32087
-32415
-32637
-32751
-32756
-32652
-32440
-32120
-31694
-31163
-30528
-29793
-28958
-28027
-27004
-25891
-24692
-23411
-22053
-20620
-19121
-17557
-15936
-14261
-12539
-10775
-8977
-7147
-5295
-3425
-1544
343
2229
4107
5972
7817
9635
11422
13171
14876
16532
18133
19674
21150
22555
23887
25137
26306
27387
28377
29273
30072
30771
31368
31861
32250
32530
32702
32766
32722
32569
32308
31940
31465
30888
30206
29426
28547
27573
26509
25356
24119
22803
21411
19947
18417
16827
15181
13484
11743
9962
8149
6308
4447
2571
686
-1201
-3084
-4957
-6812
-8646
-10451
-12222
-13952
-15635
-17267
-18842
-20353
-21798
-23170
-24465
-25680
-26809
-27848
-28797
-29648
-30402
-31056
-31605
-32051
-32390
-32621
-32745
-32759
-32666
-32464
-32154
-31738
-31216
-30590
-29864
-29038
-28116
-27101
-25996
-24804
-23530
-22179
-20754
-19260
-17702
-16086
-14415
-12698
-10937
-9141
-7315
-5465
-3596
-1715
172
2057
3937
5803
7650
9471
11261
13013
14723
16383
17990
19536
21018
22430
23768
25027
26203
27292
28291
29195
30004
30712
31318
31821
32218
32509
32691
32765
32731
32588
32336
31978
31513
30944
30273
29500
28631
27666
26609
25464
24235
22926
21540
20083
18559
16974
15333
13640
11903
10125
8315
6477
4617
2741
857
-1029
-2913
-4787
-6645
-8481
-10288
-12062
-13796
-15484
-17121
-18701
-20218
-21669
-23048
-24351
-25572
-26710
-27757
-28714
-29575
-30338
-31001
-31560
-32015
-32363
-32605
-32738
-32763
-32679
-32486
-32186
-31780
-31267
-30651
-29934
-29117
-28204
-27197
-26099
-24916
-23649
-22305
-20886
-19398
-17846
-16234
-14570
-12856
-11099
-9306
-7482
-5634
-3766
-1886
0
1887
3766
5634
7482
9306
11100
12856
14570
16235
17847
19398
20886
22305
23650
24916
26100
27197
28204
29117
29934
30652
31267
31780
32186
32486
32679
32763
32738
32605
32363
32015
31560
31001
30338
29575
28714
27757
26709
25572
24350
23048
21669
20218
18701
17120
15484
13796
12062
10288
8480
6645
4787
2913
1029
-858
-2742
-4617
-6477
-8315
-10125
-11903
-13640
-15333
-16975
-18559
-20083
-21540
-22926
-24236
-25465
-26610
-27666
-28631
-29500
-30273
-30945
-31513
-31978
-32336
-32588
-32731
-32765
-32691
-32508
-32218
-31821
-31318
-30712
-30003
-29195
-28291
-27292
-26203
-25027
-23768
-22430
-21018
-19536
-17990
-16383
-14722
-13013
-11261
-9471
-7649
-5802
-3936
-2057
-171
1715
3596
5465
7315
9142
10938
12698
14416
16086
17702
19260
20754
22180
23531
24804
25996
27101
28116
29038
29864
30590
31216
31738
32154
32464
32666
32759
32745
32621
32390
32051
31605
31056
30402
29648
28796
27848
26808
25679
24465
23170
21797
20353
18841
17266
15635
13952
12221
10451
8646
6812
4956
3084
1200
-686
-2571
-4447
-6309
-8149
-9962
-11743
-13484
-15181
-16828
-18418
-19947
-21411
-22803
-24120
-25356
-26509
-27574
-28547
-29426
-30207
-30888
-31466
-31940
-32308
-32569
-32722
-32766
-32702
-32530
-32249
-31861
-31368
-30771
-30072
-29273
-28377
-27387
-26306
-25137
-23886
-22555
-21149
-19673
-18133
-16531
-14876
-13170
-11422
-9635
-7816
-5971
-4106
-2228
-343
1544
3426
5295
7148
8977
10776
12539
14261
15936
17557
19121
20621
22053
23411
24692
25891
27004
28027
28958
29793
30528
31163
31695
32120
32440
32652
32756
32751
32637
32415
32086
31650
31110
30465
29721
28878
27938
26906
25786
24579
23290
21925
20487
18982
17412
15786
14106
12380
10613
8811
6980
5126
3254
1372
-515
-2400
-4277
-6140
-7983
-9799
-11583
-13328
-15028
-16680
-18275
-19811
-21281
-22679
-24003
-25247
-26408
-27481
-28463
-29350
-30140
-30830
-31418
-31901
-32279
-32550
-32712
-32767
-32712
-32550
-32279
-31901
-31418
-30830
-30140
-29350
-28462
-27480
-26408
-25247
-24003
-22679
-21280
-19811
-18275
-16680
-15028
-13328
-11582
-9799
-7983
-6140
-4276
-2399
-514
1372
3255
5126
6981
8812
10614
12380
14107
15786
17412
18982
20488
21926
23290
24579
25786
26907
27938
28878
29721
30466
31110
31650
32087
32415
32637
32751
32756
32652
32440
32120
31694
31163
30528
29793
28958
28027
27004
25891
24692
23411
22053
20620
19121
17557
15936
14261
12539
10775
8977
7147
5295
3425
1543
-343
-2229
-4107
-5972
-7817
-9635
-11422
-13171
-14876
-16532
-18133
-19674
-21150
-22555
-23887
-25137
-26306
-27387
-28377
-29273
-30072
-30771
-31368
-31861
-32250
-32530
-32702
-32766
-32722
-32569
-32308
-31940
-31465
-30888
-30206
-29426
-28547
-27573
-26509
-25356
-24119
-22803
-21411
-19947
-18417
-16827
-15181
-13484
-11743
-9962
-8149
-6308
-4447
-2571
-686
1201
3084
4957
6812
8646
10451
12222
13952
15635
17267
18842
20353
21798
23170
24465
25680
26809
27848
28797
29648
30402
31056
31605
32051
32390
32621
32745
32759
32666
32464
32154
31738
31216
30590
29864
29038
28116
27101
25996
24804
23530
22179
20754
19260
17702
16085
14415
12698
10937
9141
7315
5465
3596
1715
-172
-2057
-3937
-5803
-7650
-9471
-11261
-13013
-14723
-16383
-17990
-19536
-21018
-22431
-23768
-25027
-26203
-27292
-28291
-29195
-30004
-30712
-31318
-31821
-32218
-32509
-32691
-32765
-32731
-32588
-32336
-31978
-31513
-30944
-30273
-29500
-28631
-27666
-26609
-25464
-24235
-22926
-21540
-20083
-18559
-16974
-15333
-13640
-11903
-10125
-8315
-6477
-4617
-2741
-857
1029
2913
4787
6645
8481
10288
12062
13796
15484
17121
18701
20218
21669
23048
24351
25572
26710
27757
28714
29575
30338
31001
31560
32015
32363
32605
32738
32763
32679
32486
32186
31780
31267
30651
29934
29117
28204
27197
26099
24916
23649
22305
20886
19398
17846
16234
14570
12856
11099
9306
7482
5633
3766
1886
-0
-1887
-3766
-5634
-7482
-9306
-11100
-12856
-14570
-16235
-17847
-19398
-20886
-22305
-23650
-24916
-26100
-27197
-28204
-29117
-29934
-30652
-31267
-31780
-32186
-32486
-32679
-32763
-32738
-32605
-32363
-32015
-31560
-31001
-30338
-29575
-28714
-27757
-26709
-25572
-24350
-23048
-21669
-20218
-18701
-17120
-15484
-13796
-12062
-10288
-8480
-6645
-4787
-2913
-1029
858
2742
4617
6477
8315
10125
11903
13640
15333
16975
18559
20083
21540
22926
24236
25465
26610
27666
28631
29500
30273
30945
31513
31978
32336
32588
32731
32765
32691
32508
32218
31821
31318
30712
30003
29195
28291
27292
26203
25027
23768
22430
21018
19536
17990
16383
14722
13013
11261
9471
7649
5802
3936
2057
171
-1715
-3596
-5465
-7315
-9142
-10938
-12698
-14416
-16086
-17702
-19260
-20754
-22180
-23531
-24804
-25996
-27101
-28116
-29038
-29864
-30590
-31216
-31738
-32154
-32464
-32666
-32759
-32745
-32621
-32390
-32051
-31605
-31056
-30402
-29648
-28796
-27848
-26808
-25679
-24465
-23170
-21797
-20353
-18841
-17266
-15635
-13952
-12221
-10451
-8646
-6812
-4956
-3084
-1200
686
2571
4447
6309
8149
9962
11743
13484
15181
16828
18418
19947
21411
22803
24120
25356
26509
27574
28547
29426
30207
30888
31466
31940
32308
32569
32722
32766
32702
32530
32249
31861
31368
30771
30072
29273
28377
27387
26306
25137
23886
22555
21149
19673
18133
16531
14876
13170
11422
9635
7816
5971
4106
2228
343
-1544
-3426
-5295
-7148
-8977
-10776
-12539
-14261
-15936
-17557
-19121
-20621
-22053
-23411
-24692
-25891
-27004
-28027
-28958
-29793
-30528
-31163
-31695
-32120
-32440
-32652
-32756
-32751
-32637
-32415
-32086
-31650
-31110
-30465
-29721
-28878
-27938
-26906
-25786
-24579
-23290
-21925
-20487
-18982
-17412
-15786
-14106
-12380
-10613
-8811
-6980
-5126
-3254
-1372
515
2400
4277
6140
7983
9799
11583
13328
15028
16680
18275
19811
21281
22679
24003
25247
26408
27481
28463
29350
30140
30830
31418
31901
32279
32550
32712
32767
32712
32550
32279
31901
31418
30830
30140
29350
28462
27480
26408
25247
24003
22679
21280
19811
18275
16680
15028
13328
11582
9799
7983
6140
4276
2399
514
-1372
-3255
-5126
-6981
-8812
-10614
-12380
-14107
-15786
-17412
-18982
-20488
-21926
-23290
-24579
-25786
-26907
-27938
-28878
-29721
-30466
-31110
-31650
-32087
-32415
-32637
-32751
-32756
-32652
-32440
-32120
-31694
-31163
-30528
-29793
-28958
-28027
-27004
-25891
-24692
-23410
-22053
-20620
-19121
-17557
-15936
-14261
-12539
-10775
-8977
-7147
-5295
-3425
-1543
343
2229
4107
5972
7817
9635
11422
13171
14876
16532
18133
19674
21150
22555
23887
25137
26306
27387
28377
29273
30072
30771
31368
31861
32250
32530
32702
32766
32722
32569
32308
31940
31465
30888
30206
29426
28547
27573
26509
25356
24119
22803
21411
19947
18417
16827
15181
13484
11743
9962
8149
6308
4447
2571
686
-1201
-3084
-4957
-6812
-8646
-10451
-12222
-13952
-15635
-17267
-18842
-20353
-21798
-23170
-24465
-25680
-26809
-27848
-28797
-29648
-30402
-31056
-31605
-32051
-32390
-32621
-32745
-32759
-32666
-32464
-32154
-31738
-31216
-30590
-29864
-29038
-28116
-27101
-25996
-24804
-23530
-22179
-20754
-19260
-17702
-16085
-14415
-12698
-10937
-9141
-7315
-5465
-3596
-1715
172
2057
3937
5803
7650
9471
11261
13013
14723
16383
17990
19536
21018
22431
23768
25027
26203
27292
28291
29195
30004
30712
31318
31821
32218
32509
32691
32765
32731
32588
32336
31978
31513
30944
30273
29500
28631
27666
26609
25464
24235
22926
21540
20083
18559
16974
15333
13640
11903
10125
8315
6477
4617
2741
857
-1029
-2913
-4787
-6645
-8481
-10288
-12062
-13796
-15484
-17121
-18701
-20218
-21669
-23048
-24351
-25572
-26710
-27757
-28714
-29575
-30338
-31001
-31560
-32015
-32363
-32605
-32738
-32763
-32679
-32486
-32186
-31780
-31267
-30651
-29934
-29117
-28204
-27197
-26099
-24916
-23649
-22305
-20886
-19398
-17846
-16234
-14570
-12856
-11099
-9306
-7482
-5633
-3766
-1886
0
1887
3766
5634
7482
9306
11100
12856
14570
16235
17847
19398
20886
22305
23650
24916
26100
27197
28204
29117
29934
30652
31267
31780
32186
32486
32679
32763
32738
32605
32363
32015
31560
31001
30338
29575
28714
27757
26709
25572
24350
23048
21669
20218
18701
17120
15484
13796
12062
10288
8480
6645
4787
2913
1029
-858
-2742
-4617
-6477
-8315
-10125
-11903
-13640
-15333
-16975
-18559
-20083
-21540
-22926
-24236
-25465
-26610
-27666
-28631
-29500
-30273
-30945
-31513
-31978
-32336
-32588
-32731
-32765
-32691
-32508
-32218
-31821
-31318
-30712
-30003
-29195
-28291
-27292
-26203
-25027
-23768
-22430
-21018
-19536
-17990
-16383
-14722
-13013
-11261
-9471
-7649
-5802
-3936
-2057
-171
1715
3596
5465
7315
9142
10938
12698
14416
16086
17702
19260
20754
22180
23531
24804
25996
27101
28116
29038
29864
30590
31216
31738
32154
32464
32666
32759
32745
32621
32390
32051
31605
31056
30402
29648
28796
27848
26808
25679
24465
23170
21797
20353
18841
17266
15635
13952
12221
10451
8646
6812
4956
3084
1200
-686
-2571
-4447
-6309
-8149
-9962
-11743
-13484
-15181
-16828
-18418
-19947
-21411
-22803
-24120
-25356
-26509
-27574
-28547
-29426
-30207
-30888
-31466
-31940
-32308
-32569
-32722
-32766
-32702
-32530
-32249
-31861
-31368
-30771
-30072
-29273
-28377
-27387
-26306
-25137
-23886
-22555
-21149
-19673
-18133
-16531
-14876
-13170
-11422
-9635
-7816
-5971
-4106
-2228
-343
1544
3426
5295
7148
8977
10776
12539
14261
15936
17557
19121
20621
22053
23411
24692
25891
27004
28027
28958
29793
30528
31163
31695
32120
32440
32652
32756
32751
32637
32415
32086
31650
31110
30465
29721
28878
27938
26906
25786
24579
23290
21925
20487
18982
17412
15786
14106
12380
10613
8811
6980
5126
3254
1372
-515
-2400
-4277
-6140
-7983
-9799
-11583
-13328
-15028
-16680
-18275
-19811
-21281
-22679
-24003
-25247
-26408
-27481
-28463
-29350
-30140
-30830
-31418
-31901
-32279
-32550
-32712
-32767
-32712
-32550
-32279
-31901
-31418
-30830
-30140
-29350
-28462
-27480
-26408
-25247
-24003
-22679
-21280
-19811
-18275
-16680
-15028
-13328
-11582
-9799
-7983
-6140
-4276
-2399
-514
1372
3255
5126
6981
8812
10614
12380
14107
15786
17412
18982
20488
21926
23290
24579
25786
26907
27938
28878
29721
30466
31110
31650
32087
32415
32637
32751
32756
32652
32440
32120
31694
31163
30528
29793
28958
28027
27004
25891
24692
23410
22053
20620
19121
17557
15936
14261
12539
10775
8977
7147
5295
3425
1543
-343
-2229
-4107
-5972
-7817
-9635
-11422
-13171
-14876
-16532
-18133
-19674
-21150
-22555
-23887
-25137
-26306
-27387
-28377
-29273
-30072
-30771
-31368
-31861
-32250
-32530
-32702
-32766
-32722
-32569
-32308
-31940
-31465
-30888
-30206
-29426
-28547
-27573
-26509
-25356
-24119
-22803
-21411
-19947
-18417
-16827
-15180
-13484
-11743
-9962
-8149
-6308
-4447
-2571
-686
1201
3084
4957
6812
8646
10451
12222
13952
15635
17267
18842
20353
21798
23170
24465
25680
26809
27848
28797
29648
30402
31056
31605
32051
32390
32621
32745
32759
32666
32464
32154
31738
31216
30590
29864
29038
28116
27101
25996
24804
23530
22179
20754
19260
17702
16085
14415
12698
10937
9141
7315
5465
3596
1715
-172
-2057
-3937
-5803
-7650
-9471
-11261
-13013
-14723
-16383
-17990
-19536
-21018
-22431
-23768
-25027
-26203
-27292
-28291
-29195
-30004
-30712
-31318
-31821
-32218
-32509
-32691
-32765
-32731
-32588
-32336
-31978
-31513
-30944
-30273
-29500
-28631
-27666
-26609
-25464
-24235
-22926
-21540
-20083
-18559
-16974
-15333
-13640
-11903
-10125
-8315
-6477
-4617
-2741
-857
1029
2913
4787
6645
8481
10288
12062
13796
15484
17121
18701
20218
21669
23048
24351
25572
26710
27757
28714
29575
30338
31001
31560
32015
32363
32605
32738
32763
32679
32486
32186
31780
31267
30651
29934
29117
28204
27197
26099
24916
23649
22305
20886
19398
17846
16234
14570
12856
11099
9306
7482
5633
3766
1886
-0
-1887
-3766
-5634
-7482
-9306
-11100
-12856
-14570
-16235
-17847
-19398
-20886
-22305
-23650
-24916
-26100
-27197
-28204
-29117
-29934
-30652
-31267
-31780
-32186
-32486
-32679
-32763
-32738
-32605
-32363
-32015
-31560
-31001
-30338
-29575
-28714
-27757
-26709
-25572
-24350
-23048
-21669
-20218
-18701
-17120
-15484
-13796
-12062
-10288
-8480
-6645
-4787
-2913
-1029
858
2742
4617
6477
8315
10125
11903
13640
15333
16975
18559
20083
21540
22926
24236
25465
26610
27666
28631
29500
30273
30945
31513
31978
32336
32588
32731
32765
32691
32508
32218
31821
31318
30712
30003
29195
28291
27292
26203
25027
23768
22430
21018
19536
17990
16383
14722
13013
11261
9471
7649
5802
3936
2057
171
-1715
-3596
-5465
-7315
-9142
-10938
-12698
-14416
-16086
-17702
-19260
-20754
-22180
-23531
-24804
-25996
-27101
-28116
-29038
-29864
-30590
-31216
-31738
-32154
-32464
-32666
-32759
-32745
-32621
-32390
-32051
-31605
-31056
-30402
-29648
-28796
-27848
-26808
-25679
-24465
-23170
-21797
-20353
-18841
-17266
-15635
-13952
-12221
-10451
-8646
-6812
-4956
-3084
-1200
686
2571
4447
6309
8149
9962
11743
13484
15181
16828
18418
19947
21411
22803
24120
25356
26509
27574
28547
29426
30207
30888
31466
31940
32308
32569
32722
32766
32702
32530
32249
31861
31368
30771
30072
29273
28377
27387
26306
25137
23886
22555
21149
19673
18133
16531
14876
13170
11422
9635
7816
5971
4106
2228
343
-1544
-3426
-5295
-7148
-8977
-10776
-12539
-14261
-15936
-17557
-19121
-20621
-22053
-23411
-24692
-25891
-27004
-28027
-28958
-29793
-30528
-31163
-31695
-32120
-32440
-32652
-32756
-32751
-32637
-32415
-32086
-31650
-31110
-30465
-29721
-28878
-27938
-26906
-25786
-24579
-23290
-21925
-20487
-18982
-17412
-15786
-14106
-12380
-10613
-8811
-6980
-5126
-3254
-1372
515
2400
4277
6140
7983
9799
11583
13328
15028
16680
18275
19811
21281
22679
24004
25247
26408
27481
28463
29350
30140
30830
31418
31901
32279
32550
32712
32767
32712
32550
32279
31901
31418
30830
30140
29349
28462
27480
26408
25247
24003
22679
21280
19811
18275
16680
15028
13328
11582
9799
7983
6140
4276
2399
514
-1372
-3255
-5126
-6981
-8812
-10614
-12380
-14107
-15786
-17412
-18982
-20488
-21926
-23290
-24579
-25786
-26907
-27938
-28878
-29721
-30466
-31110
-31650
-32087
-32415
-32637
-32751
-32756
-32652
-32440
-32120
-31694
-31163
-30528
-29793
-28958
-28027
-27004
-25891
-24692
-23410
-22053
-20620
-19121
-17557
-15936
-14261
-12539
-10775
-8977
-7147
-5295
-3425
-1543
343
2229
4107
5972
7817
9635
11422
13171
14876
16532
18133
19674
21150
22555
23887
25138
26306
27387
28377
29273
30072
30771
31368
31861
32250
32530
32702
32766
32722
32569
32308
31940
31465
30888
30206
29426
28547
27573
26509
25356
24119
22803
21411
19947
18417
16827
15180
13484
11743
9962
8149
6308
4447
2571
686
-1201
-3084
-4957
-6812
-8646
-10451
-12222
-13952
-15635
-17267
-18842
-20353
-21798
-23170
-24465
-25680
-26809
-27848
-28797
-29648
-30402
-31056
-31606
-32051
-32390
-32621
-32745
-32759
-32666
-32464
-32154
-31738
-31216
-30590
-29864
-29038
-28116
-27101
-25996
-24804
-23530
-22179
-20754
-19260
-17702
-16085
-14415
-12698
-10937
-9141
-7315
-5464
-3596
-1715
172
2057
3937
5803
7650
9471
11261
13013
14723
16383
17990
19536
21018
22431
23768
25027
26203
27292
28291
29195
30004
30712
31318
31821
32218
32509
32691
32765
32731
32588
32336
31978
31513
30944
30273
29500
28631
27666
26609
25464
24235
22926
21540
20082
18559
16974
15333
13640
11902
10125
8315
6477
4617
2741
857
-1029
-2913
-4787
-6645
-8481
-10288
-12062
-13796
-15484
-17121
-18701
-20218
-21669
-23048
-24351
-25572
-26710
-27757
-28714
-29575
-30338
-31001
-31560
-32015
-32363
-32605
-32738
-32763
-32679
-32486
-32186
-31780
-31267
-30651
-29934
-29117
-28204
-27197
-26099
-24916
-23649
-22305
-20886
-19398
-17846
-16234
-14569
-12856
-11099
-9306
-7482
-5633
-3766
-1886
0
1887
3766
5634
7482
9306
11100
12856
14570
16235
17847
19398
20886
22305
23650
24916
26100
27197
28204
29117
29934
30652
31267
31780
32186
32486
32679
32763
32738
32605
32363
32015
31560
31001
30338
29574
28714
27757
26709
25572
24350
23048
21669
20218
18701
17120
15484
13796
12062
10288
8480
6645
4787
2913
1029
-858
-2742
-4617
-6477
-8315
-10125
-11903
-13640
-15333
-16975
-18559
-20083
-21540
-22926
-24236
-25465
-26610
-27666
-28631
-29500
-30273
-30945
-31513
-31978
-32336
-32588
-32731
-32765
-32691
-32508
-32218
-31821
-31318
-30712
-30003
-29195
-28291
-27292
-26203
-25027
-23768
-22430
-21018
-19536
-17990
-16383
-14722
-13013
-11261
-9471
-7649
-5802
-3936
-2057
-171
1715
3596
5465
7315
9142
10938
12698
14416
16086
17702
19260
20754
22180
23531
24804
25996
27101
28116
29038
29864
30590
31216
31738
32154
32464
32666
32759
32745
32621
32390
32051
31605
31056
30402
29648
28796
27848
26808
25679
24465
23170
21797
20353
18841
17266
15635
13952
12221
10451
8646
6812
4956
3084
1200
-686
-2571
-4447
-6309
-8149
-9962
-11743
-13484
-15181
-16828
-18418
-19947
-21411
-22803
-24120
-25356
-26509
-27574
-28547
-29426
-30207
-30888
-31466
-31940
-32308
-32569
-32722
-32766
-32702
-32530
-32249
-31861
-31368
-30771
-30072
-29273
-28377
-27387
-26306
-25137
-23886
-22555
-21149
-19673
-18133
-16531
-14876
-13170
-11422
-9635
-7816
-5971
-4106
-2228
-343
1544
3426
5295
7148
8977
10776
12539
14261
15936
17557
19121
20621
22053
23411
24692
25891
27004
28027
28958
29793
30528
31163
31695
32120
32440
32652
32756
32751
32637
32415
32086
31650
31110
30465
29721
28878
27938
26906
25786
24579
23290
21925
20487
18982
17412
15786
14106
12380
10613
8811
6980
5126
3254
1372
-515
-2400
-4277
-6140
-7983
-9799
-11583
-13328
-15029
-16680
-18275
-19811
-21281
-22679
-24004
-25247
-26408
-27481
-28463
-29350
-30140
-30830
-31418
-31901
-32279
-32550
-32712
-32767
-32712
-32550
-32279
-31901
-31418
-30830
-30140
-29349
-28462
-27480
-26408
-25247
-24003
-22679
-21280
-19811
-18275
-16680
-15028
-13328
-11582
-9798
-7983
-6140
-4276
-2399
-514
1372
3255
5126
6981
8812
10614
12381
14107
15786
17412
18982
20488
21926
23290
24579
25786
26907
27938
28878
29721
30466
31110
31650
32087
32415
32637
32751
32756
32652
32440
32120
31694
31163
30528
29793
28958
28027
27004
25891
24692
23410
22053
20620
19121
17557
15936
14261
12539
10775
8977
7147
5295
3425
1543
-343
-2229
-4107
-5972
-7817
-9635
-11422
-13171
-14876
-16532
-18133
-19674
-21150
-22555
-23887
-25138
-26306
-27387
-28377
-29273
-30072
-30771
-31368
-31861
-32250
-32530
-32702
-32766
-32722
-32569
-32308
-31940
-31465
-30888
-30206
-29426
-28547
-27573
-26509
-25356
-24119
-22803
-21411
-19947
-18417
-16827
-15180
-13484
-11743
-9962
-8149
-6308
-4447
-2571
-686
1201
3084
4957
6813
8646
10451
12222
13952
15635
17267
18842
20353
21798
23170
24465
25680
26809
27848
28797
29648
30402
31056
31606
32051
32390
32621
32745
32759
32666
32464
32154
31738
31216
30590
29864
29038
28116
27101
25996
24804
23530
22179
20754
19260
17702
16085
14415
12697
10937
9141
7315
5464
3596
1715
-172
-2057
-3937
-5803
-7650
-9471
-11261
-13013
-14723
-16383
-17990
-19536
-21018
-22431
-23768
-25027
-26203
-27292
-28291
-29195
-30004
-30712
-31318
-31821
-32218
-32509
-32691
-32765
-32731
-32588
-32336
-31978
-31513
-30944
-30273
-29500
-28631
-27666
-26609
-25464
-24235
-22926
-21540
-20082
-18559
-16974
-15333
-13640
-11902
-10125
-8315
-6477
-4617
-2741
-857
1029
2913
4787
6645
8481
10288
12063
13797
15484
17121
18701
20218
21669
23048
24351
25572
26710
27757
28714
29575
30338
31001
31560
32015
32363
32605
32738
32763
32679
32486
32186
31780
31267
30651
29934
29117
28204
27197
26099
24916
23649
22305
20886
19398
17846
16234
14569
12856
11099
9306
7482
5633
3766
1886
-0
-1887
-3766
-5634
-7482
-9306
-11100
-12856
-14570
-16235
-17847
-19398
-20886
-22305
-23650
-24916
-26100
-27197
-28204
-29117
-29934
-30652
-31267
-31780
-32186
-32486
-32679
-32763
-32738
-32605
-32363
-32015
-31560
-31001
-30338
-29574
-28714
-27757
-26709
-25572
-24350
-23048
-21669
-20218
-18701
-17120
-15484
-13796
-12062
-10288
-8480
-6645
-4787
-2913
-1029
858
2742
4617
6477
8315
10125
11903
13640
15333
16975
18559
20083
21540
22926
24236
25465
26610
27666
28631
29500
30273
30945
31513
31978
32336
32588
32731
32765
32691
32508
32218
31821
31318
30712
30003
29195
28291
27292
26203
25027
23768
22430
21018
19536
17990
16383
14722
13013
11261
9471
7649
5802
3936
2057
171
-1715
-3596
-5465
-7315
-9142
-10938
-12698
-14416
-16086
-17702
-19260
-20754
-22180
-23531
-24804
-25996
-27101
-28116
-29038
-29864
-30590
-31216
-31738
-32154
-32464
-32666
-32759
-32745
-32621
-32390
-32051
-31605
-31056
-30402
-29648
-28796
-27848
-26808
-25679
-24465
-23170
-21797
-20353
-18841
-17266
-15635
-13952
-12221
-10451
-8646
-6812
-4956
-3084
-1200
686
2571
4447
6309
8149
9962
11743
13484
15181
16828
18418
19947
21411
22803
24120
25356
26509
27574
28547
29426
30207
30888
31466
31940
32308
32569
32722
32766
32702
32530
32249
31861
31368
30771
30072
29273
28377
27387
26306
25137
23886
22555
21149
19673
18133
16531
14876
13170
11422
9635
7816
5971
4106
2228
343
-1544
-3426
-5295
-7148
-8977
-10776
-12539
-14261
-15936
-17557
-19121
-20621
-22053
-23411
-24692
-25891
-27004
-28027
-28958
-29793
-30528
-31163
-31695
-32120
-32440
-32652
-32756
-32751
-32637
-32415
-32086
-31650
-31110
-30465
-29721
-28878
-27938
-26906
-25786
-24579
-23290
-21925
-20487
-18981
-17412
-15786
-14106
-12380
-10613
-8811
-6980
-5126
-3254
-1372
515
2400
4277
6140
7983
9799
11583
13328
15029
16680
18275
19811
21281
22679
24004
25247
26408
27481
28463
29350
30140
30830
31418
31901
32279
32550
32712
32767
32712
32550
32279
31901
31418
30830
30140
29349
28462
27480
26408
25247
24003
22679
21280
19811
18275
16680
15028
13328
11582
9798
7983
6140
4276
2399
514
-1372
-3255
-5126
-6981
-8812
-10614
-12381
-14107
-15786
-17412
-18982
-20488
-21926
-23290
-24579
-25786
-26907
-27938
-28878
-29721
-30466
-31110
-31650
-32087
-32415
-32637
-32751
-32756
-32652
-32440
-32120
-31694
-31163
-30528
-29793
-28958
-28027
-27004
-25891
-24692
-23410
-22052
-20620
-19121
-17557
-15936
-14261
-12539
-10775
-8977
-7147
-5295
-3425
-1543
343
2229
4107
5972
7817
9635
11422
13171
14876
16532
18133
19674
21150
22555
23887
25138
26306
27387
28377
29273
30072
30771
31368
31861
32250
32530
32702
32766
32722
32569
32308
31940
31465
30888
30206
29426
28547
27573
26509
25356
24119
22803
21411
19947
18417
16827
15180
13484
11743
9962
8149
6308
4447
2571
686
-1201
-3084
-4957
-6813
-8646
-10451
-12222
-13952
-15635
-17267
-18842
-20353
-21798
-23170
-24465
-25680
-26809
-27848
-28797
-29648
-30402
-31056
-31606
-32051
-32390
-32621
-32745
-32759
-32666
-32464
-32154
-31738
-31216
-30590
-29864
-29038
-28116
-27101
-25996
-24804
-23530
-22179
-20754
-19260
-17702
-16085
-14415
-12697
-10937
-9141
-7315
-5464
-3596
-1715
172
2057
3937
5803
7650
9471
11261
13013
14723
16383
17990
19536
21018
22431
23768
25027
26203
27293
28291
29195
30004
30712
31318
31821
32218
32509
32691
32765
32731
32588
32336
31978
31513
30944
30273
29500
28631
27666
26609
25464
24235
22926
21540
20082
18559
16974
15332
13640
11902
10125
8315
6477
4617
2741
857
-1029
-2913
-4787
-6645
-8481
-10288
-12063
-13797
-15484
-17121
-18701
-20218
-21669
-23048
-24351
-25572
-26710
-27757
-28714
-29575
-30338
-31001
-31560
-32015
-32363
-32605
-32738
-32763
-32679
-32486
-32186
-31780
-31267
-30651
-29934
-29117
-28204
-27197
-26099
-24916
-23649
-22305
-20886
-19398
-17846
-16234
-14569
-12855
-11099
-9306
-7482
-5633
-3766
-1886
0
1887
3766
5634
7482
9306
11100
12856
14570
16235
17847
19398
20886
22305
23650
24916
26100
27197
28204
29117
29934
30652
31267
31780
32186
32486
32679
32763
32738
32605
32363
32015
31560
31001
30338
29574
28714
27757
26709
25572
24350
23048
21669
20218
18701
17120
15484
13796
12062
10288
8480
6645
4787
2913
1029
-858
-2742
-4617
-6477
-8315
-10125
-11903
-13640
-15333
-16975
-18559
-20083
-21540
-22926
-24236
-25465
-26610
-27666
-28631
-29500
-30273
-30945
-31513
-31978
-32336
-32588
-32731
-32765
-32691
-32508
-32218
-31821
-31318
-30712
-30003
-29195
-28291
-27292
-26203
-25027
-23768
-22430
-21018
-19536
-17990
-16383
-14722
-13013
-11261
-9471
-7649
-5802
-3936
-2057
-171
1715
3596
5465
7315
9142
10938
12698
14416
16086
17702
19260
20754
22180
23531
24804
25996
27101
28116
29038
29864
30590
31216
31738
32154
32464
32666
32759
32745
32621
32390
32051
31605
31056
30402
29648
28796
27848
26808
25679
24465
23170
21797
20353
18841
17266
15635
13952
12221
10451
8646
6812
4956
3084
1200
-686
-2571
-4447
-6309
-8149
-9962
-11743
-13484
-15181
-16828
-18418
-19947
-21411
-22803
-24120
-25356
-26509
-27574
-28547
-29426
-30207
-30888
-31466
-31940
-32308
-32569
-32722
-32766
-32702
-32530
-32249
-31861
-31368
-30771
-30072
-29273
-28377
-27387
-26306
-25137
-23886
-22555
-21149
-19673
-18133
-16531
-14876
-13170
-11422
-9635
-7816
-5971
-4106
-2228
-343
1544
3426
5295
7148
8977
10776
12539
14261
15936
17557
19121
20621
22053
23411
24692
25891
27004
28027
28958
29793
30528
31163
31695
32120
32440
32652
32756
32751
32637
32415
32086
31650
31110
30465
29721
28878
27938
26906
25786
24579
23290
21925
20487
18981
17412
15786
14106
12380
10613
8811
6980
5126
3254
1372
-515
-2400
-4277
-6140
-7983
-9799
-11583
-13328
-15029
-16680
-18275
-19811
-21281
-22679
-24004
-25247
-26408
-27481
-28463
-29350
-30140
-30830
-31418
-31901
-32279
-32550
-32712
-32767
-32712
-32550
-32279
-31901
-31418
-30830
-30140
-29349
-28462
-27480
-26408
-25247
-24003
-22679
-21280
-19811
-18275
-16680
-15028
-13328
-11582
-9798
-7983
-6140
-4276
-2399
-514
1372
3255
5126
6981
8812
10614
12381
14107
15786
17412
18982
20488
21926
23291
24579
25786
26907
27938
28878
29721
30466
31110
31650
32087
32415
32637
32751
32756
32652
32440
32120
31694
31163
30528
29793
28958
28027
27004
25891
24692
23410
22052
20620
19121
17557
15936
14261
12539
10775
8976
7147
5295
3425
1543
-343
-2229
-4107
-5972
-7817
-9635
-11422
-13171
-14876
-16532
-18133
-19674
-21150
-22555
-23887
-25138
-26306
-27387
-28377
-29273
-30072
-30771
-31368
-31861
-32250
-32530
-32702
-32766
-32722
-32569
-32308
-31940
-31465
-30888
-30206
-29426
-28547
-27573
-26509
-25356
-24119
-22803
-21411
-19947
-18417
-16827
-15180
-13484
-11743
-9962
-8149
-6308
-4447
-2571
-686
1201
3084
4957
6813
8646
10451
12222
13952
15635
17267
18842
20353
21798
23170
24465
25680
26809
27848
28797
29648
30402
31056
31606
32051
32390
32621
32745
32759
32666
32464
32154
31738
31216
30590
29864
29038
28116
27101
25996
24804
23530
22179
20754
19260
17702
16085
14415
12697
10937
9141
7315
5464
3596
1715
-172
-2058
-3937
-5803
-7650
-9471
-11261
-13013
-14723
-16383
-17990
-19536
-21018
-22431
-23768
-25027
-26203
-27293
-28291
-29195
-30004
-30712
-31318
-31821
-32218
-32509
-32691
-32765
-32731
-32588
-32336
-31978
-31513
-30944
-30273
-29500
-28631
-27666
-26609
-25464
-24235
-22926
-21540
-20082
-18559
-16974
-15332
-13640
-11902
-10125
-8315
-6477
-4617
-2741
-857
1029
2913
4787
6645
8481
10288
12063
13797
15484
17121
18701
20218
21669
23048
24351
25572
26710
27757
28714
29575
30338
31001
31560
32015
32363
32605
32738
32763
32679
32486
32186
31780
31267
30651
29934
29117
28204
27197
26099
24916
23649
22305
20886
19398
17846
16234
14569
12855
11099
9306
7482
5633
3766
1886
-0
-1887
-3766
-5634
-7482
-9306
-11100
-12856
-14570
-16235
-17847
-19398
-20886
-22305
-23650
-24916
-26100
-27197
-28204
-29117
-29934
-30652
-31267
-31780
-32186
-32486
-32679
-32763
-32738
-32605
-32363
-32015
-31560
-31001
-30338
-29574
-28714
-27757
-26709
-25572
-24350
-23048
-21669
-20218
-18701
-17120
-15484
-13796
-12062
-10288
-8480
-6645
-4787
-2913
-1029
858
2742
4617
6477
8315
10125
11903
13640
15333
16975
18559
20083
21540
22926
24236
25465
26610
27666
28631
29500
30273
30945
31513
31978
32336
32588
32731
32765
32691
32508
32218
31821
31318
30712
30003
29195
28291
27292
26203
25027
23768
22430
21018
19536
17990
16383
14722
13013
11261
9471
7649
5802
3936
2057
171
-1715
-3596
-5465
-7315
-9142
-10938
-12698
-14416
-16086
-17702
-19260
-20754
-22180
-23531
-24804
-25996
-27101
-28116
-29038
-29864
-30590
-31216
-31738
-32154
-32464
-32666
-32759
-32745
-32621
-32390
-32051
-31605
-31056
-30402
-29648
-28796
-27848
-26808
-25679
-24465
-23170
-21797
-20353
-18841
-17266
-15635
-13952
-12221
-10451
-8646
-6812
-4956
-3084
-1200
686
2571
4447
6309
8149
9962
11743
13484
15181
16828
18418
19947
21411
22803
24120
25356
26509
27574
28547
29426
30207
30888
31466
31940
32308
32569
32722
32766
32702
32530
32249
31861
31368
30771
30072
29273
28377
27387
26306
25137
23886
22555
21149
19673
18133
16531
14876
13170
11422
9635
7816
5971
4106
2228
343
-1544
-3426
-5295
-7148
-8977
-10776
-12539
-14261
-15936
-17557
-19121
-20621
-22053
-23411
-24692
-25891
-27004
-28027
-28958
-29793
-30528
-31163
-31695
-32120
-32440
-32652
-32756
-32751
-32637
-32415
-32086
-31650
-31110
-30465
-29721
-28878
-27938
-26906
-25786
-24579
-23290
-21925
-20487
-18981
-17412
-15786
-14106
-12380
-10613
-8811
-6980
-5126
-3254
-1372
515
2400
4277
6140
7983
9799
11583
13328
15029
16680
18275
19811
21281
22679
24004
25247
26408
27481
28463
29350
30140
30830
31418
31901
32279
32550
32712
32767
32712
32550
32279
31901
31418
30830
30140
29349
28462
27480
26408
25247
24003
22679
21280
19811
18275
16680
15028
13328
11582
9798
7983
6140
4276
2399
514
-1372
-3255
-5126
-6981
-8812
-10614
-12381
-14107
-15786
-17412
-18982
-20488
-21926
-23291
-24579
-25786
-26907
-27938
-28878
-29721
-30466
-31110
-31650
-32087
-32415
-32637
-32751
-32756
-32652
-32440
-32120
-31694
-31163
-30528
-29793
-28958
-28027
-27004
-25891
-24692
-23410
-22052
-20620
-19121
-17557
-15936
-14261
-12539
-10775
-8976
-7147
-5295
-3425
-1543
343
2229
4107
5972
7817
9635
11422
13171
14876
16532
18133
19674
21150
22555
23887
25138
26306
27387
28377
29273
30072
30771
31368
31861
32250
32530
32702
32766
32722
32569
32308
31940
31465
30888
30206
29426
28547
27573
26509
25356
24119
22803
21411
19947
18417
16827
15180
13484
11743
9962
8149
6308
4447
2571
686
-1201
-3084
-4957
-6813
-8646
-10451
-12222
-13952
-15635
-17267
-18842
-20353
-21798
-23170
-24465
-25680
-26809
-27848
-28797
-29648
-30402
-31056
-31606
-32051
-32390
-32621
-32745
-32759
-32666
-32464
-32154
-31738
-31216
-30590
-29864
-29038
-28116
-27101
-25995
-24804
-23530
-22179
-20753
-19260
-17702
-16085
-14415
-12697
-10937
-9141
-7315
-5464
-3596
-1715
172
2058
3937
5803
7650
9471
11261
13013
14723
16383
17990
19536
21018
22431
23768
25027
26203
27293
28291
29195
30004
30712
31318
31821
32218
32509
32691
32765
32731
32588
32336
31978
31513
30944
30273
29500
28631
27666
26609
25464
24235
22926
21540
20082
18559
16974
15332
13640
11902
10125
8315
6477
4617
2741
857
-1029
-2913
-4787
-6645
-8481
-10288
-12063
-13797
-15484
-17121
-18701
-20218
-21669
-23048
-24351
-25572
-26710
-27757
-28714
-29575
-30338
-31001
-31560
-32015
-32363
-32605
-32738
-32763
-32679
-32486
-32186
-31780
-31267
-30651
-29934
-29117
-28204
-27197
-26099
-24916
-23649
-22305
-20886
-19398
-17846
-16234
-14569
-12855
-11099
-9306
-7482
-5633
-3766
-1886
0
1887
3766
5634
7482
9306
11100
12856
14570
16235
17847
19398
20886
22305
23650
24916
26100
27197
28204
29117
29934
30652
31267
31780
32186
32486
32679
32763
32738
32605
32363
32015
31560
31001
30338
29574
28714
27757
26709
25572
24350
23048
21669
20218
18701
17120
15484
13796
12062
10288
8480
6645
4786
2913
1029
-858
-2742
-4617
-6477
-8315
-10125
-11903
-13640
-15333
-16975
-18559
-20083
-21540
-22926
-24236
-25465
-26610
-27666
-28631
-29500
-30273
-30945
-31513
-31978
-32336
-32588
-32731
-32765
-32691
-32508
-32218
-31821
-31318
-30712
-30003
-29195
-28291
-27292
-26203
-25027
-23768
-22430
-21018
-19536
-17990
-16383
-14722
-13013
-11260
-9471
-7649
-5802
-3936
-2057
-171
1715
3596
5465
7315
9142
10938
12698
14416
16086
17702
19260
20754
22180
23531
24804
25996
27101
28116
29038
29864
30590
31216
31738
32154
32464
32666
32759
32745
32621
32390
32051
31605
31056
30402
29648
28796
27848
26808
25679
24465
23170
21797
20353
18841
17266
15635
13951
12221
10451
8646
6812
4956
3084
1200
-686
-2571
-4447
-6309
-8149
-9962
-11743
-13484
-15181
-16828
-18418
-19947
-21411
-22803
-24120
-25356
-26509
-27574
-28547
-29426
-30207
-30888
-31466
-31940
-32308
-32569
-32722
-32766
-32702
-32530
-32249
-31861
-31368
-30771
-30072
-29273
-28377
-27387
-26306
-25137
-23886
-22555
-21149
-19673
-18133
-16531
-14876
-13170
-11422
-9635
-7816
-5971
-4106
-2228
-343
1544
3426
5296
7148
8977
10776
12539
14261
15936
17557
19121
20621
22053
23411
24692
25891
27004
28027
28958
29793
30528
31163
31695
32120
32440
32652
32756
32751
32637
32415
32086
31650
31110
30465
29721
28878
27938
26906
25786
24579
23290
21925
20487
18981
17412
15786
14106
12380
10613
8811
6980
5126
3254
1372
-515
-2400
-4277
-6140
-7983
-9799
-11583
-13328
-15029
-16680
-18275
-19811
-21281
-22679
-24004
-25247
-26408
-27481
-28463
-29350
-30140
-30830
-31418
-31901
-32279
-32550
-32712
-32767
-32712
-32550
-32279
-31901
-31418
-30830
-30140
-29349
-28462
-27480
-26408
-25247
-24003
-22679
-21280
-19811
-18275
-16680
-15028
-13328
-11582
-9798
-7983
-6140
-4276
-2399
-514
1372
3255
5126
6981
8812
10614
12381
14107
15786
17412
18982
20488
21926
23291
24579
25786
26907
27938
28878
29721
30466
31110
31650
32087
32415
32637
32751
32756
32652
32440
32120
31694
31163
30528
29793
28958
28027
27004
25891
24692
23410
22052
20620
19121
17557
15936
14261
12539
10775
8976
7147
5295
3425
1543
-343
-2229
-4107
-5972
-7817
-9635
-11422
-13171
-14876
-16532
-18133
-19674
-21150
-22555
-23887
-25138
-26306
-27387
-28377
-29273
-30072
-30771
-31368
-31861
-32250
-32530
-32702
-32766
-32722
-32569
-32308
-31940
-31465
-30888
-30206
-29426
-28547
-27573
-26509
-25356
-24119
-22803
-21411
-19947
-18417
-16827
-15180
-13484
-11743
-9962
-8149
-6308
-4447
-2571
-686
1201
3084
4957
6813
8646
10451
12222
13952
15635
17267
18842
20353
21798
23170
24465
25680
26809
27848
28797
29648
30402
31056
31606
32051
32390
32621
32745
32759
32666
32464
32154
31738
31216
30590
29864
29038
28116
27101
25995
24804
23530
22179
20753
19260
17702
16085
14415
12697
10937
9141
7315
5464
3596
1715
-172
-2058
-3937
-5803
-7650
-9471
-11261
-13013
-14723
-16383
-17990
-19536
-21018
-22431
-23768
-25027
-26203
-27293
-28291
-29195
-30004
-30712
-31318
-31821
-32218
-32509
-32691
-32765
-32731
-32588
-32336
-31978
-31513
-30944
-30273
-29500
-28631
-27666
-26609
-25464
-24235
-22926
-21540
-20082
-18559
-16974
-15332
-13640
-11902
-10125
-8314
-6477
-4617
-2741
-857
1029
2913
4787
6645
8481
10288
12063
13797
15484
17121
18701
20218
21669
23048
24351
25572
26710
27757
28714
29575
30338
31001
31560
32015
32363
32605
32738
32763
32679
32486
32186
31780
31267
30651
29934
29117
28204
27197
26099
24916
23649
22305
20886
19398
17846
16234
14569
12855
11099
9306
7482
5633
3766
1886
-0
-1887
-3766
-5634
-7482
-9306
-11100
-12856
-14570
-16235
-17847
-19398
-20886
-22305
-23650
-24916
-26100
-27197
-28204
-29117
-29934
-30652
-31267
-31780
-32186
-32486
-32679
-32763
-32738
-32605
-32363
-32015
-31560
-31001
-30338
-29574
-28714
-27757
-26709
-25572
-24350
-23048
-21669
-20218
-18701
-17120
-15483
-13796
-12062
-10288
-8480
-6645
-4786
-2913
-1029
858
2742
4617
6477
8315
10125
11903
13640
15333
16975
18559
20083
21540
22926
24236
25465
26610
27666
28631
29500
30273
30945
31513
31978
32336
32588
32731
32765
32691
32508
32218
31821
31318
30712
30003
29195
28291
27292
26203
25027
23768
22430
21018
19536
17990
16383
14722
13013
11260
9471
7649
5802
3936
2057
171
-1716
-3596
-5465
-7315
-9142
-10938
-12698
-14416
-16086
-17703
-19260
-20754
-22180
-23531
-24804
-25996
-27101
-28116
-29038
-29864
-30590
-31216
-31738
-32154
-32464
-32666
-32759
-32745
-32621
-32390
-32051
-31605
-31056
-30402
-29648
-28796
-27848
-26808
-25679
-24465
-23170
-21797
-20353
-18841
-17266
-15635
-13951
-12221
-10451
-8646
-6812
-4956
-3084
-1200
686
2571
4447
6309
8149
9963
11743
13484
15181
16828
18418
19947
21411
22803
24120
25356
26509
27574
28547
29426
30207
30888
31466
31940
32308
32569
32722
32766
32702
32530
32249
31861
31368
30771
30072
29273
28377
27387
26306
25137
23886
22555
21149
19673
18132
16531
14876
13170
11422
9635
7816
5971
4106
2228
343
-1544
-3426
-5296
-7148
-8977
-10776
-12539
-14261
-15936
-17557
-19121
-20621
-22053
-23411
-24692
-25891
-27004
-28028
-28958
-29793
-30528
-31163
-31695
-32120
-32440
-32652
-32756
-32751
-32637
-32415
-32086
-31650
-31110
-30465
-29721
-28878
-27938
-26906
-25786
-24579
-23290
-21925
-20487
-18981
-17412
-15786
-14106
-12380
-10613
-8811
-6980
-5125
-3254
-1372
515
2400
4277
6140
7983
9799
11583
13328
15029
16680
18276
19811
21281
22679
24004
25247
26408
27481
28463
29350
30140
30830
31418
31901
32279
32550
32712
32767
32712
32550
32279
31901
31418
30830
30140
29349
28462
27480
26408
25247
24003
22679
21280
19811
18275
16680
15028
13328
11582
9798
7983
6140
4276
2399
514
-1372
-3255
-5126
-6981
-8812
-10614
-12381
-14107
-15786
-17412
-18982
-20488
-21926
-23291
-24579
-25786
-26907
-27938
-28878
-29721
-30466
-31110
-31650
-32087
-32415
-32637
-32751
-32756
-32652
-32440
-32120
-31694
-31163
-30528
-29793
-28958
-28027
-27004
-25891
-24692
-23410
-22052
-20620
-19121
-17557
-15936
-14261
-12539
-10775
-8976
-7147
-5295
-3425
-1543
343
2229
4107
5972
7817
9635
11422
13171
14876
16532
18133
19674
21150
22555
23887
25138
26306
27387
28377
29273
30072
30771
31368
31861
32250
32530
32702
32766
32722
32569
32308
31940
31465
30888
30206
29426
28547
27573
26509
25356
24119
22803
21411
19947
18417
16827
15180
13484
11743
9962
8149
6308
4447
2570
686
-1201
-3084
-4957
-6813
-8646
-10451
-12222
-13952
-15635
-17267
-18842
-20353
-21798
-23170
-24465
-25680
-26809
-27848
-28797
-29648
-30402
-31056
-31606
-32051
-32390
-32621
-32745
-32759
-32666
-32464
-32154
-31738
-31216
-30590
-29864
-29038
-28116
-27101
-25995
-24804
-23530
-22179
-20753
-19260
-17702
-16085
-14415
-12697
-10937
-9141
-7315
-5464
-3596
-1715
172
2058
3937
5803
7650
9471
11261
13013
14723
16383
17990
19536
21018
22431
23768
25027
26203
27293
28291
29195
30004
30712
31318
31821
32218
32509
32691
32765
32731
32587
32336
31978
31513
30944
30273
29500
28631
27666
26609
25464
24235
22926
21540
20082
18559
16974
15332
13640
11902
10125
8314
6477
4617
2741
857
-1029
-2913
-4787
-6645
-8481
-10288
-12063
-13797
-15484
-17121
-18701
-20218
-21669
-23048
-24351
-25572
-26710
-27757
-28714
-29575
-30338
-31001
-31560
-32015
-32363
-32605
-32738
-32763
-32679
-32486
-32186
-31780
-31267
-30651
-29934
-29117
-28204
-27197
-26099
-24916
-23649
-22305
-20886
-19398
-17846
-16234
-14569
-12855
-11099
-9306
-7482
-5633
-3766
-1886
0
1887
3766
5634
7482
9306
11100
12856
14570
16235
17847
19398
20886
22305
23650
24916
26100
27197
28204
29117
29934
30652
31267
31780
32186
32486
32679
32763
32738
32605
32363
32015
31560
31000
30338
29574
28714
27757
26709
25572
24350
23048
21669
20218
18701
17120
15483
13796
12062
10288
8480
6645
4786
2913
1029
-858
-2742
-4617
-6477
-8315
-10125
-11903
-13640
-15333
-16975
-18559
-20083
-21540
-22926
-24236
-25465
-26610
-27666
-28631
-29500
-30273
-30945
-31513
-31978
-32336
-32588
-32731
-32765
-32691
-32508
-32218
-31821
-31318
-30712
-30003
-29195
-28291
-27292
-26203
-25027
-23768
-22430
-21018
-19536
-17990
-16383
-14722
-13013
-11260
-9471
-7649
-5802
-3936
-2057
-171
1716
3596
5465
7315
9142
10938
12698
14416
16086
17703
19260
20754
22180
23531
24804
25996
27101
28116
29038
29864
30590
31216
31738
32154
32464
32666
32759
32745
32621
32390
32051
31605
31056
30402
29648
28796
27848
26808
25679
24465
23170
21797
20353
18841
17266
15635
13951
12221
10451
8646
6812
4956
3084
1200
-686
-2571
-4447
-6309
-8150
-9963
-11743
-13484
-15181
-16828
-18418
-19947
-21411
-22803
-24120
-25356
-26509
-27574
-28547
-29426
-30207
-30888
-31466
-31940
-32308
-32569
-32722
-32766
-32702
-32530
-32249
-31861
-31368
-30771
-30072
-29273
-28377
-27387
-26306
-25137
-23886
-22555
-21149
-19673
-18132
-16531
-14876
-13170
-11422
-9635
-7816
-5971
-4106
-2228
-343
1544
3426
5296
7148
8977
10776
12539
14261
15936
17557
19121
20621
22053
23411
24692
25891
27004
28028
28958
29793
30528
31163
31695
32120
32440
32652
32756
32751
32637
32415
32086
31650
31110
30465
29721
28878
27938
26906
25786
24579
23290
21925
20487
18981
17412
15786
14106
12380
10613
8811
6980
5125
3254
1372
-515
-2400
-4277
-6140
-7983
-9799
-11583
-13328
-15029
-16680
-18276
-19811
-21281
-22679
-24004
-25247
-26408
-27481
-28463
-29350
-30140
-30830
-31418
-31901
-32279
-32550
-32712
-32767
-32712
-32550
-32279
-31901
-31418
-30830
-30140
-29349
-28462
-27480
-26408
-25247
-24003
-22679
-21280
-19811
-18275
-16680
-15028
-13328
-11582
-9798
-7982
-6140
-4276
-2399
-514
1372
3255
5126
6981
8812
10614
12381
14107
15786
17412
18982
20488
21926
23291
24579
25786
26907
27938
28878
29721
30466
31110
31650
32087
32415
32637
32751
32756
32652
32440
32120
31694
31163
30528
29793
28958
28027
27004
25891
24692
23410
22052
20620
19121
17557
15936
14261
12539
10775
8976
7147
5295
3425
1543
-343
-2229
-4107
-5972
-7817
-9635
-11422
-13171
-14876
-16532
-18133
-19674
-21150
-22555
-23887
-25138
-26306
-27387
-28377
-29273
-30072
-30771
-31368
-31861
-32250
-32530
-32702
-32766
-32722
-32569
-32308
-31940
-31465
-30888
-30206
-29425
-28547
-27573
-26509
-25356
-24119
-22803
-21411
-19947
-18417
-16827
-15180
-13484
-11743
-9962
-8149
-6308
-4447
-2570
-686
1201
3084
4957
6813
8646
10451
12222
13952
15635
17267
18842
20353
21798
23170
24465
25680
26809
27848
28797
29648
30402
31056
31606
32051
32390
32621
32745
32759
32666
32464
32154
31738
31216
30590
29864
29038
28116
27101
25995
24804
23530
22179
20753
19260
17702
16085
14415
12697
10937
9141
7315
5464
3596
1715
-172
-2058
-3937
-5803
-7650
-9471
-11261
-13013
-14723
-16383
-17990
-19536
-21018
-22431
-23768
-25027
-26203
-27293
-28291
-29195
-30004
-30712
-31318
-31821
-32218
-32509
-32691
-32765
-32731
-32587
-32336
-31978
-31513
-30944
-30273
-29500
-28631
-27666
-26609
-25464
-24235
-22926
-21540
-20082
-18559
-16974
-15332
-13640
-11902
-10125
-8314
-6477
-4617
-2741
-857
1029
2913
4787
6645
8481
10288
12063
13797
15484
17121
18701
20218
21669
23048
24351
25572
26710
27757
28714
29575
30338
31001
31560
32015
32363
32605
32738
32763
32679
32486
32186
31780
31267
30651
29934
29117
28204
27197
26099
24916
23649
22305
20886
19398
17846
16234
14569
12855
11099
9306
7482
5633
3766
1886
-0
-1887
-3766
-5634
-7482
-9306
-11100
-12856
-14570
-16235
-17847
-19398
-20886
-22305
-23650
-24916
-26100
-27197
-28204
-29117
-29934
-30652
-31267
-31780
-32186
-32486
-32679
-32763
-32738
-32605
-32363
-32015
-31560
-31000
-30338
-29574
-28714
-27757
-26709
-25572
-24350
-23048
-21669
-20218
-18701
-17120
-15483
-13796
-12062
-10288
-8480
-6645
-4786
-2913
-1029
858
2742
4617
6477
8315
10126
11903
13640
15333
16975
18559
20083
21540
22926
24236
25465
26610
27666
28631
29501
30273
30945
31513
31978
32336
32588
32731
32765
32691
32508
32218
31821
31318
30712
30003
29195
28291
27292
26203
25027
23768
22430
21018
19536
17990
16383
14722
13013
11260
9471
7649
5802
3936
2057
171
-1716
-3596
-5465
-7315
-9142
-10938
-12698
-14416
-16086
-17703
-19260
-20754
-22180
-23531
-24804
-25996
-27101
-28116
-29038
-29864
-30590
-31216
-31738
-32154
-32464
-32666
-32759
-32745
-32621
-32390
-32051
-31605
-31056
-30402
-29648
-28796
-27848
-26808
-25679
-24465
-23170
-21797
-20353
-18841
-17266
-15635
-13951
-12221
-10451
-8646
-6812
-4956
-3084
-1200
686
2571
4447
6309
8150
9963
11743
13484
15181
16828
18418
19947
21411
22803
24120
25356
26509
27574
28547
29426
30207
30888
31466
31940
32308
32569
32722
32766
32702
32530
32249
31861
31368
30771
30072
29273
28377
27387
26306
25137
23886
22555
21149
19673
18132
16531
14876
13170
11422
9635
7816
5971
4106
2228
343
-1544
-3426
-5296
-7148
-8977
-10776
-12539
-14261
-15936
-17557
-19121
-20621
-22053
-23411
-24692
-25891
-27004
-28028
-28958
-29793
-30528
-31164
-31695
-32120
-32440
-32652
-32756
-32751
-32637
-32415
-32086
-31650
-31110
-30465
-29721
-28878
-27938
-26906
-25786
-24579
-23290
-21925
-20487
-18981
-17412
-15786
-14106
-12380
-10613
-8811
-6980
-5125
-3254
-1372
515
2400
4277
6140
7983
9799
11583
13328
15029
16680
18276
19811
21281
22679
24004
25247
26408
27481
28463
29350
30140
30830
31418
31901
32279
32550
32712
32767
32712
32550
32279
31901
31418
30830
30140
29349
28462
27480
26408
25247
24003
22679
21280
19811
18275
16680
15028
13327
11582
9798
7982
6140
4276
2399
514
-1372
-3255
-5126
-6981
-8812
-10614
-12381
-14107
-15786
-17412
-18982
-20488
-21926
-23291
-24579
-25786
-26907
-27938
-28878
-29721
-30466
-31110
-31650
-32087
-32415
-32637
-32751
-32756
-32652
-32440
-32120
-31694
-31163
-30528
-29793
-28958
-28027
-27004
-25891
-24692
-23410
-22052
-20620
-19121
-17557
-15936
-14261
-12539
-10775
-8976
-7147
-5295
-3425
-1543
343
2229
4107
5972
7817
9635
11422
13171
14876
16532
18133
19674
21150
22555
23887
25138
26306
27387
28378
29273
30072
30771
31368
31861
32250
32530
32702
32766
32722
32569
32308
31940
31465
30888
30206
29425
28547
27573
26509
25356
24119
22803
21411
19947
18417
16827
15180
13484
11743
9962
8149
6308
4447
2570
686
-1201
-3084
-4957
-6813
-8646
-10451
-12222
-13952
-15635
-17267
-18842
-20353
-21798
-23170
-24465
-25680
-26809
-27848
-28797
-29648
-30402
-31056
-31606
-32051
-32390
-32621
-32745
-32759
-32666
-32464
-32154
-31738
-31216
-30590
-29864
-29038
-28116
-27101
-25995
-24804
-23530
-22179
-20753
-19260
-17702
-16085
-14415
-12697
-10937
-9141
-7315
-5464
-3596
-1715
172
2058
3937
5803
7650
9471
11261
13013
14723
16383
17990
19536
21018
22431
23768
25027
26203
27293
28291
29195
30004
30712
31318
31821
32218
32509
32691
32765
32731
32587
32336
31978
31513
30944
30273
29500
28631
27666
26609
25464
24235
22926
21540
20082
18559
16974
15332
13640
11902
10125
8314
6477
4617
2741
857
-1029
-2913
-4787
-6645
-8481
-10289
-12063
-13797
-15484
-17121
-18701
-20218
-21669
-23048
-24351
-25572
-26710
-27757
-28714
-29575
-30338
-31001
-31560
-32015
-32363
-32605
-32738
-32763
-32679
-32486
-32186
-31780
-31267
-30651
-29934
-29117
-28204
-27197
-26099
-24916
-23649
-22305
-20886
-19398
-17846
-16234
-14569
-12855
-11099
-9306
-7482
-5633
-3766
-1886
0
1887
3766
5634
7482
9306
11100
12856
14570
16235
17847
19398
20886
22305
23650
24916
26100
27197
28204
29117
29934
30652
31268
31780
32186
32486
32679
32763
32738
32605
32363
32015
31560
31000
30338
29574
28714
27757
26709
25572
24350
23048
21669
20218
18701
17120
15483
13796
12062
10288
8480
6645
4786
2912
1029
-858
-2742
-4617
-6477
-8315
-10126
-11903
-13640
-15333
-16975
-18559
-20083
-21540
-22926
-24236
-25465
-26610
-27666
-28631
-29501
-30273
-30945
-31513
-31978
-32336
-32588
-32731
-32765
-32691
-32508
-32218
-31821
-31318
-30712
-30003
-29195
-28291
-27292
-26203
-25027
-23768
-22430
-21018
-19536
-17990
-16383
-14722
-13013
-11260
-9470
-7649
-5802
-3936
-2057
-171
1716
3596
5465
7315
9142
10938
12698
14416
16086
17703
19260
20754
22180
23531
24804
25996
27101
28116
29038
29864
30590
31216
31738
32154
32464
32666
32759
32745
32621
32390
32051
31605
31056
30402
29648
28796
27848
26808
25679
24465
23170
21797
20353
18841
17266
15634
13951
12221
10451
8646
6812
4956
3084
1200
-686
-2571
-4447
-6309
-8150
-9963
-11743
-13484
-15181
-16828
-18418
-19947
-21411
-22803
-24120
-25356
-26509
-27574
-28547
-29426
-30207
-30888
-31466
-31940
-32308
-32569
-32722
-32766
-32702
-32530
-32249
-31861
-31368
-30771
-30072
-29273
-28377
-27387
-26306
-25137
-23886
-22555
-21149
-19673
-18132
-16531
-14876
-13170
-11422
-9635
-7816
-5971
-4106
-2228
-343
1544
3426
5296
7148
8977
10776
12539
14261
15936
17557
19121
20621
22053
23411
24692
25891
27004
28028
28958
29793
30528
31164
31695
32120
32440
32652
32756
32751
32637
32415
32086
31650
31110
30465
29721
28878
27938
26906
25785
24579
23290
21925
20487
18981
17412
15786
14106
12380
10613
8811
6980
5125
3254
1372
-515
-2400
-4277
-6140
-7983
-9799
-11583
-13328
-15029
-16680
-18276
-19811
-21281
-22679
-24004
-25247
-26408
-27481
-28463
-29350
-30140
-30830
-31418
-31901
-32279
-32550
-32712
-32767
-32712
-32550
-32279
-31901
-31418
-30830
-30140
-29349
-28462
-27480
-26408
-25247
-24003
-22679
-21280
-19811
-18275
-16680
-15028
-13327
-11582
-9798
-7982
-6140
-4276
-2399
-514
1373
3255
5126
6981
8812
10614
12381
14107
15786
17412
18982
20488
21926
23291
24579
25786
26907
27938
28878
29721
30466
31110
31650
32087
32415
32637
32751
32756
32652
32440
32120
31694
31163
30528
29793
28958
28027
27004
25891
24692
23410
22052
20620
19121
17557
15936
14261
12539
10775
8976
7147
5295
3425
1543
-343
-2229
-4107
-5972
-7817
-9635
-11422
-13171
-14876
-16532
-18133
-19674
-21150
-22555
-23887
-25138
-26306
-27387
-28378
-29273
-30072
-30771
-31368
-31861
-32250
-32530
-32702
-32766
-32722
-32569
-32308
-31940
-31465
-30888
-30206
-29425
-28547
-27573
-26509
-25356
-24119
-22803
-21411
-19947
-18417
-16827
-15180
-13484
-11743
-9962
-8149
-6308
-4447
-2570
-686
1201
3084
4957
6813
8646
10452
12222
13952
15635
17267
18842
20353
21798
23170
24465
25680
26809
27848
28797
29648
30402
31056
31606
32051
32390
32621
32745
32759
32666
32464
32154
31738
31216
30590
29864
29038
28116
27101
25995
24804
23530
22179
20753
19260
17702
16085
14415
12697
10937
9141
7315
5464
3596
1715
-172
-2058
-3937
-5803
-7650
-9471
-11261
-13013
-14723
-16383
-17990
-19536
-21018
-22431
-23768
-25027
-26203
-27293
-28291
-29195
-30004
-30712
-31318
-31821
-32218
-32509
-32691
-32765
-32731
-32587
-32336
-31978
-31513
-30944
-30273
-29500
-28631
-27666
-26609
-25464
-24235
-22926
-21540
-20082
-18559
-16974
-15332
-13640
-11902
-10125
-8314
-6477
-4617
-2741
-857
1029
2913
4787
6645
8481
10289
12063
13797
15484
17121
18701
20218
21669
23048
24351
25572
26710
27757
28714
29575
30338
31001
31560
32015
32363
32605
32738
32763
32679
32486
32186
31780
31267
30651
29934
29117
28204
27197
26099
24916
23649
22305
20886
19398
17846
16234
14569
12855
11099
9306
7482
5633
3766
1886
-0
-1887
-3766
-5634
-7482
-9306
-11100
-12856
-14570
-16235
-17847
-19398
-20886
-22305
-23650
-24916
-26100
-27197
-28204
-29117
-29934
-30652
-31268
-31780
-32186
-32486
-32679
-32763
-32738
-32605
-32363
-32014
-31560
-31000
-30338
-29574
-28714
-27757
-26709
-25572
-24350
-23048
-21668
-20218
-18700
-17120
-15483
-13796
-12062
-10288
-8480
-6645
-4786
-2912
-1029
858
2742
4617
6477
8315
10126
11903
13640
15333
16975
18559
20083
21540
22926
24236
25465
26610
27666
28631
29501
30273
30945
31513
31978
32336
32588
32731
32765
32691
32508
32218
31821
31318
30712
30003
29195
28291
27292
26203
25027
23768
22430
21018
19536
17990
16383
14722
13013
11260
9470
7649
5802
3936
2057
171
-1716
-3596
-5465
-7315
-9142
-10938
-12698
-14416
-16086
-17703
-19260
-20754
-22180
-23531
-24804
-25996
-27101
-28116
-29038
-29864
-30590
-31216
-31738
-32154
-32464
-32666
-32759
-32745
-32621
-32390
-32051
-31605
-31056
-30402
-29648
-28796
-27848
-26808
-25679
-24465
-23170
-21797
-20353
-18841
-17266
-15634
-13951
-12221
-10451
-8646
-6812
-4956
-3084
-1200
686
2571
4447
6309
8150
9963
11743
13484
15181
16828
18418
19947
21411
22803
24120
25356
26509
27574
28547
29426
30207
30888
31466
31940
32308
32569
32722
32766
32702
32530
32249
31861
31368
30771
30072
29273
28377
27387
26306
25137
23886
22555
21149
19673
18132
16531
14876
13170
11422
9635
7816
5971
4106
2228
343
-1544
-3426
-5296
-7148
-8977
-10776
-12539
-14261
-15936
-17558
-19121
-20621
-22053
-23411
-24692
-25891
-27004
-28028
-28958
-29793
-30528
-31164
-31695
-32120
-32440
-32652
-32756
-32751
-32637
-32415
-32086
-31650
-31110
-30465
-29721
-28878
-27938
-26906
-25785
-24579
-23290
-21925
-20487
-18981
-17412
-15786
-14106
-12380
-10613
-8811
-6980
-5125
-3254
-1372
515
2400
4277
6140
7983
9799
11583
13328
15029
16680
18276
19811
21281
22679
24004
25247
26408
27481
28463
29350
30140
30830
31418
31901
32279
32550
32712
32767
32712
32550
32279
31901
31418
30830
30140
29349
28462
27480
26408
25247
24003
22679
21280
19811
18275
16680
15028
13327
11582
9798
7982
6139
4276
2399
514
-1373
-3255
-5126
-6981
-8812
-10614
-12381
-14107
-15786
-17412
-18982
-20488
-21926
-23291
-24579
-25786
-26907
-27938
-28878
-29721
-30466
-31110
-31650
-32087
-32415
-32637
-32751
-32756
-32652
-32440
-32120
-31694
-31163
-30528
-29793
-28958
-28027
-27004
-25891
-24692
-23410
-22052
-20620
-19121
-17557
-15936
-14261
-12539
-10775
-8976
-7147
-5295
-3425
-1543
343
2229
4107
5972
7817
9635
11422
13171
14876
16532
18133
19674
21150
22555
23887
25138
26306
27387
28378
29273
30072
30771
31368
31861
32250
32530
32702
32766
32722
32569
32308
31940
31465
30888
30206
29425
28547
27573
26509
25356
24119
22803
21411
19947
18417
16827
15180
13484
11743
9962
8149
6308
4447
2570
686
-1201
-3084
-4957
-6813
-8646
-10452
-12222
-13952
-15635
-17267
-18842
-20353
-21798
-23170
-24465
-25680
-26809
-27848
-28797
-29648
-30402
-31056
-31606
-32051
-32390
-32621
-32745
-32759
-32666
-32464
-32154
-31738
-31216
-30590
-29864
-29038
-28116
-27101
-25995
-24804
-23530
-22179
-20753
-19260
-17702
-16085
-14415
-12697
-10937
-9141
-7315
-5464
-3596
-1715
172
2058
3937
5803
7650
9471
11261
13013
14723
16383
17990
19536
21018
22431
23768
25027
26203
27293
28291
29195
30004
30712
31318
31821
32218
32509
32691
32765
32731
32587
32336
31978
31513
30944
30273
29500
28631
27666
26609
25464
24235
22926
21540
20082
18559
16974
15332
13640
11902
10125
8314
6477
4617
2741
857
-1029
-2913
-4787
-6645
-8481
-10289
-12063
-13797
-15484
-17121
-18701
-20218
-21669
-23048
-24351
-25572
-26710
-27757
-28714
-29575
-30338
-31001
-31560
-32015
-32363
-32605
-32738
-32763
-32679
-32486
-32186
-31780
-31267
-30651
-29934
-29117
-28204
-27197
-26099
-24916
-23649
-22305
-20886
-19398
-17846
-16234
-14569
-12855
-11099
-9306
-7482
-5633
-3766
-1886
0
1887
3766
5634
7483
9306
11100
12856
14570
16235
17847
19398
20886
22305
23650
24916
26100
27197
28204
29117
29934
30652
31268
31780
32186
32486
32679
32763
32738
32605
32363
32014
31560
31000
30338
29574
28714
27757
26709
25572
24350
23048
21668
20218
18700
17120
15483
13796
12062
10288
8480
6645
4786
2912
1029
-858
-2742
-4617
-6477
-8315
-10126
-11903
-13640
-15333
-16975
-18559
-20083
-21540
-22926
-24236
-25465
-26610
-27666
-28631
-29501
-30273
-30945
-31513
-31978
-32336
-32588
-32731
-32765
-32691
-32508
-32218
-31821
-31318
-30712
-30003
-29195
-28291
-27292
-26203
-25027
-23768
-22430
-21018
-19536
-17990
-16383
-14722
-13013
-11260
-9470
-7649
-5802
-3936
-2057
-171
1716
3596
5465
7315
9142
10938
12698
14416
16086
17703
19260
20754
22180
23531
24804
25996
27101
28116
29038
29864
30590
31216
31738
32154
32464
32666
32759
32745
32621
32390
32051
31605
31056
30402
29648
28796
27848
26808
25679
24465
23170
21797
20353
18841
17266
15634
13951
12221
10451
8646
6812
4956
3084
1200
-686
-2571
-4448
-6309
-8150
-9963
-11743
-13484
-15181
-16828
-18418
-19947
-21411
-22803
-24120
-25356
-26509
-27574
-28547
-29426
-30207
-30888
-31466
-31940
-32308
-32569
-32722
-32766
-32702
-32530
-32249
-31861
-31368
-30771
-30072
-29273
-28377
-27387
-26306
-25137
-23886
-22555
-21149
-19673
-18132
-16531
-14876
-13170
-11422
-9635
-7816
-5971
-4106
-2228
-343
1544
3426
5296
7148
8977
10776
12539
14261
15936
17558
19121
20621
22053
23411
24692
25891
27004
28028
28958
29793
30528
31164
31695
32120
32440
32652
32756
32751
32637
32415
32086
31650
31110
30465
29721
28878
27938
26906
25785
24579
23290
21925
20487
18981
17412
15786
14106
12380
10613
8811
6980
5125
3254
1372
-515
-2400
-4277
-6140
-7983
-9799
-11583
-13328
-15029
-16680
-18276
-19811
-21281
-22679
-24004
-25247
-26408
-27481
-28463
-29350
-30140
-30830
-31418
-31901
-32279
-32550
-32712
-32767
-32712
-32550
-32279
-31901
-31418
-30830
-30140
-29349
-28462
-27480
-26408
-25247
-24003
-22679
-21280
-19811
-18275
-16680
-15028
-13327
-11582
-9798
-7982
-6139
-4276
-2399
-514
1373
3255
5126
6981
8812
10614
12381
14107
15786
17412
18982
20488
21926
23291
24579
25786
26907
27938
28878
29721
30466
31110
31650
32087
32415
32637
32751
32756
32652
32440
32120
31694
31163
30528
29793
28958
28027
27004
25891
24692
23410
22052
20620
19121
17557
15936
14261
12539
10775
8976
7147
5295
3425
1543
-343
-2229
-4107
-5972
-7817
-9635
-11422
-13171
-14876
-16532
-18133
-19674
-21150
-22555
-23887
-25138
-26306
-27387
-28378
-29273
-30072
-30771
-31368
-31861
-32250
-32530
-32702
-32766
-32722
-32569
-32308
-31940
-31465
-30888
-30206
-29425
-28547
-27573
-26509
-25356
-24119
-22803
-21411
-19947
-18417
-16827
-15180
-13484
-11743
-9962
-8149
-6308
-4447
-2570
-686
1201
3084
4957
6813
8646
10452
12222
13952
15635
17267
18842
20353
21798
23170
24465
25680
26809
27848
28797
29648
30402
31056
31606
32051
32390
32621
32745
32759
32666
32464
32154
31738
31216
30590
29864
29038
28116
27101
25995
24804
23530
22179
20753
19259
17702
16085
14415
12697
10937
9141
7315
5464
3596
1715
-172
-2058
-3937
-5803
-7650
-9471
-11261
-13013
-14723
-16383
-17990
-19536
-21018
-22431
-23768
-25027
-26203
-27293
-28291
-29195
-30004
-30712
-31318
-31821
-32218
-32509
-32691
-32765
-32731
-32587
-32336
-31978
-31513
-30944
-30273
-29500
-28631
-27666
-26609
-25464
-24235
-22926
-21540
-20082
-18559
-16974
-15332
-13640
-11902
-10125
-8314
-6477
-4617
-2741
-857
1029
2913
4787
6645
8481
10289
12063
13797
15484
17121
18701
20218
21669
23048
24351
25572
26710
27757
28714
29575
30338
31001
31560
32015
32363
32605
32738
32763
32679
32486
32186
31780
31267
30651
29934
29117
28204
27197
26099
24916
23649
22305
20886
19398
17846
16234
14569
12855
11099
9306
7482
5633
3766
1886
-0
-1887
-3766
-5634
-7483
-9306
-11100
-12856
-14570
-16235
-17847
-19398
-20886
-22305
-23650
-24916
-26100
-27197
-28204
-29117
-29934
-30652
-31268
-31780
-32186
-32486
-32679
-32763
-32738
-32605
-32363
-32014
-31560
-31000
-30338
-29574
-28714
-27757
-26709
-25572
-24350
-23048
-21668
-20218
-18700
-17120
-15483
-13796
-12062
-10288
-8480
-6645
-4786
-2912
-1029
858
2742
4617
6477
8315
10126
11903
13640
15333
16975
18559
20083
21540
22926
24236
25465
26610
27666
28631
29501
30273
30945
31513
31978
32336
32588
32731
32765
32691
32508
32218
31821
31318
30712
30003
29195
28291
27292
26203
25027
23768
22430
21018
19536
17990
16383
14722
13013
11260
9470
7649
5802
3936
2057
171
-1716
-3596
-5465
-7315
-9142
-10938
-12698
-14416
-16086
-17703
-19260
-20754
-22180
-23531
-24804
-25996
-27101
-28116
-29038
-29864
-30590
-31216
-31738
-32154
-32464
-32666
-32759
-32745
-32621
-32390
-32051
-31605
-31056
-30402
-29648
-28796
-27848
-26808
-25679
-24465
-23170
-21797
-20353
-18841
-17266
-15634
-13951
-12221
-10451
-8646
-6812
-4956
-3084
-1200
686
2571
4448
6309
8150
9963
11743
13484
15181
16828
18418
19947
21411
22803
24120
25356
26509
27574
28547
29426
30207
30888
31466
31940
32308
32569
32722
32766
32702
32530
32249
31861
31368
30771
30072
29273
28377
27387
26306
25137
23886
22555
21149
19673
18132
16531
14876
13170
11422
9635
7816
5971
4106
2228
343
-1544
-3426
-5296
-7148
-8977
-10776
-12539
-14261
-15936
-17558
-19121
-20621
-22053
-23411
-24692
-25891
-27004
-28028
-28958
-29793
-30528
-31164
-31695
-32120
-32440
-32652
-32756
-32751
-32637
-32415
-32086
-31650
-31110
-30465
-29721
-28878
-27938
-26906
-25785
-24579
-23290
-21925
-20487
-18981
-17412
-15786
-14106
-12380
-10613
-8811
-6980
-5125
-3254
-1372
515
2400
4277
6140
7983
9799
11583
13328
15029
16680
18276
19811
21281
22679
24004
25247
26408
27481
28463
29350
30140
30830
31418
31901
32279
32550
32712
32767
32712
32550
32279
31901
31418
30830
30140
29349
28462
27480
26408
25247
24003
22679
21280
19811
18275
16680
15028
13327
11582
9798
7982
6139
4276
2399
514
-1373
-3255
-5126
-6981
-8812
-10614
-12381
-14107
-15786
-17412
-18982
-20488
-21926
-23291
-24579
-25786
-26907
-27938
-28878
-29721
-30466
-31110
-31650
-32087
-32415
-32637
-32751
-32756
-32652
-32440
-32120
-31694
-31163
-30528
-29793
-28958
-28027
-27004
-25891
-24692
-23410
-22052
-20620
-19121
-17557
-15936
-14261
-12539
-10775
-8976
-7147
-5295
-3425
-1543
343
2229
4107
5972
7817
9635
11422
13171
14876
16532
18133
19674
21150
22555
23887
25138
26306
27387
28378
29273
30072
30771
31368
31861
32250
32530
32702
32766
32722
32569
32308
31940
31465
30888
30206
29425
28547
27573
26509
25356
24119
22803
21411
19947
18417
16827
15180
13484
11743
9962
8149
6308
4447
2570
686
-1201
-3084
-4957
-6813
-8646
-10452
-12222
-13952
-15635
-17267
-18842
-20353
-21798
-23170
-24465
-25680
-26809
-27848
-28797
-29648
-30402
-31056
-31606
-32051
-32390
-32621
-32745
-32759
-32666
-32464
-32154
-31738
-31216
-30590
-29864
-29038
-28116
-27101
-25995
-24804
-23530
-22179
-20753
-19259
-17702
-16085
-14415
-12697
-10937
-9141
-7315
-5464
-3596
-1715
172
2058
3937
5803
7650
9471
11261
13013
14723
16383
17990
19536
21018
22431
23768
25027
26203
27293
28291
29195
30004
30712
31318
31821
32218
32509
32691
32765
32731
32587
32336
31978
31513
30944
30273
29500
28631
27666
26609
25464
24235
22926
21540
20082
18559
16974
15332
13640
11902
10125
8314
6477
4617
2741
857
-1030
-2913
-4787
-6645
-8481
-10289
-12063
-13797
-15484
-17121
-18701
-20218
-21669
-23048
-24351
-25572
-26710
-27757
-28714
-29575
-30338
-31001
-31560
-32015
-32363
-32605
-32738
-32763
-32679
-32486
-32186
-31780
-31267
-30651
-29934
-29117
-28204
-27197
-26099
-24916
-23649
-22305
-20886
-19398
-17846
-16234
-14569
-12855
-11099
-9306
-7482
-5633
-3766
-1886
0
1887
3766
5634
7483
9307
11100
12856
14570
16235
17847
19398
20887
22305
23650
24916
26100
27197
28204
29117
29934
30652
31268
31780
32186
32486
32679
32763
32738
32605
32363
32014
31560
31000
30338
29574
28714
27757
26709
25572
24350
23048
21668
20218
18700
17120
15483
13796
12062
10288
8480
6644
4786
2912
1029
-858
-2742
-4617
-6477
-8315
-10126
-11903
-13640
-15333
-16975
-18559
-20083
-21540
-22926
-24236
-25465
-26610
-27666
-28631
-29501
-30273
-30945
-31513
-31978
-32336
-32588
-32731
-32765
-32691
-32508
-32218
-31821
-31318
-30712
-30003
-29195
-28291
-27292
-26203
-25027
-23768
-22430
-21018
-19536
-17990
-16383
-14722
-13013
-11260
-9470
-7649
-5802
-3936
-2057
-171
1716
3596
5465
7315
9142
10938
12698
14416
16086
17703
19260
20754
22180
23531
24804
25996
27101
28116
29038
29864
30590
31216
31738
32154
32464
32666
32759
32745
32621
32390
32051
31605
31056
30402
29648
28796
27848
26808
25679
24465
23170
21797
20353
18841
17266
15634
13951
12221
10451
8645
6812
4956
3084
1200
-686
-2571
-4448
-6309
-8150
-9963
-11743
-13484
-15181
-16828
-18418
-19947
-21411
-22803
-24120
-25356
-26509
-27574
-28547
-29426
-30207
-30888
-31466
-31940
-32308
-32569
-32722
-32766
-32702
-32530
-32249
-31861
-31368
-30771
-30072
-29273
-28377
-27387
-26306
-25137
-23886
-22555
-21149
-19673
-18132
-16531
-14876
-13170
-11422
-9635
-7816
-5971
-4106
-2228
-343
1544
3426
5296
7148
8977
10776
12539
14261
15936
17558
19121
20621
22053
23411
24692
25891
27004
28028
28958
29793
30528
31164
31695
32120
32440
32652
32756
32751
32637
32415
32086
31650
31110
30465
29721
28878
27938
26906
25785
24579
23290
21925
20487
18981
17412
15785
14106
12380
10613
8811
6980
5125
3254
1372
-515
-2400
-4277
-6140
-7983
-9799
-11583
-13328
-15029
-16680
-18276
-19811
-21281
-22679
-24004
-25247
-26408
-27481
-28463
-29350
-30140
-30830
-31418
-31901
-32279
-32550
-32712
-32767
-32712
-32550
-32279
-31901
-31418
-30830
-30140
-29349
-28462
-27480
-26408
-25247
-24003
-22679
-21280
-19811
-18275
-16680
-15028
-13327
-11582
-9798
-7982
-6139
-4276
-2399
-514
1373
3255
5126
6981
8812
10614
12381
14107
15786
17412
18982
20488
21926
23291
24579
25786
26907
27938
28878
29721
30466
31110
31650
32087
32415
32637
32751
32756
32652
32440
32120
31694
31163
30528
29793
28958
28027
27004
25891
24692
23410
22052
20620
19121
17557
15936
14261
12539
10775
8976
7147
5295
3425
1543
-343
-2229
-4107
-5972
-7817
-9635
-11422
-13171
-14876
-16532
-18133
-19674
-21150
-22555
-23887
-25138
-26306
-27387
-28378
-29273
-30072
-30771
-31368
-31861
-32250
-32530
-32702
-32766
-32722
-32569
-32308
-31940
-31465
-30888
-30206
-29425
-28547
-27573
-26509
-25356
-24119
-22803
-21411
-19947
-18417
-16827
-15180
-13484
-11742
-9962
-8149
-6308
-4447
-2570
-686
1201
3084
4957
6813
8646
10452
12222
13952
15635
17267
18842
20353
21798
23170
24465
25680
26809
27848
28797
29648
30402
31056
31606
32051
32390
32621
32745
32759
32666
32464
32154
31738
31216
30590
29864
29038
28116
27101
25995
24804
23530
22179
20753
19259
17702
16085
14415
12697
10937
9141
7315
5464
3596
1715
-172
-2058
-3937
-5803
-7650
-9471
-11261
-13013
-14723
-16383
-17990
-19536
-21018
-22431
-23768
-25027
-26203
-27293
-28291
-29195
-30004
-30712
-31318
-31821
-32218
-32509
-32691
-32765
-32731
-32587
-32336
-31978
-31513
-30944
-30273
-29500
-28631
-27666
-26609
-25464
-24235
-22926
-21540
-20082
-18559
-16974
-15332
-13640
-11902
-10125
-8314
-6477
-4617
-2741
-857
1030
2913
4787
6645
8481
10289
12063
13797
15484
17121
18701
20218
21669
23048
24351
25572
26710
27757
28714
29575
30338
31001
31560
32015
32363
32605
32738
32763
32679
32486
32186
31780
31267
30651
29934
29117
28204
27197
26099
24916
23649
22305
20886
19398
17846
16234
14569
12855
11099
9306
7482
5633
3765
1886
-0
-1887
-3766
-5634
-7483
-9307
-11100
-12856
-14570
-16235
-17847
-19398
-20887
-22305
-23650
-24916
-26100
-27197
-28204
-29117
-29934
-30652
-31268
-31780
-32186
-32486
-32679
-32763
-32738
-32605
-32363
-32014
-31560
-31000
-30338
-29574
-28714
-27757
-26709
-25572
-24350
-23048
-21668
-20218
-18700
-17120
-15483
-13796
-12062
-10288
-8480
-6644
-4786
-2912
-1029
858
2742
4617
6477
8315
10126
11903
13640
15333
16975
18559
20083
21540
22926
24236
25465
26610
27666
28631
29501
30273
30945
31513
31978
32336
32588
32731
32765
32691
32508
32218
31821
31318
30712
30003
29195
28291
27292
26203
25027
23768
22430
21018
19536
17990
16383
14722
13013
11260
9470
7649
5802
3936
2057
171
-1716
-3596
-5465
-7315
-9142
-10938
-12698
-14416
-16086
-17703
-19260
-20754
-22180
-23531
-24804
-25996
-27101
-28116
-29038
-29864
-30590
-31216
-31738
-32154
-32464
-32666
-32759
-32745
-32621
-32390
-32051
-31605
-31056
-30402
-29648
-28796
-27848
-26808
-25679
-24465
-23170
-21797
-20352
-18841
-17266
-15634
-13951
-12221
-10451
-8645
-6812
-4956
-3084
-1200
686
2571
4448
6309
8150
9963
11743
13484
15181
16828
18418
19947
21411
22803
24120
25356
26509
27574
28547
29426
30207
30888
31466
31940
32308
32569
32722
32766
32702
32530
32249
31861
31368
30771
30072
29273
28377
27387
26306
25137
23886
22555
21149
19673
18132
16531
14876
13170
11422
9634
7816
5971
4106
2228
343
-1544
-3426
-5296
-7148
-8977
-10776
-12539
-14261
-15936
-17558
-19121
-20621
-22053
-23411
-24692
-25891
-27004
-28028
-28958
-29793
-30528
-31164
-31695
-32120
-32440
-32652
-32756
-32751
-32637
-32415
-32086
-31650
-31110
-30465
-29721
-28878
-27938
-26906
-25785
-24579
-23290
-21925
-20487
-18981
-17412
-15785
-14106
-12380
-10613
-8811
-6980
-5125
-3254
-1372
515
2400
4277
6140
7983
9799
11583
13328
15029
16680
18276
19811
21281
22679
24004
25247
26408
27481
28463
29350
30140
30830
31418
31901
32279
32550
32712
32767
32712
32550
32279
31901
31418
30830
30140
29349
28462
27480
26408
25247
24003
22679
21280
19811
18275
16680
15028
13327
11582
9798
7982
6139
4276
2399
514
-1373
-3255
-5126
-6981
-8812
-10614
-12381
-14107
-15786
-17412
-18982
-20488
-21926
-23291
-24579
-25786
-26907
-27938
-28878
-29721
-30466
-31110
-31650
-32087
-32415
-32637
-32751
-32756
-32652
-32440
-32120
-31694
-31163
-30528
-29793
-28958
-28027
-27004
-25891
-24692
-23410
-22052
-20620
-19121
-17557
-15936
-14261
-12539
-10775
-8976
-7147
-5295
-3425
-1543
343
2229
4107
5972
7817
9635
11422
13171
14876
16532
18133
19674
21150
22555
23887
25138
26306
27387
28378
29273
30072
30771
31368
31861
32250
32530
32702
32766
32722
32569
32308
31940
31465
30888
30206
29425
28547
27573
26509
25356
24119
22803
21411
19947
18417
16827
15180
13484
11742
9962
8149
6308
4447
2570
686
-1201
-3084
-4957
-6813
-8646
-10452
-12222
-13952
-15635
-17267
-18842
-20353
-21798
-23170
-24465
-25680
-26809
-27848
-28797
-29648
-30402
-31056
-31606
-32051
-32390
-32621
-32745
-32759
-32666
-32464
-32154
-31738
-31216
-30590
-29864
-29038
-28116
-27101
-25995
-24804
-23530
-22179
-20753
-19259
-17702
-16085
-14415
-12697
-10937
-9141
-7314
-5464
-3596
-1715
172
2058
3937
5803
7650
9471
11261
13013
14723
16383
17990
19537
21018
22431
23768
25027
26203
27293
28291
29195
30004
30712
31318
31821
32218
32509
32691
32765
32731
32587
32336
31978
31513
30944
30273
29500
28631
27665
26609
25464
24235
22926
21540
20082
18559
16974
15332
13640
11902
10125
8314
6477
4617
2741
857
-1030
-2913
-4787
-6645
-8481
-10289
-12063
-13797
-15484
-17121
-18701
-20218
-21669
-23048
-24351
-25572
-26710
-27757
-28714
-29575
-30338
-31001
-31560
-32015
-32363
-32605
-32738
-32763
-32679
-32486
-32186
-31780
-31267
-30651
-29934
-29117
-28204
-27197
-26099
-24916
-23649
-22305
-20886
-19398
-17846
-16234
-14569
-12855
-11099
-9306
-7482
-5633
-3765
-1886
0
1887
3766
5634
7483
9307
11100
12856
14570
16235
17847
19398
20887
22305
23650
24916
26100
27197
28204
29117
29934
30652
31268
31780
32186
32486
32679
32763
32738
32605
32363
32014
31560
31000
30338
29574
28714
27757
26709
25572
24350
23048
21668
20218
18700
17120
15483
13796
12062
10288
8480
6644
4786
2912
1029
-858
-2742
-4617
-6477
-8315
-10126
-11903
-13641
-15333
-16975
-18559
-20083
-21540
-22926
-24236
-25465
-26610
-27666
-28631
-29501
-30273
-30945
-31513
-31978
-32336
-32588
-32731
-32765
-32691
-32508
-32218
-31821
-31318
-30712
-30003
-29195
-28291
-27292
-26203
-25027
-23768
-22430
-21018
-19536
-17990
-16383
-14722
-13013
-11260
-9470
-7649
-5802
-3936
-2057
-171
1716
3596
5465
7315
9142
10938
12698
14416
16086
17703
19260
20754
22180
23531
24804
25996
27101
28116
29038
29864
30590
31216
31738
32154
32464
32666
32759
32745
32621
32390
32051
31605
31056
30402
29648
28796
27848
26808
25679
24465
23170
21797
20352
18841
17266
15634
13951
12221
10451
8645
6812
4956
3084
1200
-687
-2571
-4448
-6309
-8150
-9963
-11743
-13484
-15181
-16828
-18418
-19947
-21411
-22803
-24120
-25356
-26509
-27574
-28547
-29426
-30207
-30888
-31466
-31940
-32308
-32569
-32722
-32766
-32702
-32530
-32249
-31861
-31368
-30771
-30072
-29273
-28377
-27387
-26306
-25137
-23886
-22555
-21149
-19673
-18132
-16531
-14876
-13170
-11422
-9634
-7816
-5971
-4106
-2228
-343
1544
3426
5296
7148
8977
10776
12539
14261
15936
17558
19121
20621
22053
23411
24693
25891
27004
28028
28958
29793
30528
31164
31695
32120
32440
32652
32756
32751
32637
32415
32086
31650
31110
30465
29721
28878
27938
26906
25785
24579
23290
21925
20487
18981
17412
15785
14106
12380
10613
8811
6980
5125
3254
1372
-515
-2400
-4277
-6140
-7983
-9799
-11583
-13328
-15029
-16680
-18276
-19811
-21281
-22679
-24004
-25247
-26408
-27481
-28463
-29350
-30140
-30830
-31418
-31901
-32279
-32550
-32712
-32767
-32712
-32550
-32279
-31901
-31418
-30830
-30140
-29349
-28462
-27480
-26408
-25247
-24003
-22679
-21280
-19811
-18275
-16680
-15028
-13327
-11582
-9798
-7982
-6139
-4276
-2399
-514
1373
3255
5126
6981
8812
10614
12381
14107
15786
17412
18982
20488
21926
23291
24579
25786
26907
27938
28878
29721
30466
31110
31650
32087
32415
32637
32751
32756
32652
32440
32120
31694
31163
30528
29793
28958
28027
27004
25891
24692
23410
22052
20620
19121
17557
15936
14261
12539
10775
8976
7147
5295
3425
1543
-343
-2229
-4107
-5972
-7817
-9635
-11422
-13171
-14876
-16532
-18133
-19674
-21150
-22555
-23887
-25138
-26306
-27387
-28378
-29273
-30072
-30771
-31368
-31861
-32250
-32530
-32702
-32766
-32722
-32569
-32308
-31940
-31465
-30888
-30206
-29425
-28547
-27573
-26509
-25356
-24119
-22802
-21411
-19947
-18417
-16827
-15180
-13484
-11742
-9962
-8149
-6308
-4447
-2570
-686
1201
3084
4957
6813
8646
10452
12222
13952
15635
17267
18842
20353
21798
23170
24465
25680
26809
27848
28797
29648
30402
31056
31606
32051
32390
32621
32745
32759
32666
32464
32154
31738
31216
30590
29864
29038
28116
27101
25995
24804
23530
22179
20753
19259
17702
16085
14415
12697
10937
9141
7314
5464
3596
1715
-172
-2058
-3937
-5803
-7650
-9471
-11261
-13013
-14723
-16383
-17990
-19537
-21018
-22431
-23768
-25027
-26203
-27293
-28291
-29195
-30004
-30712
-31318
-31821
-32218
-32509
-32691
-32765
-32731
-32587
-32336
-31978
-31513
-30944
-30273
-29500
-28631
-27665
-26609
-25464
-24235
-22926
-21540
-20082
-18559
-16974
-15332
-13640
-11902
-10125
-8314
-6477
-4617
-2741
-857
1030
2913
4787
6645
8481
10289
12063
13797
15484
17121
18701
20218
21669
23048
24351
25572
26710
27757
28714
29575
30338
31001
31560
32015
32363
32605
32738
32763
32679
32486
32186
31780
31267
30651
29934
29117
28204
27197
26099
24916
23649
22305
20886
19398
17846
16234
14569
12855
11099
9306
7482
5633
3765
1886
-0
-1887
-3766
-5634
-7483
-9307
-11100
-12856
-14570
-16235
-17847
-19398
-20887
-22305
-23650
-24916
-26100
-27197
-28204
-29117
-29934
-30652
-31268
-31780
-32186
-32486
-32679
-32763
-32738
-32605
-32363
-32014
-31560
-31000
-30338
-29574
-28714
-27757
-26709
-25572
-24350
-23048
-21668
-20218
-18700
-17120
-15483
-13796
-12062
-10288
-8480
-6644
-4786
-2912
-1029
858
2742
4617
6477
8315
10126
11903
13641
15333
16975
18559
20083
21540
22926
24236
25465
26610
27666
28631
29501
30273
30945
31513
31978
32336
32588
32731
32765
32691
32508
32218
31821
31318
30712
30003
29195
28291
27292
26203
25027
23768
22430
21018
19536
17990
16383
14722
13013
11260
9470
7649
5802
3936
2057
171
-1716
-3596
-5465
-7315
-9142
-10938
-12698
-14416
-16086
-17703
-19260
-20754
-22180
-23531
-24804
-25996
-27101
-28116
-29038
-29864
-30590
-31216
-31738
-32154
-32464
-32666
-32759
-32745
-32621
-32390
-32051
-31605
-31056
-30402
-29648
-28796
-27848
-26808
-25679
-24465
-23170
-21797
-20352
-18841
-17266
-15634
-13951
-12221
-10451
-8645
-6812
-4956
-3084
-1200
687
2571
4448
6309
8150
9963
11743
13484
15181
16828
18418
19947
21411
22803
24120
25356
26509
27574
28547
29426
30207
30888
31466
31940
32308
32569
32722
32766
32702
32530
32249
31861
31368
30771
30072
29273
28377
27387
26306
25137
23886
22555
21149
19673
18132
16531
14876
13170
11422
9634
7816
5971
4106
2228
343
-1544
-3426
-5296
-7148
-8977
-10776
-12539
-14261
-15936
-17558
-19121
-20621
-22053
-23411
-24693
-25891
-27004
-28028
-28958
-29793
-30528
-31164
-31695
-32120
-32440
-32652
-32756
-32751
-32637
-32415
-32086
-31650
-31110
-30465
-29721
-28878
-27938
-26906
-25785
-24579
-23290
-21925
-20487
-18981
-17412
-15785
-14106
-12380
-10613
-8811
-6980
-5125
-3254
-1372
515
2400
4277
6140
7983
9799
11583
13328
15029
16680
18276
19811
21281
22679
24004
25247
26408
27481
28463
29350
30140
30830
31418
31901
32279
32550
32712
32767
32712
32550
32279
31901
31418
30830
30140
29349
28462
27480
26408
25247
24003
22679
21280
19811
18275
16680
15028
13327
11582
9798
7982
6139
4276
2399
514
-1373
-3255
-5126
-6981
-8812
-10614
-12381
-14107
-15786
-17413
-18982
-20488
-21926
-23291
-24579
-25786
-26907
-27938
-28878
-29721
-30466
-31110
-31650
-32087
-32415
-32637
-32751
-32756
-32652
-32440
-32120
-31694
-31163
-30528
-29793
-28958
-28027
-27004
-25891
-24692
-23410
-22052
-20620
-19121
-17557
-15936
-14261
-12539
-10775
-8976
-7147
-5295
-3425
-1543
343
2229
4107
5972
7817
9635
11422
13171
14876
16532
18133
19674
21150
22555
23887
25138
26306
27387
28378
29273
30072
30771
31368
31861
32250
32530
32702
32766
32722
32569
32308
31940
31465
30888
30206
29425
28547
27573
26509
25356
24119
22802
21411
19947
18417
16827
15180
13484
11742
9962
8149
6308
4447
2570
686
-1201
-3084
-4957
-6813
-8646
-10452
-12222
-13952
-15635
-17267
-18842
-20353
-21798
-23170
-24465
-25680
-26809
-27848
-28797
-29648
-30402
-31056
-31606
-32051
-32390
-32621
-32745
-32759
-32666
-32464
-32154
-31738
-31216
-30590
-29864
-29038
-28116
-27101
-25995
-24804
-23530
-22179
-20753
-19259
-17702
-16085
-14415
-12697
-10937
-9141
-7314
-5464
-3596
-1715
172
2058
3937
5803
7650
9471
11261
13013
14723
16383
17990
19537
21018
22431
23768
25027
26203
27293
28291
29195
30004
30712
31318
31821
32218
32509
32691
32765
32731
32587
32336
31978
31513
30944
30273
29500
28631
27665
26609
25464
24235
22926
21540
20082
18559
16974
15332
13640
11902
10125
8314
6477
4617
2741
857
-1030
-2913
-4787
-6645
-8481
-10289
-12063
-13797
-15484
-17121
-18701
-20218
-21669
-23048
-24351
-25572
-26710
-27757
-28714
-29575
-30338
-31001
-31560
-32015
-32363
-32605
-32738
-32763
-32679
-32486
-32186
-31780
-31267
-30651
-29934
-29117
-28204
-27197
-26099
-24916
-23649
-22305
-20886
-19398
-17846
-16234
-14569
-12855
-11099
-9306
-7482
-5633
-3765
-1886
0
1887
3766
5634
7483
9307
11100
12856
14570
16235
17847
19398
20887
22305
23650
24916
26100
27197
28204
29117
29934
30652
31268
31780
32186
32486
32679
32763
32738
32605
32363
32014
31560
31000
30338
29574
28714
27757
26709
25572
24350
23048
21668
20218
18700
17120
15483
13796
12062
10288
8480
6644
4786
2912
1029
-858
-2742
-4617
-6477
-8315
-10126
-11903
-13641
-15333
-16975
-18560
-20083
-21540
-22926
-24236
-25465
-26610
-27666
-28631
-29501
-30273
-30945
-31513
-31978
-32336
-32588
-32731
-32765
-32691
-32508
-32218
-31821
-31318
-30712
-30003
-29195
-28291
-27292
-26203
-25027
-23768
-22430
-21018
-19536
-17990
-16383
-14722
-13013
-11260
-9470
-7649
-5802
-3936
-2057
-171
1716
3596
5465
7315
9142
10938
12698
14416
16086
17703
19260
20754
22180
23531
24804
25996
27101
28116
29038
29864
30590
31216
31738
32154
32464
32666
32759
32745
32621
32390
32051
31605
31056
30402
29648
28796
27848
26808
25679
24465
23170
21797
20352
18841
17266
15634
13951
12221
10451
8645
6812
4956
3084
1200
-687
-2571
-4448
-6309
-8150
-9963
-11743
-13484
-15181
-16828
-18418
-19947
-21411
-22803
-24120
-25356
-26509
-27574
-28547
-29426
-30207
-30888
-31466
-31940
-32308
-32569
-32722
-32766
-32702
-32530
-32249
-31861
-31368
-30771
-30072
-29273
-28377
-27387
-26306
-25137
-23886
-22555
-21149
-19673
-18132
-16531
-14876
-13170
-11422
-9634
-7816
-5971
-4106
-2228
-343
1544
3426
5296
7148
8977
10776
12539
14261
15936
17558
19121
20621
22053
23411
24693
25891
27004
28028
28958
29793
30528
31164
31695
32120
32440
32652
32756
32751
32637
32415
32086
31650
31109
30465
29721
28878
27938
26906
25785
24579
23290
21925
20487
18981
17412
15785
14106
12380
10613
8811
6980
5125
3254
1372
-515
-2400
-4277
-6140
-7983
-9799
-11583
-13328
-15029
-16680
-18276
-19811
-21281
-22679
-24004
-25247
-26408
-27481
-28463
-29350
-30140
-30830
-31418
-31901
-32279
-32550
-32712
-32767
-32712
-32550
-32279
-31901
-31418
-30830
-30140
-29349
-28462
-27480
-26408
-25247
-24003
-22679
-21280
-19811
-18275
-16680
-15028
-13327
-11582
-9798
-7982
-6139
-4276
-2399
-514
1373
3255
5126
6981
8812
10614
12381
14107
15786
17413
18982
20488
21926
23291
24579
25786
26907
27938
28878
29721
30466
31110
31650
32087
32415
32637
32751
32756
32652
32440
32120
31694
31163
30528
29793
28958
28027
27004
25891
24692
23410
22052
20620
19121
17557
15936
14261
12539
10775
8976
7147
5295
3425
1543
-343
-2229
-4107
-5972
-7817
-9635
-11422
-13171
-14876
-16532
-18133
-19674
-21150
-22555
-23887
-25138
-26306
-27387
-28378
-29273
-30072
-30771
-31369
-31861
-32250
-32530
-32702
-32766
-32722
-32569
-32308
-31940
-31465
-30888
-30206
-29425
-28547
-27573
-26509
-25356
-24119
-22802
-21411
-19947
-18417
-16827
-15180
-13484
-11742
-9962
-8149
-6308
-4447
-2570
-686
1201
3084
4957
6813
8646
10452
12222
13952
15635
17267
18842
20353
21798
23170
24465
25680
26809
27848
28797
29648
30402
31056
31606
32051
32390
32621
32745
32759
32666
32464
32154
31738
31216
30590
29864
29038
28116
27101
25995
24804
23530
22179
20753
19259
17702
16085
14415
12697
10937
9141
7314
5464
3596
1715
-172
-2058
-3937
-5803
-7650
-9471
-11261
-13013
-14723
-16383
-17990
-19537
-21018
-22431
-23768
-25027
-26203
-27293
-28291
-29195
-30004
-30712
-31318
-31821
-32218
-32509
-32691
-32765
-32731
-32587
-32336
-31978
-31513
-30944
-30273
-29500
-28631
-27665
-26609
-25464
-24235
-22926
-21540
-20082
-18559
-16974
-15332
-13640
-11902
-10125
-8314
-6477
-4617
-2741
-857
1030
2913
4787
6645
8481
10289
12063
13797
15484
17121
18701
20218
21669
23048
24351
25572
26710
27757
28714
29575
30338
31001
31560
32015
32363
32605
32738
32763
32679
32486
32186
31780
31267
30651
29934
29117
28204
27197
26099
24916
23649
22305
20886
19398
17846
16234
14569
12855
11099
9306
7482
5633
3765
1886
-0
-1887
-3766
-5634
-7483
-9307
-11100
-12856
-14570
-16235
-17847
-19398
-20887
-22305
-23650
-24916
-26100
-27197
-28204
-29117
-29934
-30652
-31268
-31780
-32186
-32486
-32679
-32763
-32738
-32605
-32363
-32014
-31560
-31000
-30338
-29574
-28714
-27757
-26709
-25572
-24350
-23048
-21668
-20218
-18700
-17120
-15483
-13796
-12062
-10288
-8480
-6644
-4786
-2912
-1029
858
2742
4617
6478
8315
10126
11903
13641
15333
16975
18560
20083
21540
22926
24236
25465
26610
27666
28631
29501
30273
30945
31513
31978
32336
32588
32731
32765
32691
32508
32218
31821
31318
30712
30003
29195
28291
27292
26203
25027
23768
22430
21018
19536
17990
16383
14722
13013
11260
9470
7649
5802
3936
2057
171
-1716
-3596
-5465
-7315
-9142
-10938
-12698
-14416
-16086
-17703
-19260
-20754
-22180
-23531
-24804
-25996
-27101
-28116
-29038
-29864
-30590
-31216
-31738
-32154
-32464
-32666
-32759
-32745
-32621
-32390
-32051
-31605
-31056
-30402
-29648
-28796
-27848
-26808
-25679
-24465
-23170
-21797
-20352
-18841
-17266
-15634
-13951
-12221
-10451
-8645
-6812
-4956
-3084
-1200
687
2571
4448
6309
8150
9963
11743
13484
15181
16828
18418
19947
21411
22803
24120
25356
26509
27574
28547
29426
30207
30888
31466
31940
32308
32569
32722
32766
32702
32530
32249
31861
31368
30771
30072
29273
28377
27387
26306
25137
23886
22555
21149
19673
18132
16531
14876
13170
11422
9634
7816
5971
4106
2228
343
-1544
-3426
-5296
-7148
-8977
-10776
-12539
-14261
-15937
-17558
-19121
-20621
-22053
-23411
-24693
-25891
-27004
-28028
-28958
-29793
-30528
-31164
-31695
-32120
-32440
-32652
-32756
-32751
-32637
-32415
-32086
-31650
-31109
-30465
-29721
-28878
-27938
-26906
-25785
-24579
-23290
-21925
-20487
-18981
-17412
-15785
-14106
-12380
-10613
-8811
-6980
-5125
-3254
-1372
515
2400
4277
6140
7983
9799
11583
13328
15029
16680
18276
19811
21281
22679
24004
25247
26408
27481
28463
29350
30140
30830
31418
31901
32279
32550
32712
32767
32712
32550
32279
31901
31418
30830
30140
29349
28462
27480
26408
25247
24003
22679
21280
19811
18275
16680
15028
13327
11582
9798
7982
6139
4276
2399
514
-1373
-3255
-5126
-6981
-8812
-10614
-12381
-14107
-15786
-17413
-18982
-20488
-21926
-23291
-24579
-25786
-26907
-27938
-28878
-29721
-30466
-31110
-31650
-32087
-32415
-32637
-32751
-32756
-32652
-32440
-32120
-31694
-31163
-30528
-29793
-28958
-28027
-27004
-25891
-24692
-23410
-22052
-20620
-19121
-17557
-15936
-14261
-12539
-10775
-8976
-7147
-5295
-3425
-1543
344
2229
4107
5972
7817
9635
11422
13171
14876
16532
18133
19674
21150
22555
23887
25138
26306
27387
28378
29273
30072
30771
31369
31861
32250
32530
32702
32766
32722
32569
32308
31940
31465
30888
30206
29425
28547
27573
26509
25356
24119
22802
21411
19947
18417
16827
15180
13484
11742
9962
8149
6308
4447
2570
686
-1201
-3084
-4957
-6813
-8646
-10452
-12222
-13952
-15635
-17267
-18842
-20353
-21798
-23170
-24465
-25680
-26809
-27848
-28797
-29648
-30402
-31056
-31606
-32051
-32390
-32621
-32745
-32759
-32666
-32464
-32154
-31738
-31216
-30590
-29864
-29038
-28116
-27101
-25995
-24804
-23530
-22179
-20753
-19259
-17702
-16085
-14415
-12697
-10937
-9141
-7314
-5464
-3596
-1715
172
2058
3937
5803
7650
9471
11261
13013
14723
16383
17990
19537
21018
22431
23768
25027
26203
27293
28291
29195
30004
30712
31318
31821
32218
32509
32691
32765
32731
32587
32336
31978
31513
30944
30273
29500
28631
27665
26609
25464
24235
22926
21540
20082
18559
16974
15332
13640
11902
10125
8314
6477
4616
2741
857
-1030
-2913
-4787
-6645
-8481
-10289
-12063
-13797
-15484
-17121
-18701
-20218
-21669
-23048
-24351
-25572
-26710
-27757
-28714
-29575
-30338
-31001
-31560
-32015
-32363
-32605
-32738
-32763
-32679
-32486
-32186
-31780
-31267
-30651
-29934
-29117
-28204
-27197
-26099
-24915
-23649
-22305
-20886
-19398
-17846
-16234
-14569
-12855
-11099
-9306
-7482
-5633
-3765
-1886
0
1887
3766
5634
7483
9307
11100
12856
14570
16235
17847
19398
20887
22305
23650
24916
26100
27197
28204
29117
29934
30652
31268
31780
32186
32486
32679
32763
32738
32605
32363
32014
31560
31000
30338
29574
28714
27757
26709
25572
24350
23048
21668
20218
18700
17120
15483
13796
12062
10288
8480
6644
4786
2912
1029
-858
-2742
-4617
-6478
-8315
-10126
-11903
-13641
-15333
-16975
-18560
-20083
-21540
-22926
-24236
-25465
-26610
-27666
-28631
-29501
-30273
-30945
-31513
-31978
-32336
-32588
-32731
-32765
-32691
-32508
-32218
-31821
-31318
-30712
-30003
-29195
-28291
-27292
-26203
-25027
-23768
-22430
-21018
-19536
-17990
-16383
-14722
-13013
-11260
-9470
-7649
-5802
-3936
-2057
-171
1716
3596
5465
7315
9142
10938
12698
14416
16086
17703
19260
20754
22180
23531
24804
25996
27101
28116
29038
29864
30590
31216
31738
32154
32464
32666
32759
32745
32621
32390
32051
31605
31056
30402
29648
28796
27848
26808
25679
24464
23170
21797
20352
18841
17266
15634
13951
12221
10451
8645
6812
4956
3084
1200
-687
-2571
-4448
-6309
-8150
-9963
-11743
-13484
-15181
-16828
-18418
-19947
-21411
-22803
-24120
-25356
-26509
-27574
-28547
-29426
-30207
-30888
-31466
-31940
-32308
-32569
-32722
-32766
-32702
-32530
-32249
-31861
-31368
-30771
-30072
-29273
-28377
-27387
-26306
-25137
-23886
-22555
-21149
-19673
-18132
-16531
-14876
-13170
-11422
-9634
-7816
-5971
-4106
-2228
-343
1544
3426
5296
7148
8977
10776
12539
14261
15937
17558
19121
20621
22053
23411
24693
25891
27004
28028
28958
29793
30528
31164
31695
32120
32440
32652
32756
32751
32637
32415
32086
31650
31109
30465
29721
28878
27938
26906
25785
24579
23290
21925
20487
18981
17412
15785
14106
12380
10613
8811
6980
5125
3254
1372
-515
-2400
-4277
-6140
-7983
-9799
-11583
-13328
-15029
-16680
-18276
-19811
-21281
-22679
-24004
-25247
-26408
-27481
-28463
-29350
-30140
-30830
-31418
-31901
-32279
-32550
-32712
-32767
-32712
-32550
-32279
-31901
-31418
-30830
-30140
-29349
-28462
-27480
-26408
-25247
-24003
-22679
-21280
-19811
-18275
-16680
-15028
-13327
-11582
-9798
-7982
-6139
-4276
-2399
-514
1373
3255
5126
6981
8812
10614
12381
14107
15786
17413
18982
20488
21926
23291
24579
25786
26907
27938
28878
29721
30466
31110
31650
32087
32415
32637
32751
32756
32652
32440
32120
31694
31163
30528
29793
28958
28027
27004
25891
24692
23410
22052
20620
19121
17557
15936
14261
12539
10775
8976
7147
5295
3425
1543
-344
-2229
-4107
-5972
-7817
-9635
-11422
-13171
-14876
-16532
-18133
-19674
-21150
-22555
-23887
-25138
-26306
-27387
-28378
-29273
-30072
-30771
-31369
-31861
-32250
-32530
-32702
-32766
-32722
-32569
-32308
-31940
-31465
-30888
-30206
-29425
-28547
-27573
-26509
-25356
-24119
-22802
-21411
-19947
-18417
-16827
-15180
-13484
-11742
-9962
-8149
-6308
-4447
-2570
-686
1201
3084
4957
6813
8646
10452
12222
13952
15635
17267
18842
20353
21798
23170
24465
25680
26809
27848
28797
29648
30402
31056
31606
32051
32390
32621
32745
32759
32666
32464
32154
31738
31216
30590
29864
29038
28116
27101
25995
24804
23530
22179
20753
19259
17702
16085
14415
12697
10937
9141
7314
5464
3596
1715
-172
-2058
-3937
-5803
-7650
-9471
-11261
-13013
-14723
-16383
-17990
-19537
-21018
-22431
-23768
-25027
-26203
-27293
-28291
-29195
-30004
-30712
-31318
-31821
-32218
-32509
-32691
-32765
-32731
-32587
-32336
-31978
-31513
-30944
-30273
-29500
-28631
-27665
-26609
-25464
-24235
-22926
-21540
-20082
-18559
-16974
-15332
-13640
-11902
-10125
-8314
-6477
-4616
-2741
-857
1030
2913
4787
6645
8481
10289
12063
13797
15484
17121
18701
20218
21669
23048
24351
25572
26710
27757
28714
29575
30338
31001
31560
32015
32363
32605
32738
32763
32679
32486
32186
31780
31267
30651
29934
29117
28204
27197
26099
24915
23649
22305
20886
19398
17846
16234
14569
12855
11099
9306
7482
5633
3765
1886
-0
-1887
-3766
-5634
-7483
-9307
-11100
-12856
-14570
-16235
-17847
-19398
-20887
-22305
-23650
-24916
-26100
-27197
-28204
-29117
-29934
-30652
-31268
-31780
-32186
-32486
-32679
-32763
-32738
-32605
-32363
-32014
-31560
-31000
-30338
-29574
-28714
-27757
-26709
-25572
-24350
-23048
-21668
-20218
-18700
-17120
-15483
-13796
-12062
-10288
-8480
-6644
-4786
-2912
-1029
858
2742
4617
6478
8315
10126
11903
13641
15333
16975
18560
20083
21540
22926
24236
25465
26610
27666
28631
29501
30273
30945
31513
31978
32336
32588
32731
32765
32691
32508
32218
31821
31318
30712
30003
29195
28291
27292
26203
25027
23768
22430
21018
19536
17990
16383
14722
13013
11260
9470
7649
5802
3936
2057
171
-1716
-3596
-5465
-7315
-9142
-10938
-12698
-14416
-16086
-17703
-19260
-20754
-22180
-23531
-24804
-25996
-27101
-28116
-29038
-29864
-30590
-31216
-31738
-32154
-32464
-32666
-32759
-32745
-32621
-32390
-32051
-31605
-31056
-30402
-29648
-28796
-27848
-26808
-25679
-24464
-23170
-21797
-20352
-18841
-17266
-15634
-13951
-12221
-10451
-8645
-6812
-4956
-3084
-1200
687
2571
4448
6309
8150
9963
11743
13484
15181
16828
18418
19947
21411
22803
24120
25356
26509
27574
28547
29426
30207
30888
31466
31940
32308
32569
32722
32766
32702
32530
32249
31861
31368
30771
30072
29273
28377
27387
26306
25137
23886
22555
21149
19673
18132
16531
14876
13170
11422
9634
7816
5971
4106
2228
343
-1544
-3426
-5296
-7148
-8977
-10776
-12539
-14261
-15937
-17558
-19122
-20621
-22053
-23411
-24693
-25891
-27004
-28028
-28958
-29793
-30528
-31164
-31695
-32120
-32440
-32652
-32756
-32751
-32637
-32415
-32086
-31650
-31109
-30465
-29721
-28878
-27938
-26906
-25785
-24579
-23290
-21925
-20487
-18981
-17412
-15785
-14106
-12380
-10613
-8811
-6980
-5125
-3254
-1372
515
2400
4277
6140
7983
9799
11583
13328
15029
16680
18276
19811
21281
22679
24004
25247
26408
27481
28463
29350
30140
30830
31418
31901
32279
32550
32712
32767
32712
32550
32279
31901
31418
30830
30140
29349
28462
27480
26408
25247
24003
22679
21280
19811
18275
16679
15028
13327
11582
9798
7982
6139
4276
2399
514
-1373
-3255
-5126
-6981
-8812
-10614
-12381
-14107
-15786
-17413
-18982
-20488
-21926
-23291
-24579
-25786
-26907
-27938
-28878
-29721
-30466
-31110
-31650
-32087
-32415
-32637
-32751
-32756
-32652
-32440
-32120
-31694
-31163
-30528
-29793
-28958
-28027
-27004
-25891
-24692
-23410
-22052
-20620
-19121
-17557
-15936
-14261
-12539
-10775
-8976
-7147
-5295
-3425
-1543
344
2229
4107
5972
7817
9635
11422
13171
14876
16532
18133
19674
21150
22555
23887
25138
26306
27387
28378
29273
30072
30771
31369
31861
32250
32530
32702
32766
32722
32569
32308
31940
31465
30888
30206
29425
28547
27573
26509
25356
24119
22802
21411
19947
18417
16827
15180
13484
11742
9962
8149
6308
4447
2570
686
-1201
-3084
-4957
-6813
-8646
-10452
-12222
-13952
-15635
-17267
-18842
-20353
-21798
-23170
-24465
-25680
-26809
-27848
-28797
-29648
-30402
-31056
-31606
-32051
-32390
-32621
-32745
-32759
-32666
-32464
-32154
-31738
-31216
-30590
-29864
-29038
-28116
-27101
-25995
-24804
-23530
-22179
-20753
-19259
-17702
-16085
-14415
-12697
-10937
-9141
-7314
-5464
-3596
-1715
172
2058
3937
5803
7650
9471
11261
13013
14723
16383
17990
19537
21018
22431
23768
25027
26203
27293
28291
29195
30004
30712
31318
31821
32218
32509
32691
32765
32731
32587
32336
31978
31513
30944
30273
29500
28631
27665
26609
25464
24235
22926
21540
20082
18559
16974
15332
13640
11902
10125
8314
6477
4616
2741
857
-1030
-2913
-4787
-6645
-8481
-10289
-12063
-13797
-15484
-17121
-18701
-20218
-21669
-23048
-24351
-25572
-26710
-27757
-28714
-29575
-30338
-31001
-31560
-32015
-32363
-32605
-32738
-32763
-32679
-32486
-32186
-31780
-31267
-30651
-29934
-29117
-28204
-27197
-26099
-24915
-23649
-22305
-20886
-19398
-17846
-16234
-14569
-12855
-11099
-9306
-7482
-5633
-3765
-1886
0
1887
3766
5634
7483
9307
11100
12856
14570
16235
17847
19398
20887
22305
23650
24916
26100
27197
28204
29117
29934
30652
31268
31780
32186
32486
32679
32763
32738
32605
32363
32014
31560
31000
30338
29574
28714
27757
26709
25572
24350
23048
21668
20218
18700
17120
15483
13796
12062
10288
8480
6644
4786
2912
1029
-858
-2742
-4617
-6478
-8315
-10126
-11903
-13641
-15333
-16975
-18560
-20083
-21540
-22926
-24236
-25465
-26610
-27666
-28631
-29501
-30273
-30945
-31513
-31978
-32336
-32588
-32731
-32765
-32691
-32508
-32218
-31821
-31318
-30712
-30003
-29195
-28291
-27292
-26203
-25027
-23768
-22430
-21018
-19536
-17990
-16383
-14722
-13013
-11260
-9470
-7649
-5802
-3936
-2057
-171
1716
3596
5465
7315
9142
10938
12698
14416
16086
17703
19260
20754
22180
23531
24804
25996
27101
28116
29038
29864
30590
31216
31738
32154
32464
32666
32759
32745
32621
32390
32051
31605
31056
30402
29648
28796
27848
26808
25679
24464
23170
21797
20352
18841
17266
15634
13951
12221
10451
8645
6812
4956
3084
1200
-687
-2571
-4448
-6309
-8150
-9963
-11743
-13484
-15181
-16828
-18418
-19947
-21411
-22803
-24120
-25356
-26509
-27574
-28547
-29426
-30207
-30888
-31466
-31940
-32308
-32569
-32722
-32766
-32702
-32530
-32249
-31861
-31368
-30771
-30072
-29273
-28377
-27387
-26306
-25137
-23886
-22555
-21149
-19673
-18132
-16531
-14876
-13170
-11422
-9634
-7816
-5971
-4106
-2228
-343
1544
3426
5296
7148
8977
10776
12539
14261
15937
17558
19122
20621
22053
23411
24693
25891
27004
28028
28958
29793
30528
31164
31695
32120
32440
32652
32756
32751
32637
32415
32086
31650
31109
30465
29721
28877
27938
26906
25785
24579
23290
21925
20487
18981
17412
15785
14106
12380
10613
8811
6980
5125
3254
1372
-515
-2400
-4277
-6140
-7983
-9799
-11583
-13328
-15029
-16680
-18276
-19811
-21281
-22679
-24004
-25247
-26408
-27481
-28463
-29350
-30140
-30830
-31418
-31901
-32279
-32550
-32712
-32767
-32712
-32550
-32279
-31901
-31418
-30830
-30140
-29349
-28462
-27480
-26408
-25247
-24003
-22679
-21280
-19811
-18275
-16679
-15028
-13327
-11582
-9798
-7982
-6139
-4276
-2399
-514
1373
3255
5126
6981
8812
10614
12381
14107
15786
17413
18982
20488
21926
23291
24579
25786
26907
27938
28878
29721
30466
31110
31650
32087
32415
32637
32751
32756
32652
32440
32120
31694
31163
30528
29793
28958
28027
27004
25891
24692
23410
22052
20620
19121
17557
15936
14261
12539
10775
8976
7147
5295
3425
1543
-344
-2229
-4107
-5972
-7817
-9635
-11422
-13171
-14876
-16532
-18133
-19674
-21150
-22555
-23887
-25138
-26306
-27387
-28378
-29273
-30072
-30771
-31369
-31861
-32250
-32530
-32702
-32766
-32722
-32569
-32308
-31940
-31465
-30888
-30206
-29425
-28547
-27573
-26509
-25356
-24119
-22802
-21411
-19947
-18417
-16827
-15180
-13484
-11742
-9962
-8149
-6308
-4447
-2570
-686
1201
3085
4957
6813
8646
10452
12222
13952
15635
17267
18842
20353
21798
23170
24465
25680
26809
27848
28797
29648
30402
31056
31606
32051
32390
32621
32745
32759
32666
32464
32154
31738
31216
30590
29864
29038
28116
27101
25995
24804
23530
22179
20753
19259
17702
16085
14415
12697
10937
9141
7314
5464
3595
1715
-172
-2058
-3937
-5803
-7650
-9471
-11261
-13014
-14723
-16383
-17990
-19537
-21018
-22431
-23768
-25027
-26203
-27293
-28291
-29195
-30004
-30712
-31318
-31821
-32218
-32509
-32691
-32765
-32731
-32587
-32336
-31978
-31513
-30944
-30273
-29500
-28631
-27665
-26609
-25464
-24235
-22926
-21540
-20082
-18559
-16974
-15332
-13640
-11902
-10125
-8314
-6477
-4616
-2741
-857
1030
2913
4787
6645
8481
10289
12063
13797
15484
17121
18701
20218
21669
23048
24351
25572
26710
27757
28714
29575
30338
31001
31560
32015
32363
32605
32738
32763
32679
32486
32186
31780
31267
30651
29934
29117
28204
27197
26099
24915
23649
22305
20886
19398
17846
16234
14569
12855
11099
9306
7482
5633
3765
1886
-1
-1887
-3766
-5634
-7483
-9307
-11100
-12856
-14570
-16235
-17847
-19398
-20887
-22305
-23650
-24916
-26100
-27197
-28204
-29117
-29934
-30652
-31268
-31780
-32186
-32486
-32679
-32763
-32738
-32605
-32363
-32014
-31560
-31000
-30338
-29574
-28714
-27757
-26709
-25572
-24350
-23048
-21668
-20218
-18700
-17120
-15483
-13796
-12062
-10288
-8480
-6644
-4786
-2912
-1029
858
2742
4617
6478
8315
10126
11903
13641
15333
16975
18560
20083
21540
22926
24236
25465
26610
27666
28631
29501
30273
30945
31513
31978
32336
32588
32731
32765
32691
32508
32218
31821
31318
30712
30003
29195
28291
27292
26203
25027
23768
22430
21018
19536
17990
16383
14722
13013
11260
9470
7649
5802
3936
2057
171
-1716
-3597
-5465
-7315
-9142
-10938
-12698
-14416
-16086
-17703
-19260
-20754
-22180
-23531
-24804
-25996
-27101
-28116
-29038
-29864
-30590
-31216
-31738
-32154
-32464
-32666
-32759
-32745
-32621
-32390
-32051
-31605
-31056
-30402
-29648
-28796
-27848
-26808
-25679
-24464
-23170
-21797
-20352
-18841
-17266
-15634
-13951
-12221
-10451
-8645
-6812
-4956
-3083
-1200
687
2571
4448
6309
8150
9963
11743
13484
15181
16828
18418
19947
21411
22803
24120
25356
26509
27574
28547
29426
30207
30888
31466
31940
32308
32569
32722
32766
32702
32530
32249
31861
31368
30771
30072
29273
28377
27387
26306
25137
23886
22555
21149
19673
18132
16531
14876
13170
11422
9634
7816
5971
4106
2228
343
-1544
-3426
-5296
-7148
-8977
-10776
-12539
-14261
-15937
-17558
-19122
-20621
-22053
-23411
-24693
-25891
-27004
-28028
-28958
-29793
-30528
-31164
-31695
-32120
-32440
-32652
-32756
-32751
-32637
-32415
-32086
-31650
-31109
-30465
-29721
-28877
-27938
-26906
-25785
-24579
-23290
-21925
-20487
-18981
-17412
-15785
-14106
-12380
-10613
-8811
-6980
-5125
-3254
-1372
515
2400
4277
6140
7983
9799
11583
13328
15029
16680
18276
19811
21281
22679
24004
25247
26408
27481
28463
29350
30140
30830
31418
31901
32279
32550
32712
32767
32712
32550
32279
31901
31418
30830
30140
29349
28462
27480
26408
25247
24003
22679
21280
19811
18275
16679
15028
13327
11582
9798
7982
6139
4276
2399
514
-1373
-3255
-5126
-6981
-8812
-10614
-12381
-14107
-15786
-17413
-18982
-20488
-21926
-23291
-24579
-25786
-26907
-27938
-28878
-29721
-30466
-31110
-31650
-32087
-32415
-32637
-32751
-32756
-32652
-32440
-32120
-31694
-31163
-30528
-29793
-28958
-28027
-27004
-25891
-24692
-23410
-22052
-20620
-19121
-17557
-15936
-14261
-12539
-10775
-8976
-7147
-5295
-3425
-1543
344
2229
4107
5972
7817
9635
11422
13171
14876
16532
18133
19674
21150
22555
23887
25138
26306
27387
28378
29273
30072
30771
31369
31861
32250
32530
32702
32766
32722
32569
32308
31940
31465
30888
30206
29425
28547
27573
26508
25356
24119
22802
21411
19947
18417
16827
15180
13483
11742
9962
8149
6308
4447
2570
686
-1201
-3085
-4957
-6813
-8646
-10452
-12222
-13952
-15635
-17267
-18842
-20353
-21798
-23170
-24465
-25680
-26809
-27848
-28797
-29648
-30402
-31056
-31606
-32051
-32390
-32621
-32745
-32759
-32666
-32464
-32154
-31738
-31216
-30590
-29864
-29038
-28116
-27101
-25995
-24804
-23530
-22179
-20753
-19259
-17702
-16085
-14415
-12697
-10937
-9141
-7314
-5464
-3595
-1715
172
2058
3937
5803
7650
9471
11261
13014
14723
16383
17990
19537
21018
22431
23768
25027
26203
27293
28291
29195
30004
30712
31318
31821
32218
32509
32691
32765
32731
32587
32336
31978
31513
30944
30273
29500
28631
27665
26609
25464
24235
22926
21540
20082
18559
16974
15332
13640
11902
10125
8314
6477
4616
2741
857
-1030
-2913
-4787
-6645
-8481
-10289
-12063
-13797
-15484
-17121
-18701
-20218
-21669
-23048
-24351
-25572
-26710
-27757
-28714
-29575
-30338
-31001
-31560
-32015
-32363
-32605
-32738
-32763
-32679
-32486
-32186
-31780
-31267
-30651
-29934
-29117
-28204
-27197
-26099
-24915
-23649
-22305
-20886
-19398
-17846
-16234
-14569
-12855
-11099
-9306
-7482
-5633
-3765
-1886
1
1887
3766
5634
7483
9307
11100
12856
14570
16235
17847
19398
20887
22305
23650
24916
26100
27198
28204
29117
29934
30652
31268
31780
32186
32486
32679
32763
32738
32605
32363
32014
31560
31000
30338
29574
28714
27757
26709
25572
24350
23048
21668
20218
18700
17120
15483
13796
12062
10288
8480
6644
4786
2912
1029
-858
-2742
-4617
-6478
-8315
-10126
-11903
-13641
-15333
-16975
-18560
-20083
-21540
-22926
-24236
-25465
-26610
-27666
-28631
-29501
-30273
-30945
-31513
-31978
-32336
-32588
-32731
-32765
-32691
-32508
-32218
-31821
-31318
-30712
-30003
-29195
-28291
-27292
-26203
-25027
-23768
-22430
-21018
-19536
-17990
-16383
-14722
-13013
-11260
-9470
-7649
-5802
-3936
-2057
-171
1716
3597
5465
7315
9142
10938
12698
14416
16086
17703
19260
20754
22180
23531
24804
25996
27101
28116
29038
29864
30590
31216
31738
32154
32464
32666
32759
32745
32621
32390
32051
31605
31056
30402
29648
28796
27848
26808
25679
24464
23170
21797
20352
18841
17266
15634
13951
12221
10451
8645
6812
4956
3083
1200
-687
-2571
-4448
-6309
-8150
-9963
-11743
-13484
-15181
-16828
-18418
-19947
-21411
-22803
-24120
-25356
-26509
-27574
-28547
-29426
-30207
-30888
-31466
-31940
-32308
-32569
-32722
-32766
-32702
-32530
-32249
-31861
-31368
-30771
-30072
-29273
-28377
-27387
-26306
-25137
-23886
-22555
-21149
-19673
-18132
-16531
-14876
-13170
-11422
-9634
-7816
-5971
-4106
-2228
-343
1544
3426
5296
7148
8977
10776
12539
14261
15937
17558
19122
20621
22053
23411
24693
25891
27004
28028
28958
29793
30528
31164
31695
32120
32440
32652
32756
32751
32637
32415
32086
31650
31109
30465
29721
28877
27938
26906
25785
24579
23290
21925
20487
18981
17412
15785
14106
12380
10613
8811
6980
5125
3254
1372
-515
-2400
-4277
-6140
-7983
-9799
-11583
-13328
-15029
-16680
-18276
-19811
-21281
-22679
-24004
-25247
-26408
-27481
-28463
-29350
-30140
-30830
-31418
-31901
-32279
-32550
-32712
-32767
-32712
-32550
-32279
-31901
-31418
-30830
-30140
-29349
-28462
-27480
-26408
-25247
-24003
-22679
-21280
-19811
-18275
-16679
-15028
-13327
-11582
-9798
-7982
-6139
-4276
-2399
-514
1373
3255
5126
6981
8812
10614
12381
14107
15786
17413
18982
20488
21926
23291
24579
25786
26907
27938
28878
29721
30466
31110
31650
32087
32415
32637
32751
32756
32652
32440
32120
31694
31163
30528
29793
28958
28027
27003
25891
24692
23410
22052
20620
19121
17557
15936
14261
12539
10775
8976
7147
5295
3425
1543
-344
-2229
-4107
-5972
-7817
-9635
-11423
-13171
-14876
-16532
-18133
-19674
-21150
-22555
-23887
-25138
-26306
-27387
-28378
-29273
-30072
-30771
-31369
-31861
-32250
-32530
-32702
-32766
-32722
-32569
-32308
-31940
-31465
-30888
-30206
-29425
-28547
-27573
-26508
-25356
-24119
-22802
-21411
-19947
-18417
-16827
-15180
-13483
-11742
-9962
-8149
-6308
-4447
-2570
-686
1201
3085
4957
6813
8646
10452
12222
13952
15635
17267
18842
20353
21798
23170
24465
25680
26809
27848
28797
29648
30402
31056
31606
32051
32390
32621
32745
32759
32666
32464
32154
31738
31216
30590
29864
29038
28116
27101
25995
24804
23530
22179
20753
19259
17702
16085
14415
12697
10937
9141
7314
5464
3595
1715
-172
-2058
-3937
-5803
-7650
-9471
-11261
-13014
-14723
-16383
-17990
-19537
-21018
-22431
-23768
-25027
-26203
-27293
-28291
-29195
-30004
-30712
-31318
-31821
-32218
-32509
-32691
-32765
-32731
-32587
-32336
-31978
-31513
-30944
-30273
-29500
-28631
-27665
-26609
-25464
-24235
-22926
-21540
-20082
-18559
-16974
-15332
-13640
-11902
-10125
-8314
-6477
-4616
-2741
-857
1030
2913
4787
6645
8481
10289
12063
13797
15484
17121
18701
20218
21669
23048
24351
25572
26710
27757
28714
29575
30338
31001
31560
32015
32363
32605
32738
32763
32679
32486
32186
31780
31267
30651
29934
29117
28204
27197
26099
24915
23649
22305
20886
19398
17846
16234
14569
12855
11099
9306
7482
5633
3765
1886
-1
-1887
-3766
-5634
-7483
-9307
-11100
-12856
-14570
-16235
-17847
-19398
-20887
-22305
-23650
-24916
-26100
-27198
-28204
-29117
-29934
-30652
-31268
-31780
-32186
-32486
-32679
-32763
-32738
-32605
-32363
-32014
-31560
-31000
-30338
-29574
-28714
-27757
-26709
-25572
-24350
-23048
-21668
-20218
-18700
-17120
-15483
-13796
-12062
-10288
-8480
-6644
-4786
-2912
-1029
858
2742
4617
6478
8315
10126
11903
13641
15333
16975
18560
20083
21540
22926
24236
25465
26610
27666
28631
29501
30273
30945
31513
31978
32336
32588
32731
32765
32691
32508
32218
31821
31318
30712
30003
29195
28291
27292
26203
25027
23768
22430
21018
19536
17990
16383
14722
13013
11260
9470
7649
5802
3936
2057
171
-1716
-3597
-5465
-7315
-9142
-10938
-12698
-14416
-16086
-17703
-19260
-20754
-22180
-23531
-24804
-25996
-27101
-28116
-29038
-29864
-30590
-31216
-31738
-32154
-32464
-32666
-32759
-32745
-32621
-32390
-32051
-31605
-31056
-30402
-29648
-28796
-27848
-26808
-25679
-24464
-23170
-21797
-20352
-18841
-17266
-15634
-13951
-12221
-10451
-8645
-6812
-4956
-3083
-1200
687
2571
4448
6309
8150
9963
11743
13484
15181
16828
18418
19947
21411
22803
24120
25356
26509
27574
28547
29426
30207
30888
31466
31940
32308
32569
32722
32766
32702
32530
32249
31861
31368
30771
30072
29273
28377
27387
26306
25137
23886
22555
21149
19673
18132
16531
14876
13170
11422
9634
7816
5971
4106
2228
343
-1544
-3426
-5296
-7148
-8977
-10776
-12539
-14261
-15937
-17558
-19122
-20621
-22053
-23411
-24693
-25891
-27004
-28028
-28958
-29793
-30528
-31164
-31695
-32120
-32440
-32652
-32756
-32751
-32637
-32415
-32086
-31650
-31109
-30465
-29721
-28877
-27938
-26906
-25785
-24579
-23290
-21925
-20487
-18981
-17412
-15785
-14106
-12380
-10613
-8811
-6980
-5125
-3254
-1372
515
2400
4277
6140
7983
9799
11583
13328
15029
16680
18276
19811
21281
22679
24004
25247
26408
27481
28463
29350
30140
30830
31418
31901
32279
32550
32712
32767
32712
32550
32279
31901
31418
30830
30140
29349
28462
27480
26408
25247
24003
22679
21280
19811
18275
16679
15028
13327
11582
9798
7982
6139
4276
2399
514
-1373
-3255
-5126
-6981
-8812
-10614
-12381
-14107
-15786
-17413
-18982
-20488
-21926
-23291
-24579
-25786
-26907
-27938
-28878
-29721
-30466
-31110
-31650
-32087
-32415
-32637
-32751
-32756
-32652
-32440
-32120
-31694
-31163
-30528
-29793
-28958
-28027
-27003
-25891
-24692
-23410
-22052
-20620
-19121
-17557
-15936
-14260
-12538
-10775
-8976
-7147
-5295
-3425
-1543
344
2229
4107
5972
7817
9635
11423
13171
14876
16532
18133
19674
21150
22555
23887
25138
26306
27387
28378
29273
30072
30771
31369
31861
32250
32530
32702
32766
32722
32569
32308
31940
31465
30888
30206
29425
28547
27573
26508
25356
24119
22802
21411
19947
18417
16827
15180
13483
11742
9962
8149
6308
4447
2570
686
-1201
-3085
-4957
-6813
-8646
-10452
-12222
-13952
-15635
-17267
-18842
-20353
-21798
-23170
-24465
-25680
-26809
-27848
-28797
-29648
-30402
-31056
-31606
-32051
-32390
-32621
-32745
-32759
-32666
-32464
-32154
-31738
-31216
-30590
-29864
-29038
-28116
-27101
-25995
-24804
-23530
-22179
-20753
-19259
-17702
-16085
-14415
-12697
-10937
-9141
-7314
-5464
-3595
-1715
172
2058
3937
5803
7650
9471
11261
13014
14723
16383
17990
19537
21018
22431
23768
25027
26203
27293
28291
29195
30004
30712
31318
31821
32218
32509
32691
32765
32731
32587
32336
31978
31513
30944
30273
29500
28631
27665
26609
25464
24235
22926
21539
20082
18559
16974
15332
13640
11902
10125
8314
6477
4616
2741
857
-1030
-2913
-4787
-6645
-8481
-10289
-12063
-13797
-15484
-17121
-18701
-20218
-21669
-23048
-24351
-25572
-26710
-27757
-28714
-29575
-30338
-31001
-31560
-32015
-32363
-32605
-32738
-32763
-32679
-32486
-32186
-31780
-31267
-30651
-29934
-29117
-28204
-27197
-26099
-24915
-23649
-22305
-20886
-19398
-17846
-16234
-14569
-12855
-11099
-9306
-7482
-5633
-3765
-1886
1
1887
3766
5634
7483
9307
11100
12856
14570
16235
17847
19398
20887
22305
23650
24916
26100
27198
28204
29117
29934
30652
31268
31780
32186
32486
32679
32763
32738
32605
32363
32014
31560
31000
30338
29574
28713
27757
26709
25572
24350
23048
21668
20218
18700
17120
15483
13796
12062
10288
8480
6644
4786
2912
1029
-858
-2742
-4618
-6478
-8315
-10126
-11903
-13641
-15333
-16975
-18560
-20083
-21540
-22926
-24236
-25465
-26610
-27666
-28631
-29501
-30273
-30945
-31513
-31978
-32336
-32588
-32731
-32765
-32691
-32508
-32218
-31821
-31318
-30712
-30003
-29195
-28291
-27292
-26203
-25027
-23768
-22430
-21018
-19536
-17990
-16383
-14722
-13013
-11260
-9470
-7649
-5802
-3936
-2057
-171
1716
3597
5465
7315
9142
10938
12698
14416
16086
17703
19260
20754
22180
23531
24804
25996
27101
28116
29038
29864
30590
31216
31738
32154
32464
32666
32759
32745
32621
32390
32051
31605
31056
30402
29648
28796
27848
26808
25679
24464
23170
21797
20352
18841
17266
15634
13951
12221
10451
8645
6812
4956
3083
1200
-687
-2571
-4448
-6309
-8150
-9963
-11743
-13484
-15181
-16828
-18418
-19947
-21411
-22803
-24120
-25356
-26509
-27574
-28547
-29426
-30207
-30888
-31466
-31940
-32308
-32569
-32722
-32766
-32702
-32530
-32249
-31861
-31368
-30771
-30072
-29273
-28377
-27386
-26306
-25137
-23886
-22555
-21149
-19673
-18132
-16531
-14876
-13170
-11421
-9634
-7816
-5971
-4106
-2228
-342
1544
3426
5296
7148
8977
10776
12540
14261
15937
17558
19122
20621
22053
23411
24693
25891
27004
28028
28958
29793
30528
31164
31695
32120
32440
32652
32756
32751
32637
32415
32086
31650
31109
30465
29720
28877
27938
26906
25785
24579
23290
21925
20487
18981
17412
15785
14106
12380
10613
8811
6980
5125
3254
1372
-515
-2400
-4277
-6140
-7983
-9799
-11583
-13328
-15029
-16680
-18276
-19811
-21281
-22679
-24004
-25247
-26408
-27481
-28463
-29350
-30140
-30830
-31418
-31901
-32279
-32550
-32712
-32767
-32712
-32550
-32279
-31901
-31418
-30830
-30140
-29349
-28462
-27480
-26408
-25247
-24003
-22679
-21280
-19811
-18275
-16679
-15028
-13327
-11582
-9798
-7982
-6139
-4276
-2399
-514
1373
3255
5126
6981
8812
10614
12381
14107
15786
17413
18982
20488
21926
23291
24579
25786
26907
27938
28878
29721
30466
31110
31650
32087
32415
32637
32751
32756
32652
32440
32120
31694
31163
30528
29793
28958
28027
27003
25891
24692
23410
22052
20620
19121
17557
15936
14260
12538
10775
8976
7147
5295
3425
1543
-344
-2229
-4107
-5972
-7817
-9635
-11423
-13171
-14876
-16532
-18133
-19674
-21150
-22555
-23887
-25138
-26306
-27387
-28378
-29273
-30072
-30771
-31369
-31861
-32250
-32530
-32702
-32766
-32722
-32569
-32308
-31940
-31465
-30888
-30206
-29425
-28547
-27573
-26508
-25356
-24119
-22802
-21411
-19947
-18417
-16827
-15180
-13483
-11742
-9962
-8149
-6308
-4447
-2570
-686
1201
3085
4957
6813
8646
10452
12222
13952
15635
17267
18842
20353
21798
23170
24465
25680
26809
27848
28797
29648
30402
31056
31606
32051
32390
32621
32745
32759
32666
32464
32154
31738
31216
30590
29864
29038
28116
27101
25995
24804
23530
22179
20753
19259
17702
16085
14415
12697
10937
9141
7314
5464
3595
1715
-172
-2058
-3937
-5803
-7650
-9471
-11261
-13014
-14723
-16383
-17990
-19537
-21018
-22431
-23768
-25027
-26203
-27293
-28291
-29195
-30004
-30712
-31318
-31821
-32218
-32509
-32691
-32765
-32731
-32587
-32336
-31978
-31513
-30944
-30273
-29500
-28631
-27665
-26609
-25464
-24235
-22926
-21539
-20082
-18559
-16974
-15332
-13640
-11902
-10125
-8314
-6477
-4616
-2741
-857
1030
2913
4787
6645
8481
10289
12063
13797
15484
17121
18701
20218
21669
23048
24351
25572
26710
27757
28714
29575
30338
31001
31560
32015
32363
32605
32738
32763
32679
32486
32186
31780
31267
30651
29934
29117
28204
27197
26099
24915
23649
22305
20886
19398
17846
16234
14569
12855
11099
9306
7482
5633
3765
1886
-1
-1887
-3766
-5634
-7483
-9307
-11100
-12856
-14570
-16235
-17847
-19398
-20887
-22305
-23650
-24916
-26100
-27198
-28204
-29117
-29934
-30652
-31268
-31780
-32186
-32486
-32679
-32763
-32738
-32605
-32363
-32014
-31560
-31000
-30338
-29574
-28713
-27757
-26709
-25572
-24350
-23048
-21668
-20218
-18700
-17120
-15483
-13796
-12062
-10288
-8480
-6644
-4786
-2912
-1029
858
2742
4618
6478
8315
10126
11903
13641
15333
16975
18560
20083
21540
22926
24236
25465
26610
27666
28631
29501
30273
30945
31513
31978
32336
32588
32731
32765
32691
32508
32218
31821
31318
30712
30003
29195
28291
27292
26203
25027
23768
22430
21018
19536
17989
16383
14722
13013
11260
9470
7649
5802
3936
2057
171
-1716
-3597
-5465
-7315
-9142
-10938
-12698
-14416
-16086
-17703
-19260
-20754
-22180
-23531
-24804
-25996
-27101
-28116
-29038
-29864
-30590
-31216
-31738
-32154
-32464
-32666
-32759
-32745
-32621
-32390
-32051
-31605
-31056
-30402
-29648
-28796
-27848
-26808
-25679
-24464
-23170
-21797
-20352
-18841
-17266
-15634
-13951
-12221
-10451
-8645
-6812
-4956
-3083
-1200
687
2571
4448
6309
8150
9963
11743
13484
15181
16828
18418
19947
21411
22803
24120
25356
26509
27574
28547
29426
30207
30888
31466
31940
32308
32569
32722
32766
32702
32530
32249
31861
31368
30771
30072
29273
28377
27386
26306
25137
23886
22555
21149
19673
18132
16531
14875
13170
11421
9634
7816
5971
4106
2228
342
-1544
-3426
-5296
-7148
-8977
-10776
-12540
-14261
-15937
-17558
-19122
-20621
-22053
-23411
-24693
-25891
-27004
-28028
-28958
-29793
-30528
-31164
-31695
-32120
-32440
-32652
-32756
-32751
-32637
-32415
-32086
-31650
-31109
-30465
-29720
-28877
-27938
-26906
-25785
-24579
-23290
-21925
-20487
-18981
-17412
-15785
-14106
-12380
-10613
-8811
-6980
-5125
-3254
-1372
515
2400
4277
6140
7983
9799
11583
13328
15029
16680
18276
19811
21281
22679
24004
25247
26408
27481
28463
29350
30140
30830
31418
31901
32279
32550
32712
32767
32712
32550
32279
31901
31418
30830
30140
29349
28462
27480
26408
25247
24003
22679
21280
19810
18275
16679
15028
13327
11582
9798
7982
6139
4276
2399
514
-1373
-3255
-5126
-6981
-8812
-10614
-12381
-14107
-15786
-17413
-18982
-20488
-21926
-23291
-24579
-25786
-26907
-27938
-28878
-29721
-30466
-31110
-31650
-32087
-32415
-32637
-32751
-32756
-32652
-32440
-32120
-31694
-31163
-30528
-29793
-28958
-28027
-27003
-25891
-24692
-23410
-22052
-20620
-19121
-17557
-15936
-14260
-12538
-10775
-8976
-7147
-5295
-3425
-1543
344
2229
4107
5972
7817
9635
11423
13171
14877
16532
18133
19674
21150
22555
23887
25138
26306
27387
28378
29273
30072
30771
31369
31861
32250
32530
32702
32766
32722
32569
32308
31940
31465
30888
30206
29425
28547
27573
26508
25356
24119
22802
21411
19947
18417
16827
15180
13483
11742
9962
8149
6308
4447
2570
686
-1201
-3085
-4957
-6813
-8646
-10452
-12222
-13952
-15635
-17267
-18842
-20353
-21798
-23170
-24465
-25680
-26809
-27848
-28797
-29648
-30402
-31056
-31606
-32051
-32390
-32621
-32745
-32759
-32666
-32464
-32154
-31738
-31216
-30590
-29864
-29038
-28116
-27101
-25995
-24804
-23530
-22179
-20753
-19259
-17702
-16085
-14415
-12697
-10937
-9141
-7314
-5464
-3595
-1715
172
2058
3937
5803
7650
9471
11261
13014
14723
16383
17990
19537
21018
22431
23768
25027
26203
27293
28291
29195
30004
30712
31318
31821
32218
32509
32691
32765
32731
32587
32336
31978
31513
30944
30273
29500
28631
27665
26609
25464
24235
22926
21539
20082
18559
16974
15332
13640
11902
10125
8314
6476
4616
2741
857
-1030
-2913
-4787
-6645
-8481
-10289
-12063
-13797
-15484
-17121
-18701
-20218
-21669
-23048
-24351
-25572
-26710
-27757
-28714
-29575
-30338
-31001
-31560
-32015
-32363
-32605
-32738
-32763
-32679
-32486
-32186
-31780
-31267
-30651
-29934
-29117
-28204
-27197
-26099
-24915
-23649
-22305
-20886
-19398
-17846
-16234
-14569
-12855
-11099
-9306
-7482
-5633
-3765
-1886
1
1887
3766
5634
7483
9307
11100
12856
14570
16235
17847
19399
20887
22305
23650
24916
26100
27198
28204
29117
29934
30652
31268
31780
32186
32486
32679
32763
32738
32605
32363
32014
31560
31000
30338
29574
28713
27757
26709
25572
24350
23048
21668
20218
18700
17120
15483
13796
12062
10288
8480
6644
4786
2912
1029
-858
-2742
-4618
-6478
-8315
-10126
-11903
-13641
-15333
-16975
-18560
-20083
-21540
-22926
-24236
-25465
-26610
-27666
-28631
-29501
-30273
-30945
-31513
-31978
-32336
-32588
-32731
-32765
-32691
-32508
-32218
-31821
-31318
-30712
-30003
-29195
-28291
-27292
-26202
-25027
-23768
-22430
-21018
-19536
-17989
-16383
-14722
-13013
-11260
-9470
-7649
-5802
-3936
-2057
-171
1716
3597
5465
7315
9142
10938
12698
14416
16086
17703
19260
20754
22180
23531
24804
25996
27101
28116
29038
29864
30590
31216
31738
32154
32464
32666
32759
32745
32621
32390
32051
31605
31056
30402
29648
28796
27848
26808
25679
24464
23170
21797
20352
18841
17266
15634
13951
12221
10451
8645
6812
4956
3083
1200
-687
-2571
-4448
-6309
-8150
-9963
-11743
-13484
-15181
-16828
-18418
-19947
-21411
-22803
-24120
-25356
-26509
-27574
-28547
-29426
-30207
-30888
-31466
-31940
-32308
-32569
-32722
-32766
-32702
-32530
-32249
-31861
-31368
-30771
-30072
-29273
-28377
-27386
-26306
-25137
-23886
-22555
-21149
-19673
-18132
-16531
-14875
-13170
-11421
-9634
-7816
-5971
-4106
-2228
-342
1544
3426
5296
7148
8977
10776
12540
14262
15937
17558
19122
20621
22053
23411
24693
25891
27004
28028
28958
29793
30528
31164
31695
32120
32440
32652
32756
32751
32637
32415
32086
31650
31109
30465
29720
28877
27938
26906
25785
24579
23290
21925
20487
18981
17412
15785
14106
12380
10613
8811
6980
5125
3254
1372
-515
-2400
-4277
-6140
-7983
-9799
-11583
-13328
-15029
-16680
-18276
-19811
-21281
-22679
-24004
-25247
-26408
-27481
-28463
-29350
-30140
-30830
-31418
-31901
-32280
-32550
-32712
-32767
-32712
-32550
-32279
-31901
-31418
-30830
-30140
-29349
-28462
-27480
-26408
-25247
-24003
-22679
-21280
-19810
-18275
-16679
-15028
-13327
-11582
-9798
-7982
-6139
-4276
-2399
-514
1373
3255
5126
6981
8812
10614
12381
14107
15786
17413
18982
20488
21926
23291
24579
25786
26907
27938
28878
29721
30466
31110
31650
32087
32415
32637
32751
32756
32652
32440
32120
31694
31163
30528
29793
28958
28027
27003
25891
24692
23410
22052
20620
19121
17557
15936
14260
12538
10775
8976
7147
5295
3425
1543
-344
-2229
-4107
-5972
-7817
-9635
-11423
-13171
-14877
-16532
-18133
-19674
-21150
-22555
-23887
-25138
-26306
-27387
-28378
-29273
-30072
-30771
-31369
-31861
-32250
-32530
-32702
-32766
-32722
-32569
-32308
-31940
-31465
-30888
-30206
-29425
-28547
-27573
-26508
-25356
-24119
-22802
-21411
-19947
-18417
-16827
-15180
-13483
-11742
-9962
-8149
-6308
-4447
-2570
-685
1201
3085
4957
6813
8646
10452
12222
13952
15635
17267
18842
20353
21798
23170
24465
25680
26809
27848
28797
29648
30402
31056
31606
32051
32390
32621
32745
32759
32666
32464
32154
31738
31216
30590
29864
29038
28116
27101
25995
24804
23530
22179
20753
19259
17702
16085
14415
12697
10937
9141
7314
5464
3595
1715
-172
-2058
-3937
-5803
-7650
-9471
-11261
-13014
-14723
-16384
-17990
-19537
-21018
-22431
-23768
-25027
-26203
-27293
-28291
-29195
-30004
-30712
-31318
-31821
-32218
-32509
-32691
-32765
-32731
-32587
-32336
-31978
-31513
-30944
-30273
-29500
-28631
-27665
-26609
-25464
-24235
-22926
-21539
-20082
-18559
-16974
-15332
-13640
-11902
-10125
-8314
-6476
-4616
-2741
-857
1030
2913
4787
6645
8481
10289
12063
13797
15484
17121
18701
20218
21669
23048
24351
25572
26710
27757
28714
29575
30338
31001
31560
32015
32363
32605
32738
32763
32679
32486
32186
31780
31267
30651
29934
29117
28204
27197
26099
24915
23649
22304
20886
19398
17846
16234
14569
12855
11099
9306
7482
5633
3765
1886
-1
-1887
-3766
-5634
-7483
-9307
-11100
-12856
-14570
-16235
-17847
-19399
-20887
-22305
-23650
-24916
-26100
-27198
-28204
-29117
-29934
-30652
-31268
-31780
-32186
-32486
-32679
-32763
-32738
-32605
-32363
-32014
-31560
-31000
-30338
-29574
-28713
-27757
-26709
-25572
-24350
-23048
-21668
-20218
-18700
-17120
-15483
-13796
-12062
-10288
-8480
-6644
-4786
-2912
-1029
858
2742
4618
6478
8315
10126
11903
13641
15333
16975
18560
20083
21540
22926
24236
25465
26610
27666
28631
29501
30273
30945
31513
31978
32336
32588
32731
32765
32691
32508
32218
31821
31318
30712
30003
29195
28291
27292
26202
25027
23768
22430
21018
19536
17989
16382
14722
13013
11260
9470
7649
5802
3936
2057
171
-1716
-3597
-5465
-7315
-9142
-10938
-12698
-14416
-16086
-17703
-19260
-20754
-22180
-23531
-24804
-25996
-27101
-28116
-29038
-29864
-30590
-31216
-31738
-32154
-32464
-32666
-32759
-32745
-32621
-32390
-32051
-31605
-31056
-30402
-29648
-28796
-27848
-26808
-25679
-24464
-23170
-21797
-20352
-18841
-17266
-15634
-13951
-12221
-10451
-8645
-6812
-4956
-3083
-1200
687
2571
4448
6309
8150
9963
11743
13484
15181
16828
18418
19947
21411
22803
24120
25356
26509
27574
28547
29426
30207
30888
31466
31940
32308
32569
32722
32766
32702
32530
32249
31861
31368
30771
30072
29273
28377
27386
26306
25137
23886
22555
21149
19673
18132
16531
14875
13170
11421
9634
7816
5971
4106
2228
342
-1544
-3426
-5296
-7148
-8977
-10776
-12540
-14262
-15937
-17558
-19122
-20621
-22053
-23411
-24693
-25891
-27004
-28028
-28958
-29793
-30528
-31164
-31695
-32120
-32440
-32652
-32756
-32751
-32637
-32415
-32086
-31650
-31109
-30465
-29720
-28877
-27938
-26906
-25785
-24579
-23290
-21925
-20487
-18981
-17412
-15785
-14106
-12380
-10613
-8811
-6980
-5125
-3254
-1372
515
2400
4277
6140
7983
9799
11583
13328
15029
16680
18276
19811
21281
22679
24004
25247
26408
27481
28463
29350
30140
30830
31418
31901
32280
32550
32712
32767
32712
32550
32279
31901
31418
30830
30140
29349
28462
27480
26408
25247
24003
22679
21280
19810
18275
16679
15028
13327
11582
9798
7982
6139
4276
2399
514
-1373
-3255
-5126
-6981
-8812
-10614
-12381
-14107
-15786
-17413
-18982
-20488
-21926
-23291
-24579
-25786
-26907
-27938
-28878
-29721
-30466
-31110
-31650
-32087
-32415
-32637
-32751
-32756
-32652
-32440
-32120
-31694
-31163
-30528
-29793
-28958
-28027
-27003
-25891
-24692
-23410
-22052
-20620
-19121
-17557
-15936
-14260
-12538
-10775
-8976
-7147
-5295
-3425
-1543
344
2229
4107
5972
7817
9635
11423
13171
14877
16532
18133
19674
21150
22555
23887
25138
26306
27387
28378
29273
30072
30771
31369
31861
32250
32530
32702
32766
32722
32569
32308
31940
31465
30888
30206
29425
28547
27573
26508
25356
24119
22802
21411
19947
18417
16827
15180
13483
11742
9962
8149
6308
4447
2570
685
-1201
-3085
-4957
-6813
-8646
-10452
-12222
-13952
-15635
-17267
-18842
-20353
-21798
-23170
-24465
-25680
-26809
-27848
-28797
-29648
-30402
-31056
-31606
-32051
-32390
-32621
-32745
-32759
-32666
-32464
-32154
-31738
-31216
-30590
-29864
-29038
-28116
-27101
-25995
-24804
-23530
-22179
-20753
-19259
-17702
-16085
-14415
-12697
-10937
-9141
-7314
-5464
-3595
-1715
172
2058
3937
5803
7650
9471
11261
13014
14723
16384
17990
19537
21018
22431
23768
25027
26203
27293
28291
29195
30004
30712
31318
31821
32218
32509
32691
32765
32731
32587
32336
31978
31513
30944
30273
29500
28631
27665
26609
25464
24235
22926
21539
20082
18559
16974
15332
13640
11902
10125
8314
6476
4616
2741
857
-1030
-2913
-4787
-6645
-8481
-10289
-12063
-13797
-15484
-17121
-18701
-20218
-21669
-23048
-24351
-25572
-26710
-27758
-28714
-29575
-30338
-31001
-31560
-32015
-32363
-32605
-32738
-32763
-32679
-32486
-32186
-31780
-31267
-30651
-29934
-29117
-28204
-27197
-26099
-24915
-23649
-22304
-20886
-19398
-17846
-16234
-14569
-12855
-11099
-9306
-7482
-5633
-3765
-1886
1
1887
3766
5634
7483
9307
11100
12856
14570
16235
17847
19399
20887
22305
23650
24916
26100
27198
28204
29117
29934
30652
31268
31780
32186
32486
32679
32763
32738
32605
32363
32014
31560
31000
30338
29574
28713
27757
26709
25572
24350
23048
21668
20218
18700
17120
15483
13796
12062
10288
8480
6644
4786
2912
1029
-858
-2742
-4618
-6478
-8315
-10126
-11903
-13641
-15333
-16975
-18560
-20083
-21540
-22926
-24236
-25465
-26610
-27666
-28631
-29501
-30273
-30945
-31513
-31978
-32336
-32588
-32731
-32765
-32691
-32508
-32218
-31821
-31318
-30712
-30003
-29195
-28291
-27292
-26202
-25027
-23768
-22430
-21018
-19536
-17989
-16382
-14722
-13012
-11260
-9470
-7649
-5802
-3936
-2057
-171
1716
3597
5465
7315
9142
10938
12698
14416
16086
17703
19260
20754
22180
23531
24804
25996
27101
28116
29038
29864
30590
31216
31738
32154
32464
32666
32759
32745
32621
32390
32051
31605
31056
30402
29648
28796
27848
26808
25679
24464
23170
21797
20352
18841
17266
15634
13951
12221
10451
8645
6812
4956
3083
1200
-687
-2571
-4448
-6309
-8150
-9963
-11743
-13485
-15181
-16828
-18418
-19947
-21412
-22803
-24120
-25356
-26509
-27574
-28547
-29426
-30207
-30888
-31466
-31940
-32308
-32569
-32722
-32766
-32702
-32530
-32249
-31861
-31368
-30771
-30072
-29273
-28377
-27386
-26306
-25137
-23886
-22555
-21149
-19673
-18132
-16531
-14875
-13170
-11421
-9634
-7816
-5971
-4106
-2228
-342
1544
3426
5296
7148
8977
10776
12540
14262
15937
17558
19122
20621
22053
23411
24693
25891
27004
28028
28958
29793
30528
31164
31695
32120
32440
32652
32756
32751
32637
32415
32086
31650
31109
30465
29720
28877
27938
26906
25785
24579
23290
21925
20487
18981
17412
15785
14106
12380
10613
8811
6980
5125
3254
1372
-515
-2400
-4277
-6140
-7983
-9799
-11583
-13328
-15029
-16680
-18276
-19811
-21281
-22680
-24004
-25247
-26408
-27481
-28463
-29350
-30140
-30830
-31418
-31901
-32280
-32550
-32712
-32767
-32712
-32550
-32279
-31901
-31418
-30830
-30140
-29349
-28462
-27480
-26407
-25247
-24003
-22679
-21280
-19810
-18275
-16679
-15028
-13327
-11582
-9798
-7982
-6139
-4276
-2399
-514
1373
3255
5126
6981
8812
10614
12381
14107
15786
17413
18982
20488
21926
23291
24579
25786
26907
27938
28878
29721
30466
31110
31650
32087
32415
32637
32751
32756
32652
32440
32120
31694
31163
30528
29793
28958
28027
27003
25891
24692
23410
22052
20620
19121
17557
15936
14260
12538
10775
8976
7147
5295
3425
1543
-344
-2229
-4107
-5972
-7817
-9635
-11423
-13171
-14877
-16532
-18133
-19674
-21150
-22556
-23887
-25138
-26306
-27387
-28378
-29273
-30072
-30771
-31369
-31861
-32250
-32530
-32702
-32766
-32722
-32569
-32308
-31940
-31465
-30888
-30206
-29425
-28547
-27573
-26508
-25356
-24119
-22802
-21411
-19947
-18417
-16827
-15180
-13483
-11742
-9962
-8149
-6308
-4447
-2570
-685
1201
3085
4957
6813
8646
10452
12222
13952
15635
17267
18842
20353
21798
23170
24465
25680
26809
27848
28797
29648
30402
31056
31606
32051
32390
32621
32745
32759
32666
32464
32154
31738
31216
30590
29864
29038
28116
27101
25995
24804
23530
22179
20753
19259
17702
16085
14415
12697
10937
9141
7314
5464
3595
1715
-172
-2058
-3937
-5803
-7650
-9471
-11261
-13014
-14723
-16384
-17990
-19537
-21018
-22431
-23768
-25027
-26203
-27293
-28291
-29195
-30004
-30712
-31318
-31821
-32218
-32509
-32691
-32765
-32731
-32587
-32336
-31978
-31513
-30944
-30273
-29500
-28631
-27665
-26609
-25464
-24235
-22926
-21539
-20082
-18559
-16974
-15332
-13640
-11902
-10125
-8314
-6476
-4616
-2741
-857
1030
2913
4787
6645
8481
10289
12063
13797
15484
17121
18701
20218
21669
23048
24351
25572
26710
27758
28714
29575
30338
31001
31560
32015
32363
32605
32738
32763
32679
32486
32186
31780
31267
30651
29934
29117
28204
27197
26099
24915
23649
22304
20886
19398
17846
16234
14569
12855
11099
9306
7482
5633
3765
1886
-1
-1887
-3766
-5634
-7483
-9307
-11100
-12856
-14570
-16235
-17847
-19399
-20887
-22305
-23650
-24916
-26100
-27198
-28204
-29117
-29934
-30652
-31268
-31780
-32186
-32486
-32679
-32763
-32738
-32605
-32363
-32014
-31560
-31000
-30338
-29574
-28713
-27757
-26709
-25572
-24350
-23048
-21668
-20218
-18700
-17120
-15483
-13796
-12062
-10288
-8480
-6644
-4786
-2912
-1029
858
2742
4618
6478
8315
10126
11903
13641
15333
16975
18560
20083
21540
22926
24236
25465
26610
27666
28631
29501
30273
30945
31513
31978
32336
32588
32731
32765
32691
32508
32218
31821
31318
30712
30003
29195
28291
27292
26202
25027
23768
22430
21018
19536
17989
16382
14722
13012
11260
9470
7649
5802
3936
2057
171
-1716
-3597
-5465
-7315
-9142
-10938
-12698
-14416
-16086
-17703
-19260
-20754
-22180
-23531
-24804
-25996
-27101
-28116
-29038
-29864
-30590
-31216
-31738
-32154
-32464
-32666
-32759
-32745
-32621
-32390
-32051
-31605
-31056
-30402
-29648
-28796
-27848
-26808
-25679
-24464
-23170
-21797
-20352
-18841
-17266
-15634
-13951
-12221
-10451
-8645
-6812
-4956
-3083
-1200
687
2571
4448
6309
8150
9963
11743
13485
15181
16828
18418
19947
21412
22803
24120
25356
26509
27574
28547
29426
30207
30888
31466
31940
32308
32569
32722
32766
32702
32530
32249
31861
31368
30771
30072
29273
28377
27386
26306
25137
23886
22555
21149
19673
18132
16531
14875
13170
11421
9634
7816
5971
4106
2228
342
-1544
-3426
-5296
-7148
-8977
-10776
-12540
-14262
-15937
-17558
-19122
-20621
-22053
-23411
-24693
-25891
-27004
-28028
-28958
-29793
-30528
-31164
-31695
-32120
-32440
-32652
-32756
-32751
-32637
-32415
-32086
-31650
-31109
-30465
-29720
-28877
-27938
-26906
-25785
-24579
-23290
-21925
-20487
-18981
-17412
-15785
-14106
-12380
-10613
-8811
-6980
-5125
-3254
-1372
515
2400
4277
6140
7983
9799
11583
13328
15029
16680
18276
19811
21281
22680
24004
25247
26408
27481
28463
29350
30140
30830
31418
31901
32280
32550
32712
32767
32712
32550
32279
31901
31418
30830
30140
29349
28462
27480
26407
25247
24003
22679
21280
19810
18275
16679
15028
13327
11582
9798
7982
6139
4276
2399
514
-1373
-3255
-5126
-6981
-8812
-10614
-12381
-14107
-15786
-17413
-18982
-20488
-21926
-23291
-24579
-25786
-26907
-27938
-28878
-29721
-30466
-31110
-31650
-32087
-32415
-32637
-32751
-32756
-32652
-32440
-32120
-31694
-31163
-30528
-29793
-28958
-28027
-27003
-25891
-24692
-23410
-22052
-20620
-19121
-17557
-15936
-14260
-12538
-10775
-8976
-7147
-5295
-3425
-1543
344
2229
4107
5972
7817
9635
11423
13171
14877
16532
18133
19674
21150
22556
23887
25138
26306
27387
28378
29273
30072
30771
31369
31861
32250
32530
32702
32766
32722
32569
32308
31940
31465
30888
30206
29425
28547
27573
26508
25356
24119
22802
21411
19947
18417
16827
15180
13483
11742
9962
8149
6308
4447
2570
685
-1201
-3085
-4957
-6813
-8646
-10452
-12222
-13952
-15635
-17267
-18842
-20353
-21798
-23170
-24465
-25680
-26809
-27848
-28797
-29648
-30402
-31056
-31606
-32051
-32390
-32621
-32745
-32759
-32666
-32464
-32154
-31738
-31216
-30590
-29864
-29038
-28116
-27101
-25995
-24804
-23530
-22179
-20753
-19259
-17702
-16085
-14415
-12697
-10937
-9141
-7314
-5464
-3595
-1715
172
2058
3937
5803
7650
9471
11261
13014
14723
16384
17990
19537
21018
22431
23768
25027
26203
27293
28291
29195
30004
30712
31318
31821
32218
32509
32691
32765
32731
32587
32336
31978
31513
30944
30273
29500
28631
27665
26609
25464
24235
22926
21539
20082
18559
16974
15332
13640
11902
10125
8314
6476
4616
2741
857
-1030
-2913
-4787
-6645
-8481
-10289
-12063
-13797
-15484
-17121
-18701
-20218
-21669
-23048
-24351
-25572
-26710
-27758
-28714
-29575
-30338
-31001
-31560
-32015
-32363
-32605
-32738
-32763
-32679
-32486
-32186
-31780
-31267
-30651
-29934
-29117
-28204
-27197
-26099
-24915
-23649
-22304
-20886
-19398
-17846
-16234
-14569
-12855
-11099
-9306
-7482
-5633
-3765
-1886
1
1887
3767
5634
7483
9307
11100
12856
14570
16235
17847
19399
20887
22305
23650
24916
26100
27198
28204
29117
29934
30652
31268
31780
32186
32486
32679
32763
32738
32605
32363
32014
31560
31000
30338
29574
28713
27757
26709
25572
24350
23048
21668
20217
18700
17120
15483
13796
12062
10288
8480
6644
4786
2912
1028
-858
-2742
-4618
-6478
-8315
-10126
-11903
-13641
-15333
-16975
-18560
-20083
-21540
-22926
-24236
-25465
-26610
-27666
-28631
-29501
-30273
-30945
-31513
-31978
-32336
-32588
-32731
-32765
-32691
-32508
-32218
-31821
-31318
-30712
-30003
-29195
-28291
-27292
-26202
-25027
-23768
-22430
-21017
-19536
-17989
-16382
-14722
-13012
-11260
-9470
-7649
-5802
-3936
-2057
-171
1716
3597
5465
7316
9142
10938
12698
14416
16086
17703
19260
20754
22180
23531
24804
25996
27101
28116
29038
29864
30590
31216
31738
32154
32464
32666
32759
32745
32621
32390
32051
31605
31056
30402
29648
28796
27848
26808
25679
24464
23170
21797
20352
18841
17266
15634
13951
12221
10451
8645
6812
4956
3083
1200
-687
-2571
-4448
-6309
-8150
-9963
-11743
-13485
-15181
-16828
-18418
-19947
-21412
-22803
-24120
-25356
-26509
-27574
-28547
-29426
-30207
-30888
-31466
-31940
-32308
-32569
-32722
-32766
-32702
-32530
-32249
-31861
-31368
-30771
-30072
-29273
-28377
-27386
-26306
-25137
-23886
-22555
-21149
-19673
-18132
-16531
-14875
-13170
-11421
-9634
-7816
-5971
-4106
-2228
-342
1544
3426
5296
7148
8977
10776
12540
14262
15937
17558
19122
20621
22053
23411
24693
25891
27004
28028
28958
29793
30528
31164
31695
32120
32440
32652
32756
32751
32637
32415
32086
31650
31109
30465
29720
28877
27938
26906
25785
24579
23290
21925
20487
18981
17412
15785
14106
12380
10613
8811
6980
5125
3254
1372
-515
-2400
-4277
-6140
-7983
-9799
-11583
-13328
-15029
-16680
-18276
-19811
-21281
-22680
-24004
-25247
-26408
-27481
-28463
-29350
-30140
-30830
-31418
-31901
-32280
-32550
-32712
-32767
-32712
-32550
-32279
-31901
-31418
-30830
-30140
-29349
-28462
-27480
-26407
-25247
-24003
-22679
-21280
-19810
-18275
-16679
-15028
-13327
-11582
-9798
-7982
-6139
-4276
-2399
-514
1373
3255
5126
6981
8812
10614
12381
14107
15786
17413
18982
20488
21926
23291
24579
25786
26907
27938
28878
29721
30466
31110
31650
32087
32415
32637
32751
32756
32652
32440
32120
31694
31163
30528
29793
28958
28027
27003
25891
24692
23410
22052
20620
19121
17557
15936
14260
12538
10775
8976
7147
5295
3425
1543
-344
-2229
-4107
-5972
-7817
-9635
-11423
-13171
-14877
-16532
-18133
-19674
-21150
-22556
-23887
-25138
-26306
-27387
-28378
-29273
-30072
-30771
-31369
-31861
-32250
-32530
-32702
-32766
-32722
-32569
-32308
-31940
-31465
-30888
-30206
-29425
-28547
-27573
-26508
-25356
-24119
-22802
-21411
-19946
-18417
-16827
-15180
-13483
-11742
-9962
-8149
-6308
-4447
-2570
-685
1201
3085
4957
6813
8646
10452
12222
13952
15635
17267
18842
20353
21798
23170
24465
25680
26809
27848
28797
29648
30402
31056
31606
32051
32390
32621
32745
32759
32666
32464
32154
31738
31216
30590
29864
29038
28116
27101
25995
24804
23530
22179
20753
19259
17702
16085
14415
12697
10937
9141
7314
5464
3595
1715
-172
-2058
-3937
-5803
-7650
-9471
-11261
-13014
-14723
-16384
-17990
-19537
-21018
-22431
-23769
-25027
-26203
-27293
-28291
-29195
-30004
-30712
-31318
-31821
-32218
-32509
-32691
-32765
-32731
-32587
-32336
-31978
-31513
-30944
-30273
-29500
-28631
-27665
-26609
-25464
-24235
-22925
-21539
-20082
-18559
-16974
-15332
-13640
-11902
-10125
-8314
-6476
-4616
-2741
-857
1030
2913
4787
6646
8481
10289
12063
13797
15484
17121
18701
20218
21669
23048
24351
25572
26710
27758
28714
29575
30338
31001
31560
32015
32363
32605
32738
32763
32679
32486
32186
31780
31267
30651
29934
29117
28204
27197
26099
24915
23649
22304
20886
19398
17846
16234
14569
12855
11099
9306
7482
5633
3765
1886
-1
-1887
-3767
-5634
-7483
-9307
-11100
-12856
-14570
-16235
-17847
-19399
-20887
-22305
-23650
-24916
-26100
-27198
-28204
-29117
-29934
-30652
-31268
-31780
-32186
-32486
-32679
-32763
-32738
-32605
-32363
-32014
-31560
-31000
-30338
-29574
-28713
-27757
-26709
-25572
-24350
-23048
-21668
-20217
-18700
-17120
-15483
-13796
-12062
-10288
-8480
-6644
-4786
-2912
-1028
858
2742
4618
6478
8315
10126
11903
13641
15333
16975
18560
20083
21540
22926
24236
25465
26610
27666
28631
29501
30273
30945
31513
31978
32336
32588
32731
32765
32691
32508
32218
31821
31318
30712
30003
29195
28291
27292
26202
25027
23768
22430
21017
19536
17989
16382
14722
13012
11260
9470
7649
5802
3936
2057
171
-1716
-3597
-5465
-7316
-9142
-10938
-12698
-14416
-16086
-17703
-19260
-20754
-22180
-23531
-24804
-25996
-27101
-28116
-29038
-29864
-30590
-31216
-31738
-32154
-32464
-32666
-32759
-32745
-32621
-32390
-32051
-31605
-31056
-30402
-29648
-28796
-27848
-26808
-25679
-24464
-23170
-21797
-20352
-18841
-17266
-15634
-13951
-12221
-10451
-8645
-6812
-4956
-3083
-1200
687
2571
4448
6309
8150
9963
11743
13485
15181
16828
18418
19948
21412
22803
24120
25356
26509
27574
28547
29426
30207
30888
31466
31940
32308
32569
32722
32766
32702
32530
32249
31861
31368
30771
30072
29273
28377
27386
26306
25137
23886
22555
21149
19673
18132
16531
14875
13170
11421
9634
7816
5971
4106
2228
342
-1544
-3426
-5296
-7148
-8977
-10776
-12540
-14262
-15937
-17558
-19122
-20621
-22053
-23411
-24693
-25891
-27004
-28028
-28958
-29793
-30528
-31164
-31695
-32120
-32440
-32652
-32756
-32751
-32637
-32415
-32086
-31650
-31109
-30465
-29720
-28877
-27938
-26906
-25785
-24578
-23290
-21925
-20487
-18981
-17412
-15785
-14106
-12380
-10613
-8811
-6980
-5125
-3254
-1372
515
2400
4277
6140
7983
9799
11583
13328
15029
16680
18276
19811
21281
22680
24004
25247
26408
27481
28463
29350
30140
30830
31418
31901
32280
32550
32712
32767
32712
32550
32279
31901
31418
30830
30140
29349
28462
27480
26407
25247
24003
22679
21280
19810
18275
16679
15028
13327
11582
9798
7982
6139
4276
2399
514
-1373
-3255
-5126
-6981
-8812
-10614
-12381
-14107
-15786
-17413
-18982
-20488
-21926
-23291
-24579
-25786
-26907
-27938
-28878
-29721
-30466
-31110
-31651
-32087
-32415
-32637
-32751
-32756
-32652
-32440
-32120
-31694
-31163
-30528
-29793
-28958
-28027
-27003
-25891
-24692
-23410
-22052
-20620
-19121
-17557
-15936
-14260
-12538
-10775
-8976
-7147
-5295
-3425
-1543
344
2229
4107
5972
7817
9635
11423
13171
14877
16532
18133
19674
21150
22556
23887
25138
26306
27387
28378
29273
30072
30771
31369
31861
32250
32530
32702
32766
32722
32569
32308
31940
31465
30888
30206
29425
28547
27573
26508
25356
24119
22802
21411
19946
18417
16827
15180
13483
11742
9962
8149
6308
4447
2570
685
-1201
-3085
-4957
-6813
-8647
-10452
-12222
-13952
-15635
-17267
-18842
-20353
-21798
-23170
-24465
-25680
-26809
-27848
-28797
-29648
-30402
-31056
-31606
-32051
-32390
-32621
-32745
-32759
-32666
-32464
-32154
-31738
-31216
-30590
-29864
-29038
-28116
-27101
-25995
-24804
-23530
-22179
-20753
-19259
-17702
-16085
-14415
-12697
-10937
-9141
-7314
-5464
-3595
-1715
172
2058
3937
5803
7650
9471
11261
13014
14723
16384
17991
19537
21018
22431
23769
25027
26203
27293
28291
29195
30004
30712
31318
31821
32218
32509
32691
32765
32731
32587
32336
31978
31513
30944
30273
29500
28631
27665
26609
25464
24235
22925
21539
20082
18559
16974
15332
13640
11902
10125
8314
6476
4616
2741
857
-1030
-2913
-4787
-6646
-8481
-10289
-12063
-13797
-15484
-17121
-18701
-20218
-21669
-23048
-24351
-25572
-26710
-27758
-28714
-29575
-30338
-31001
-31560
-32015
-32364
-32605
-32738
-32763
-32679
-32486
-32186
-31780
-31267
-30651
-29934
-29117
-28204
-27197
-26099
-24915
-23649
-22304
-20886
-19398
-17846
-16234
-14569
-12855
-11099
-9306
-7482
-5633
-3765
-1886
1
1887
3767
5634
7483
9307
11100
12856
14570
16235
17847
19399
20887
22305
23650
24916
26100
27198
28204
29117
29934
30652
31268
31780
32186
32486
32679
32763
32738
32605
32363
32014
31560
31000
30338
29574
28713
27757
26709
25572
24350
23048
21668
20217
18700
17120
15483
13796
12062
10288
8480
6644
4786
2912
1028
-858
-2742
-4618
-6478
-8315
-10126
-11903
-13641
-15333
-16975
-18560
-20083
-21540
-22926
-24236
-25465
-26610
-27666
-28631
-29501
-30273
-30945
-31513
-31978
-32336
-32588
-32731
-32765
-32691
-32508
-32218
-31821
-31318
-30712
-30003
-29195
-28291
-27292
-26202
-25027
-23768
-22430
-21017
-19536
-17989
-16382
-14722
-13012
-11260
-9470
-7649
-5802
-3936
-2057
-171
1716
3597
5465
7316
9142
10938
12698
14416
16086
17703
19260
20754
22180
23531
24804
25996
27101
28116
29038
29864
30590
31216
31738
32154
32464
32666
32759
32745
32621
32390
32051
31605
31056
30402
29648
28796
27848
26808
25679
24464
23170
21797
20352
18841
17266
15634
13951
12221
10451
8645
6812
4956
3083
1200
-687
-2571
-4448
-6309
-8150
-9963
-11743
-13485
-15181
-16828
-18418
-19948
-21412
-22803
-24120
-25357
-26509
-27574
-28547
-29426
-30207
-30888
-31466
-31940
-32308
-32569
-32722
-32766
-32702
-32530
-32249
-31861
-31368
-30771
-30072
-29273
-28377
-27386
-26306
-25137
-23886
-22555
-21149
-19673
-18132
-16531
-14875
-13170
-11421
-9634
-7816
-5971
-4106
-2228
-342
1544
3426
5296
7148
8977
10776
12540
14262
15937
17558
19122
20621
22053
23411
24693
25891
27004
28028
28958
29793
30528
31164
31695
32120
32440
32652
32756
32751
32637
32415
32086
31650
31109
30465
29720
28877
27938
26906
25785
24578
23290
21925
20487
18981
17412
15785
14106
12380
10613
8811
6980
5125
3254
1372
-515
-2400
-4277
-6140
-7983
-9799
-11583
-13328
-15029
-16680
-18276
-19811
-21281
-22680
-24004
-25247
-26408
-27481
-28463
-29350
-30140
-30830
-31418
-31901
-32280
-32550
-32712
-32767
-32712
-32550
-32279
-31901
-31418
-30830
-30140
-29349
-28462
-27480
-26407
-25247
-24003
-22679
-21280
-19810
-18275
-16679
-15028
-13327
-11582
-9798
-7982
-6139
-4276
-2399
-514
1373
3255
5126
6981
8812
10614
12381
14107
15786
17413
18982
20488
21926
23291
24579
25786
26907
27938
28878
29721
30466
31110
31651
32087
32415
32637
32751
32756
32652
32440
32120
31694
31163
30528
29793
28958
28027
27003
25891
24692
23410
22052
20620
19121
17557
15936
14260
12538
10775
8976
7147
5295
3425
1543
-344
-2229
-4107
-5972
-7817
-9636
-11423
-13171
-14877
-16532
-18133
-19674
-21150
-22556
-23887
-25138
-26306
-27387
-28378
-29273
-30072
-30771
-31369
-31861
-32250
-32530
-32702
-32766
-32722
-32569
-32308
-31940
-31465
-30888
-30206
-29425
-28547
-27573
-26508
-25356
-24119
-22802
-21411
-19946
-18417
-16827
-15180
-13483
-11742
-9962
-8149
-6308
-4446
-2570
-685
1201
3085
4957
6813
8647
10452
12222
13952
15635
17267
18842
20353
21798
23170
24465
25680
26809
27848
28797
29648
30402
31056
31606
32051
32390
32621
32745
32759
32666
32464
32154
31738
31216
30590
29864
29038
28116
27101
25995
24804
23530
22179
20753
19259
17702
16085
14415
12697
10937
9141
7314
5464
3595
1715
-172
-2058
-3937
-5803
-7650
-9471
-11261
-13014
-14723
-16384
-17991
-19537
-21018
-22431
-23769
-25027
-26203
-27293
-28291
-29196
-30004
-30712
-31318
-31821
-32218
-32509
-32691
-32765
-32731
-32587
-32336
-31978
-31513
-30944
-30273
-29500
-28631
-27665
-26609
-25464
-24235
-22925
-21539
-20082
-18559
-16974
-15332
-13640
-11902
-10125
-8314
-6476
-4616
-2741
-857
1030
2914
4787
6646
8481
10289
12063
13797
15484
17121
18701
20219
21669
23048
24351
25572
26710
27758
28714
29575
30338
31001
31560
32015
32364
32605
32738
32763
32679
32486
32186
31780
31267
30651
29934
29117
28204
27197
26099
24915
23649
22304
20886
19398
17846
16234
14569
12855
11099
9305
7481
5633
3765
1886
-1
-1887
-3767
-5634
-7483
-9307
-11100
-12856
-14570
-16235
-17847
-19399
-20887
-22305
-23650
-24916
-26100
-27198
-28204
-29117
-29934
-30652
-31268
-31780
-32186
-32486
-32679
-32763
-32738
-32605
-32363
-32014
-31560
-31000
-30338
-29574
-28713
-27757
-26709
-25572
-24350
-23047
-21668
-20217
-18700
-17120
-15483
-13796
-12062
-10288
-8480
-6644
-4786
-2912
-1028
858
2742
4618
6478
8315
10126
11903
13641
15333
16975
18560
20083
21540
22926
24236
25465
26610
27666
28631
29501
30273
30945
31513
31978
32336
32588
32731
32765
32691
32508
32218
31821
31318
30712
30003
29195
28291
27292
26202
25027
23768
22430
21017
19536
17989
16382
14722
13012
11260
9470
7649
5802
3936
2057
171
-1716
-3597
-5465
-7316
-9142
-10938
-12698
-14416
-16086
-17703
-19260
-20754
-22180
-23531
-24804
-25996
-27101
-28116
-29038
-29864
-30590
-31216
-31738
-32154
-32464
-32666
-32759
-32745
-32621
-32390
-32051
-31605
-31056
-30402
-29648
-28796
-27848
-26808
-25679
-24464
-23170
-21797
-20352
-18841
-17266
-15634
-13951
-12221
-10451
-8645
-6812
-4956
-3083
-1200
687
2571
4448
6309
8150
9963
11743
13485
15181
16828
18418
19948
21412
22803
24120
25357
26509
27574
28547
29426
30207
30888
31466
31940
32308
32569
32722
32766
32702
32530
32249
31861
31368
30771
30072
29273
28377
27386
26306
25137
23886
22555
21149
19673
18132
16531
14875
13170
11421
9634
7816
5971
4106
2228
342
-1544
-3426
-5296
-7148
-8977
-10776
-12540
-14262
-15937
-17558
-19122
-20621
-22053
-23411
-24693
-25891
-27004
-28028
-28958
-29793
-30528
-31164
-31695
-32120
-32440
-32652
-32756
-32751
-32637
-32415
-32086
-31650
-31109
-30465
-29720
-28877
-27938
-26906
-25785
-24578
-23290
-21925
-20487
-18981
-17412
-15785
-14106
-12380
-10613
-8811
-6980
-5125
-3254
-1371
515
2400
4277
6140
7983
9799
11583
13328
15029
16680
18276
19811
21281
22680
24004
25248
26408
27481
28463
29350
30140
30830
31418
31901
32280
32550
32712
32767
32712
32550
32279
31901
31418
30830
30140
29349
28462
27480
26407
25247
24003
22679
21280
19810
18275
16679
15028
13327
11582
9798
7982
6139
4276
2399
514
-1373
-3255
-5126
-6981
-8812
-10614
-12381
-14107
-15786
-17413
-18982
-20488
-21926
-23291
-24579
-25786
-26907
-27938
-28878
-29721
-30466
-31110
-31651
-32087
-32415
-32637
-32751
-32756
-32652
-32440
-32120
-31694
-31163
-30528
-29793
-28958
-28027
-27003
-25891
-24692
-23410
-22052
-20620
-19121
-17557
-15936
-14260
-12538
-10775
-8976
-7147
-5295
-3425
-1543
344
2229
4107
5972
7817
9636
11423
13171
14877
16532
18133
19674
21150
22556
23887
25138
26306
27387
28378
29273
30072
30771
31369
31861
32250
32530
32702
32766
32722
32569
32308
31940
31465
30888
30206
29425
28547
27573
26508
25356
24119
22802
21411
19946
18417
16827
15180
13483
11742
9962
8149
6308
4446
2570
685
-1201
-3085
-4957
-6813
-8647
-10452
-12222
-13952
-15635
-17267
-18842
-20353
-21798
-23170
-24465
-25680
-26809
-27848
-28797
-29648
-30402
-31056
-31606
-32051
-32390
-32621
-32745
-32759
-32666
-32464
-32154
-31738
-31216
-30590
-29864
-29038
-28116
-27101
-25995
-24804
-23530
-22179
-20753
-19259
-17702
-16085
-14415
-12697
-10937
-9141
-7314
-5464
-3595
-1715
172
2058
3937
5803
7650
9471
11261
13014
14723
16384
17991
19537
21018
22431
23769
25027
26203
27293
28291
29196
30004
30712
31318
31821
32218
32509
32691
32765
32731
32587
32336
31978
31513
30944
30273
29500
28631
27665
26609
25464
24235
22925
21539
20082
18559
16974
15332
13640
11902
10125
8314
6476
4616
2741
857
-1030
-2914
-4787
-6646
-8481
-10289
-12063
-13797
-15484
-17121
-18701
-20219
-21669
-23048
-24351
-25572
-26710
-27758
-28714
-29575
-30338
-31001
-31560
-32015
-32364
-32605
-32738
-32763
-32679
-32486
-32186
-31780
-31267
-30651
-29934
-29117
-28204
-27197
-26099
-24915
-23649
-22304
-20886
-19397
-17846
-16234
-14569
-12855
-11099
-9305
-7481
-5633
-3765
-1886
1
1887
3767
5634
7483
9307
11100
12856
14570
16235
17847
19399
20887
22305
23650
24916
26100
27198
28204
29117
29934
30652
31268
31780
32186
32486
32679
32763
32738
32605
32363
32014
31560
31000
30338
29574
28713
27757
26709
25571
24350
23047
21668
20217
18700
17120
15483
13796
12062
10288
8480
6644
4786
2912
1028
-858
-2742
-4618
-6478
-8315
-10126
-11903
-13641
-15333
-16975
-18560
-20083
-21540
-22926
-24236
-25465
-26610
-27666
-28631
-29501
-30273
-30945
-31513
-31978
-32336
-32588
-32731
-32765
-32691
-32508
-32218
-31821
-31318
-30712
-30003
-29195
-28291
-27292
-26202
-25026
-23768
-22430
-21017
-19536
-17989
-16382
-14722
-13012
-11260
-9470
-7649
-5802
-3936
-2057
-171
1716
3597
5465
7316
9142
10938
12698
14416
16086
17703
19260
20754
22180
23531
24804
25996
27101
28116
29038
29864
30590
31216
31738
32154
32464
32666
32759
32745
32621
32389
32051
31605
31056
30402
29648
28796
27848
26808
25679
24464
23170
21797
20352
18841
17266
15634
13951
12221
10451
8645
6812
4956
3083
1200
-687
-2571
-4448
-6309
-8150
-9963
-11744
-13485
-15181
-16828
-18418
-19948
-21412
-22803
-24120
-25357
-26509
-27574
-28547
-29426
-30207
-30888
-31466
-31940
-32308
-32569
-32722
-32766
-32702
-32530
-32249
-31861
-31368
-30771
-30072
-29272
-28377
-27386
-26306
-25137
-23886
-22555
-21149
-19673
-18132
-16531
-14875
-13170
-11421
-9634
-7816
-5971
-4106
-2228
-342
1544
3426
5296
7148
8977
10776
12540
14262
15937
17558
19122
20621
22053
23411
24693
25891
27004
28028
28958
29793
30528
31164
31695
32120
32440
32652
32756
32751
32637
32415
32086
31650
31109
30465
29720
28877
27938
26906
25785
24578
23290
21925
20487
18981
17412
15785
14106
12380
10613
8811
6980
5125
3254
1371
-515
-2400
-4277
-6141
-7983
-9799
-11583
-13328
-15029
-16681
-18276
-19811
-21281
-22680
-24004
-25248
-26408
-27481
-28463
-29350
-30140
-30830
-31418
-31901
-32280
-32550
-32712
-32767
-32712
-32550
-32279
-31901
-31418
-30830
-30140
-29349
-28462
-27480
-26407
-25247
-24003
-22679
-21280
-19810
-18275
-16679
-15028
-13327
-11582
-9798
-7982
-6139
-4276
-2399
-514
1373
3255
5126
6981
8812
10614
12381
14107
15786
17413
18982
20488
21926
23291
24579
25786
26907
27938
28878
29721
30466
31110
31651
32087
32415
32637
32751
32756
32652
32440
32120
31694
31163
30528
29793
28958
28027
27003
25891
24692
23410
22052
20620
19121
17557
15936
14260
12538
10775
8976
7147
5295
3425
1543
-344
-2229
-4107
-5972
-7817
-9636
-11423
-13171
-14877
-16532
-18133
-19674
-21150
-22556
-23887
-25138
-26307
-27387
-28378
-29273
-30072
-30771
-31369
-31861
-32250
-32530
-32702
-32766
-32722
-32569
-32308
-31940
-31465
-30888
-30206
-29425
-28547
-27573
-26508
-25356
-24119
-22802
-21411
-19946
-18417
-16827
-15180
-13483
-11742
-9962
-8149
-6308
-4446
-2570
-685
1201
3085
4957
6813
8647
10452
12222
13952
15635
17267
18842
20353
21798
23170
24465
25680
26809
27848
28797
29648
30402
31056
31606
32051
32390
32621
32745
32759
32666
32464
32154
31738
31216
30590
29864
29038
28116
27101
25995
24804
23530
22179
20753
19259
17702
16085
14415
12697
10937
9141
7314
5464
3595
1715
-172
-2058
-3937
-5803
-7650
-9471
-11261
-13014
-14723
-16384
-17991
-19537
-21019
-22431
-23769
-25027
-26203
-27293
-28291
-29196
-30004
-30712
-31318
-31821
-32218
-32509
-32691
-32765
-32731
-32587
-32336
-31978
-31513
-30944
-30273
-29500
-28631
-27665
-26609
-25464
-24235
-22925
-21539
-20082
-18559
-16974
-15332
-13639
-11902
-10125
-8314
-6476
-4616
-2741
-857
1030
2914
4787
6646
8481
10289
12063
13797
15484
17121
18701
20219
21669
23048
24351
25572
26710
27758
28714
29575
30338
31001
31560
32015
32364
32605
32738
32763
32679
32486
32186
31780
31267
30651
29934
29117
28204
27197
26099
24915
23649
22304
20886
19397
17846
16234
14569
12855
11099
9305
7481
5633
3765
1886
-1
-1887
-3767
-5634
-7483
-9307
-11100
-12856
-14570
-16235
-17847
-19399
-20887
-22305
-23650
-24916
-26100
-27198
-28204
-29117
-29934
-30652
-31268
-31780
-32186
-32486
-32679
-32763
-32738
-32605
-32363
-32014
-31560
-31000
-30338
-29574
-28713
-27757
-26709
-25571
-24350
-23047
-21668
-20217
-18700
-17120
-15483
-13796
-12062
-10288
-8480
-6644
-4786
-2912
-1028
858
2742
4618
6478
8315
10126
11903
13641
15333
16975
18560
20083
21540
22926
24236
25465
26610
27666
28631
29501
30273
30945
31513
31978
32336
32588
32731
32765
32691
32508
32218
31821
31318
30712
30003
29195
28291
27292
26202
25026
23768
22430
21017
19536
17989
16382
14722
13012
11260
9470
7649
5802
3936
2057
171
-1716
-3597
-5465
-7316
-9142
-10938
-12698
-14416
-16086
-17703
-19260
-20754
-22180
-23531
-24804
-25996
-27101
-28116
-29038
-29864
-30590
-31216
-31738
-32154
-32464
-32666
-32759
-32745
-32621
-32389
-32051
-31605
-31056
-30402
-29648
-28796
-27848
-26808
-25679
-24464
-23170
-21797
-20352
-18841
-17266
-15634
-13951
-12221
-10451
-8645
-6812
-4956
-3083
-1200
687
2571
4448
6309
8150
9963
11744
13485
15181
16828
18418
19948
21412
22803
24120
25357
26509
27574
28547
29426
30207
30888
31466
31940
32308
32569
32722
32766
32702
32530
32249
31861
31368
30771
30072
29272
28377
27386
26306
25137
23886
22555
21149
19673
18132
16531
14875
13170
11421
9634
7816
5971
4106
2228
342
-1544
-3426
-5296
-7148
-8977
-10776
-12540
-14262
-15937
-17558
-19122
-20621
-22053
-23411
-24693
-25891
-27004
-28028
-28958
-29794
-30528
-31164
-31695
-32120
-32440
-32652
-32756
-32751
-32637
-32415
-32086
-31650
-31109
-30465
-29720
-28877
-27938
-26906
-25785
-24578
-23290
-21925
-20487
-18981
-17412
-15785
-14106
-12380
-10613
-8811
-6980
-5125
-3254
-1371
515
2400
4277
6141
7983
9799
11583
13328
15029
16681
18276
19812
21281
22680
24004
25248
26408
27481
28463
29350
30140
30830
31418
31901
32280
32550
32712
32767
32712
32550
32279
31901
31418
30830
30140
29349
28462
27480
26407
25247
24003
22679
21280
19810
18275
16679
15028
13327
11582
9798
7982
6139
4276
2399
514
-1373
-3255
-5126
-6981
-8812
-10614
-12381
-14107
-15786
-17413
-18982
-20488
-21926
-23291
-24579
-25786
-26907
-27938
-28878
-29721
-30466
-31110
-31651
-32087
-32415
-32637
-32751
-32756
-32652
-32440
-32120
-31694
-31163
-30528
-29793
-28958
-28027
-27003
-25891
-24692
-23410
-22052
-20620
-19121
-17557
-15935
-14260
-12538
-10775
-8976
-7147
-5295
-3425
-1543
344
2229
4107
5972
7817
9636
11423
13171
14877
16532
18133
19674
21150
22556
23887
25138
26307
27387
28378
29273
30072
30771
31369
31861
32250
32530
32702
32766
32722
32569
32308
31940
31465
30888
30206
29425
28547
27573
26508
25356
24119
22802
21411
19946
18417
16827
15180
13483
11742
9962
8149
6308
4446
2570
685
-1201
-3085
-4957
-6813
-8647
-10452
-12222
-13952
-15635
-17267
-18842
-20353
-21798
-23170
-24465
-25680
-26809
-27848
-28797
-29648
-30402
-31056
-31606
-32051
-32390
-32621
-32745
-32759
-32666
-32464
-32154
-31738
-31216
-30590
-29864
-29038
-28116
-27101
-25995
-24804
-23530
-22179
-20753
-19259
-17702
-16085
-14415
-12697
-10937
-9141
-7314
-5464
-3595
-1714
172
2058
3937
5803
7650
9472
11261
13014
14723
16384
17991
19537
21019
22431
23769
25027
26203
27293
28291
29196
30004
30712
31318
31821
32218
32509
32691
32765
32731
32587
32336
31978
31513
30944
30273
29500
28631
27665
26609
25464
24235
22925
21539
20082
18559
16974
15332
13639
11902
10125
8314
6476
4616
2741
857
-1030
-2914
-4787
-6646
-8481
-10289
-12063
-13797
-15484
-17121
-18701
-20219
-21669
-23048
-24351
-25572
-26710
-27758
-28714
-29575
-30338
-31001
-31560
-32015
-32364
-32605
-32738
-32763
-32679
-32486
-32186
-31780
-31267
-30651
-29934
-29117
-28204
-27197
-26099
-24915
-23649
-22304
-20886
-19397
-17846
-16234
-14569
-12855
-11099
-9305
-7481
-5633
-3765
-1886
1
1887
3767
5634
7483
9307
11100
12856
14570
16235
17847
19399
20887
22305
23650
24916
26100
27198
28204
29117
29934
30652
31268
31780
32186
32486
32679
32763
32738
32605
32363
32014
31560
31000
30338
29574
28713
27757
26709
25571
24350
23047
21668
20217
18700
17120
15483
13796
12062
10288
8480
6644
4786
2912
1028
-858
-2742
-4618
-6478
-8315
-10126
-11903
-13641
-15333
-16975
-18560
-20083
-21540
-22926
-24236
-25465
-26610
-27666
-28631
-29501
-30273
-30945
-31514
-31978
-32336
-32588
-32731
-32765
-32691
-32508
-32218
-31821
-31318
-30712
-30003
-29195
-28291
-27292
-26202
-25026
-23768
-22430
-21017
-19536
-17989
-16382
-14722
-13012
-11260
-9470
-7649
-5802
-3936
-2057
-171
1716
3597
5465
7316
9142
10938
12698
14416
16086
17703
19260
20754
22180
23531
24804
25996
27101
28116
29038
29864
30590
31216
31738
32154
32464
32666
32759
32745
32621
32389
32051
31605
31056
30402
29648
28796
27848
26808
25679
24464
23169
21797
20352
18841
17266
15634
13951
12221
10451
8645
6812
4956
3083
1200
-687
-2572
-4448
-6309
-8150
-9963
-11744
-13485
-15181
-16828
-18418
-19948
-21412
-22803
-24120
-25357
-26509
-27574
-28547
-29426
-30207
-30888
-31466
-31940
-32308
-32569
-32722
-32766
-32702
-32530
-32249
-31861
-31368
-30771
-30072
-29272
-28377
-27386
-26306
-25137
-23886
-22555
-21149
-19673
-18132
-16531
-14875
-13170
-11421
-9634
-7816
-5971
-4106
-2228
-342
1544
3426
5296
7148
8977
10776
12540
14262
15937
17558
19122
20621
22053
23411
24693
25891
27004
28028
28958
29794
30528
31164
31695
32120
32440
32652
32756
32751
32637
32415
32086
31650
31109
30465
29720
28877
27938
26906
25785
24578
23290
21925
20487
18981
17412
15785
14106
12380
10613
8811
6980
5125
3254
1371
-515
-2400
-4277
-6141
-7983
-9799
-11583
-13328
-15029
-16681
-18276
-19812
-21281
-22680
-24004
-25248
-26408
-27481
-28463
-29350
-30140
-30830
-31418
-31901
-32280
-32550
-32712
-32767
-32712
-32550
-32279
-31901
-31418
-30830
-30140
-29349
-28462
-27480
-26407
-25247
-24003
-22679
-21280
-19810
-18275
-16679
-15028
-13327
-11582
-9798
-7982
-6139
-4276
-2399
-514
1373
3255
5127
6981
8812
10614
12381
14107
15786
17413
18982
20488
21926
23291
24579
25786
26907
27938
28878
29721
30466
31110
31651
32087
32415
32637
32751
32756
32652
32440
32120
31694
31163
30528
29793
28958
28027
27003
25891
24692
23410
22052
20620
19121
17557
15935
14260
12538
10775
8976
7147
5295
3425
1543
-344
-2229
-4107
-5972
-7817
-9636
-11423
-13171
-14877
-16532
-18133
-19674
-21150
-22556
-23887
-25138
-26307
-27387
-28378
-29273
-30072
-30771
-31369
-31861
-32250
-32530
-32702
-32766
-32722
-32569
-32308
-31940
-31465
-30887
-30206
-29425
-28547
-27573
-26508
-25356
-24119
-22802
-21411
-19946
-18417
-16827
-15180
-13483
-11742
-9962
-8149
-6308
-4446
-2570
-685
1201
3085
4957
6813
8647
10452
12222
13952
15635
17267
18842
20353
21798
23171
24465
25680
26809
27848
28797
29649
30402
31056
31606
32051
32390
32621
32745
32759
32666
32464
32154
31738
31216
30590
29864
29038
28116
27101
25995
24804
23530
22179
20753
19259
17702
16085
14415
12697
10937
9141
7314
5464
3595
1714
-172
-2058
-3937
-5803
-7650
-9472
-11261
-13014
-14723
-16384
-17991
-19537
-21019
-22431
-23769
-25027
-26203
-27293
-28291
-29196
-30004
-30712
-31318
-31821
-32218
-32509
-32691
-32765
-32731
-32587
-32336
-31978
-31513
-30944
-30273
-29500
-28631
-27665
-26609
-25464
-24235
-22925
-21539
-20082
-18559
-16974
-15332
-13639
-11902
-10125
-8314
-6476
-4616
-2741
-857
1030
2914
4787
6646
8481
10289
12063
13797
15484
17121
18701
20219
21669
23048
24351
25572
26710
27758
28714
29575
30338
31001
31560
32015
32364
32605
32738
32763
32679
32486
32186
31780
31267
30651
29934
29117
28204
27197
26099
24915
23649
22304
20886
19397
17846
16234
14569
12855
11099
9305
7481
5633
3765
1886
-1
-1887
-3767
-5634
-7483
-9307
-11100
-12856
-14570
-16235
-17847
-19399
-20887
-22305
-23650
-24916
-26100
-27198
-28204
-29117
-29934
-30652
-31268
-31780
-32186
-32486
-32679
-32763
-32738
-32605
-32363
-32014
-31560
-31000
-30338
-29574
-28713
-27757
-26709
-25571
-24350
-23047
-21668
-20217
-18700
-17120
-15483
-13796
-12062
-10288
-8480
-6644
-4786
-2912
-1028
858
2742
4618
6478
8315
10126
11903
13641
15333
16975
18560
20083
21540
22926
24236
25465
26610
27666
28631
29501
30273
30945
31514
31978
32336
32588
32731
32765
32691
32508
32218
31821
31318
30712
30003
29195
28291
27292
26202
25026
23768
22430
21017
19536
17989
16382
14722
13012
11260
9470
7649
5802
3936
2057
171
-1716
-3597
-5465
-7316
-9142
-10938
-12698
-14416
-16086
-17703
-19260
-20754
-22180
-23531
-24804
-25996
-27101
-28116
-29038
-29864
-30590
-31216
-31738
-32154
-32464
-32666
-32759
-32745
-32621
-32389
-32051
-31605
-31056
-30402
-29648
-28796
-27848
-26808
-25679
-24464
-23169
-21797
-20352
-18841
-17266
-15634
-13951
-12221
-10450
-8645
-6812
-4956
-3083
-1200
687
2572
4448
6309
8150
9963
11744
13485
15181
16828
18418
19948
21412
22803
24120
25357
26509
27574
28547
29426
30207
30888
31466
31940
32308
32569
32722
32766
32702
32530
32249
31861
31368
30771
30072
29272
28377
27386
26306
25137
23886
22555
21149
19673
18132
16531
14875
13170
11421
9634
7816
5971
4106
2228
342
-1544
-3426
-5296
-7148
-8977
-10776
-12540
-14262
-15937
-17558
-19122
-20621
-22053
-23411
-24693
-25891
-27004
-28028
-28958
-29794
-30528
-31164
-31695
-32121
-32440
-32652
-32756
-32751
-32637
-32415
-32086
-31650
-31109
-30465
-29720
-28877
-27938
-26906
-25785
-24578
-23290
-21925
-20487
-18981
-17412
-15785
-14106
-12380
-10613
-8811
-6980
-5125
-3254
-1371
515
2400
4277
6141
7984
9799
11583
13328
15029
16681
18276
19812
21281
22680
24004
25248
26408
27481
28463
29350
30140
30830
31418
31901
32280
32550
32712
32767
32712
32550
32279
31901
31418
30830
30140
29349
28462
27480
26407
25247
24003
22679
21280
19810
18275
16679
15028
13327
11582
9798
7982
6139
4276
2399
514
-1373
-3255
-5127
-6981
-8812
-10614
-12381
-14107
-15786
-17413
-18982
-20488
-21926
-23291
-24579
-25786
-26907
-27938
-28878
-29721
-30466
-31110
-31651
-32087
-32415
-32637
-32751
-32756
-32652
-32440
-32120
-31694
-31163
-30528
-29793
-28958
-28027
-27003
-25891
-24692
-23410
-22052
-20620
-19121
-17557
-15935
-14260
-12538
-10775
-8976
-7147
-5294
-3425
-1543
344
2229
4107
5972
7817
9636
11423
13171
14877
16532
18133
19674
21150
22556
23887
25138
26307
27387
28378
29273
30072
30771
31369
31861
32250
32530
32702
32766
32722
32569
32308
31940
31465
30887
30206
29425
28547
27573
26508
25356
24119
22802
21411
19946
18417
16827
15180
13483
11742
9962
8148
6308
4446
2570
685
-1201
-3085
-4957
-6813
-8647
-10452
-12222
-13952
-15635
-17267
-18842
-20353
-21798
-23171
-24465
-25680
-26809
-27848
-28797
-29649
-30402
-31056
-31606
-32051
-32390
-32621
-32745
-32759
-32666
-32464
-32153
-31738
-31216
-30590
-29864
-29038
-28116
-27101
-25995
-24804
-23530
-22179
-20753
-19259
-17702
-16085
-14415
-12697
-10937
-9141
-7314
-5464
-3595
-1714
172
2058
3937
5803
7650
9472
11261
13014
14723
16384
17991
19537
21019
22431
23769
25027
26203
27293
28291
29196
30004
30712
31318
31821
32218
32509
32691
32765
32731
32587
32336
31978
31513
30944
30273
29500
28631
27665
26609
25464
24235
22925
21539
20082
18559
16974
15332
13639
11902
10125
8314
6476
4616
2741
857
-1030
-2914
-4787
-6646
-8481
-10289
-12063
-13797
-15484
-17121
-18701
-20219
-21669
-23048
-24351
-25572
-26710
-27758
-28714
-29575
-30338
-31001
-31560
-32015
-32364
-32605
-32738
-32763
-32679
-32486
-32186
-31780
-31267
-30651
-29934
-29117
-28204
-27197
-26099
-24915
-23649
-22304
-20886
-19397
-17846
-16234
-14569
-12855
-11099
-9305
-7481
-5633
-3765
-1886
1
1887
3767
5634
7483
9307
11100
12856
14570
16235
17847
19399
20887
22305
23650
24916
26100
27198
28204
29117
29934
30652
31268
31780
32186
32486
32679
32763
32738
32605
32363
32014
31560
31000
30338
29574
28713
27757
26709
25571
24350
23047
21668
20217
18700
17120
15483
13796
12062
10287
8480
6644
4786
2912
1028
-858
-2742
-4618
-6478
-8315
-10126
-11903
-13641
-15333
-16975
-18560
-20083
-21540
-22926
-24236
-25465
-26610
-27666
-28631
-29501
-30273
-30945
-31514
-31978
-32336
-32588
-32731
-32765
-32691
-32508
-32218
-31821
-31318
-30712
-30003
-29195
-28291
-27292
-26202
-25026
-23768
-22430
-21017
-19536
-17989
-16382
-14722
-13012
-11260
-9470
-7649
-5802
-3936
-2057
-171
1716
3597
5465
7316
9142
10938
12698
14416
16086
17703
19260
20754
22180
23531
24804
25996
27101
28116
29038
29864
30590
31216
31738
32154
32464
32666
32759
32745
32621
32389
32051
31605
31056
30402
29648
28796
27848
26808
25679
24464
23169
21797
20352
18841
17266
15634
13951
12221
10450
8645
6812
4956
3083
1200
-687
-2572
-4448
-6309
-8150
-9963
-11744
-13485
-15181
-16828
-18418
-19948
-21412
-22803
-24120
-25357
-26509
-27574
-28547
-29426
-30207
-30888
-31466
-31940
-32308
-32569
-32722
-32766
-32702
-32530
-32249
-31861
-31368
-30771
-30072
-29272
-28377
-27386
-26306
-25137
-23886
-22555
-21149
-19673
-18132
-16531
-14875
-13170
-11421
-9634
-7816
-5971
-4106
-2228
-342
1544
3426
5296
7148
8977
10776
12540
14262
15937
17558
19122
20621
22053
23411
24693
25891
27004
28028
28959
29794
30528
31164
31695
32121
32440
32652
32756
32751
32637
32415
32086
31650
31109
30465
29720
28877
27938
26906
25785
24578
23290
21925
20487
18981
17412
15785
14106
12380
10613
8811
6980
5125
3254
1371
-515
-2400
-4277
-6141
-7984
-9799
-11583
-13328
-15029
-16681
-18276
-19812
-21281
-22680
-24004
-25248
-26408
-27481
-28463
-29350
-30140
-30830
-31418
-31901
-32280
-32550
-32712
-32767
-32712
-32550
-32279
-31901
-31418
-30830
-30140
-29349
-28462
-27480
-26407
-25247
-24003
-22679
-21280
-19810
-18275
-16679
-15028
-13327
-11582
-9798
-7982
-6139
-4276
-2399
-514
1373
3255
5127
6981
8812
10614
12381
14107
15786
17413
18982
20488
21926
23291
24579
25786
26907
27938
28878
29721
30466
31110
31651
32087
32415
32637
32751
32756
32652
32440
32120
31694
31163
30528
29793
28958
28027
27003
25891
24692
23410
22052
20620
19121
17557
15935
14260
12538
10775
8976
7147
5294
3425
1543
-344
-2229
-4107
-5972
-7817
-9636
-11423
-13171
-14877
-16532
-18133
-19674
-21150
-22556
-23887
-25138
-26307
-27387
-28378
-29273
-30072
-30771
-31369
-31861
-32250
-32530
-32702
-32766
-32722
-32569
-32308
-31940
-31465
-30887
-30206
-29425
-28547
-27573
-26508
-25356
-24119
-22802
-21410
-19946
-18417
-16827
-15180
-13483
-11742
-9962
-8148
-6308
-4446
-2570
-685
1201
3085
4957
6813
8647
10452
12222
13952
15635
17267
18842
20353
21798
23171
24465
25680
26809
27848
28797
29649
30402
31056
31606
32051
32390
32621
32745
32759
32666
32464
32153
31738
31216
30590
29864
29038
28116
27101
25995
24804
23530
22179
20753
19259
17702
16085
14415
12697
10937
9141
7314
5464
3595
1714
-172
-2058
-3937
-5803
-7650
-9472
-11261
-13014
-14723
-16384
-17991
-19537
-21019
-22431
-23769
-25027
-26203
-27293
-28291
-29196
-30004
-30712
-31318
-31821
-32218
-32509
-32691
-32765
-32731
-32587
-32336
-31978
-31513
-30944
-30273
-29500
-28631
-27665
-26609
-25464
-24235
-22925
-21539
-20082
-18559
-16974
-15332
-13639
-11902
-10124
-8314
-6476
-4616
-2741
-857
1030
2914
4788
6646
8481
10289
12063
13797
15484
17121
18701
20219
21669
23049
24351
25572
26710
27758
28714
29575
30338
31001
31560
32015
32364
32605
32738
32763
32679
32486
32186
31780
31267
30651
29934
29117
28203
27197
26099
24915
23649
22304
20886
19397
17846
16234
14569
12855
11099
9305
7481
5633
3765
1886
-1
-1887
-3767
-5634
-7483
-9307
-11100
-12856
-14570
-16235
-17847
-19399
-20887
-22305
-23650
-24916
-26100
-27198
-28204
-29117
-29934
-30652
-31268
-31780
-32186
-32486
-32679
-32763
-32738
-32605
-32363
-32014
-31560
-31000
-30338
-29574
-28713
-27757
-26709
-25571
-24350
-23047
-21668
-20217
-18700
-17120
-15483
-13796
-12062
-10287
-8480
-6644
-4786
-2912
-1028
858
2742
4618
6478
8316
10126
11903
13641
15333
16975
18560
20083
21540
22926
24236
25465
26610
27666
28631
29501
30273
30945
31514
31978
32336
32588
32731
32765
32691
32508
32218
31821
31318
30712
30003
29195
28291
27292
26202
25026
23768
22430
21017
19536
17989
16382
14722
13012
11260
9470
7649
5802
3936
2056
171
-1716
-3597
-5465
-7316
-9142
-10938
-12698
-14416
-16086
-17703
-19260
-20754
-22180
-23531
-24804
-25996
-27102
-28116
-29038
-29864
-30590
-31216
-31738
-32154
-32464
-32666
-32759
-32745
-32621
-32389
-32051
-31605
-31056
-30402
-29648
-28796
-27848
-26808
-25679
-24464
-23169
-21797
-20352
-18841
-17266
-15634
-13951
-12221
-10450
-8645
-6812
-4956
-3083
-1200
687
2572
4448
6309
8150
9963
11744
13485
15181
16828
18418
19948
21412
22803
24120
25357
26509
27574
28547
29426
30207
30888
31466
31940
32308
32569
32722
32766
32702
32530
32249
31861
31368
30771
30072
29272
28377
27386
26306
25137
23886
22555
21149
19673
18132
16531
14875
13170
11421
9634
7816
5971
4106
2228
342
-1544
-3426
-5296
-7148
-8977
-10776
-12540
-14262
-15937
-17558
-19122
-20621
-22053
-23411
-24693
-25891
-27004
-28028
-28959
-29794
-30528
-31164
-31695
-32121
-32440
-32652
-32756
-32751
-32637
-32415
-32086
-31650
-31109
-30465
-29720
-28877
-27938
-26906
-25785
-24578
-23290
-21925
-20487
-18981
-17412
-15785
-14106
-12380
-10613
-8811
-6980
-5125
-3254
-1371
515
2400
4277
6141
7984
9799
11583
13328
15029
16681
18276
19812
21281
22680
24004
25248
26408
27481
28463
29350
30140
30830
31418
31901
32280
32550
32712
32767
32712
32550
32279
31901
31418
30830
30140
29349
28462
27480
26407
25247
24003
22679
21280
19810
18275
16679
15028
13327
11582
9798
7982
6139
4276
2399
514
-1373
-3255
-5127
-6981
-8812
-10614
-12381
-14107
-15787
-17413
-18982
-20488
-21926
-23291
-24579
-25786
-26907
-27938
-28878
-29721
-30466
-31110
-31651
-32087
-32415
-32637
-32751
-32756
-32652
-32440
-32120
-31694
-31163
-30528
-29793
-28958
-28027
-27003
-25891
-24692
-23410
-22052
-20620
-19120
-17557
-15935
-14260
-12538
-10775
-8976
-7147
-5294
-3425
-1543
344
2229
4107
5972
7817
9636
11423
13171
14877
16532
18133
19674
21150
22556
23887
25138
26307
27387
28378
29273
30072
30771
31369
31861
32250
32530
32702
32766
32722
32569
32308
31940
31465
30887
30206
29425
28547
27573
26508
25356
24119
22802
21410
19946
18417
16827
15180
13483
11742
9961
8148
6308
4446
2570
685
-1201
-3085
-4957
-6813
-8647
-10452
-12222
-13952
-15635
-17267
-18842
-20353
-21798
-23171
-24465
-25680
-26809
-27848
-28797
-29649
-30402
-31056
-31606
-32051
-32390
-32621
-32745
-32759
-32666
-32464
-32153
-31738
-31216
-30590
-29864
-29038
-28116
-27101
-25995
-24804
-23530
-22179
-20753
-19259
-17702
-16085
-14415
-12697
-10937
-9141
-7314
-5464
-3595
-1714
172
2058
3937
5803
7650
9472
11261
13014
14723
16384
17991
19537
21019
22431
23769
25027
26203
27293
28291
29196
30004
30712
31318
31821
32218
32509
32691
32765
32731
32587
32336
31978
31513
30944
30273
29500
28631
27665
26609
25464
24235
22925
21539
20082
18559
16974
15332
13639
11902
10124
8314
6476
4616
2741
857
-1030
-2914
-4788
-6646
-8481
-10289
-12063
-13797
-15484
-17121
-18701
-20219
-21669
-23049
-24351
-25572
-26710
-27758
-28714
-29575
-30338
-31001
-31560
-32015
-32364
-32605
-32738
-32763
-32679
-32486
-32186
-31780
-31267
-30651
-29934
-29117
-28203
-27197
-26099
-24915
-23649
-22304
-20886
-19397
-17846
-16234
-14569
-12855
-11099
-9305
-7481
-5633
-3765
-1886
1
1887
3767
5634
7483
9307
11100
12856
14570
16235
17847
19399
20887
22305
23650
24916
26100
27198
28204
29117
29934
30652
31268
31780
32186
32486
32679
32763
32738
32605
32363
32014
31560
31000
30338
29574
28713
27757
26709
25571
24350
23047
21668
20217
18700
17120
15483
13796
12062
10287
8480
6644
4786
2912
1028
-858
-2742
-4618
-6478
-8316
-10126
-11903
-13641
-15333
-16975
-18560
-20083
-21540
-22926
-24236
-25465
-26610
-27666
-28631
-29501
-30273
-30945
-31514
-31978
-32336
-32588
-32731
-32765
-32691
-32508
-32218
-31821
-31318
-30712
-30003
-29195
-28291
-27292
-26202
-25026
-23768
-22430
-21017
-19536
-17989
-16382
-14722
-13012
-11260
-9470
-7649
-5802
-3936
-2056
-171
1716
3597
5465
7316
9142
10938
12698
14416
16086
17703
19260
20754
22180
23531
24805
25996
27102
28116
29038
29864
30590
31216
31738
32154
32464
32666
32759
32745
32621
32389
32051
31605
31056
30402
29648
28796
27848
26808
25679
24464
23169
21797
20352
18841
17266
15634
13951
12221
10450
8645
6812
4956
3083
1200
-687
-2572
-4448
-6309
-8150
-9963
-11744
-13485
-15181
-16828
-18418
-19948
-21412
-22803
-24120
-25357
-26509
-27574
-28547
-29426
-30207
-30888
-31466
-31940
-32308
-32569
-32722
-32766
-32702
-32530
-32249
-31861
-31368
-30771
-30072
-29272
-28377
-27386
-26306
-25137
-23886
-22555
-21149
-19673
-18132
-16531
-14875
-13170
-11421
-9634
-7816
-5971
-4106
-2228
-342
1544
3426
5296
7148
8977
10776
12540
14262
15937
17558
19122
20621
22053
23411
24693
25892
27004
28028
28959
29794
30528
31164
31695
32121
32440
32652
32756
32751
32637
32415
32086
31650
31109
30465
29720
28877
27938
26906
25785
24578
23290
21925
20487
18981
17411
15785
14106
12380
10613
8811
6980
5125
3254
1371
-515
-2400
-4277
-6141
-7984
-9799
-11583
-13328
-15029
-16681
-18276
-19812
-21281
-22680
-24004
-25248
-26408
-27481
-28463
-29350
-30140
-30830
-31418
-31901
-32280
-32550
-32712
-32767
-32712
-32550
-32279
-31901
-31418
-30830
-30140
-29349
-28462
-27480
-26407
-25247
-24003
-22679
-21280
-19810
-18275
-16679
-15028
-13327
-11582
-9798
-7982
-6139
-4276
-2399
-514
1373
3255
5127
6981
8812
10614
12381
14107
15787
17413
18982
20488
21926
23291
24579
25786
26907
27938
28878
29721
30466
31110
31651
32087
32415
32637
32751
32756
32652
32440
32120
31694
31163
30528
29793
28958
28027
27003
25891
24692
23410
22052
20620
19120
17557
15935
14260
12538
10775
8976
7147
5294
3425
1543
-344
-2229
-4107
-5972
-7817
-9636
-11423
-13171
-14877
-16532
-18133
-19674
-21150
-22556
-23887
-25138
-26307
-27387
-28378
-29273
-30073
-30771
-31369
-31861
-32250
-32530
-32702
-32766
-32722
-32569
-32308
-31940
-31465
-30887
-30206
-29425
-28547
-27573
-26508
-25356
-24119
-22802
-21410
-19946
-18417
-16827
-15180
-13483
-11742
-9961
-8148
-6308
-4446
-2570
-685
1201
3085
4957
6813
8647
10452
12222
13952
15635
17267
18842
20353
21798
23171
24465
25680
26809
27848
28797
29649
30402
31056
31606
32051
32390
32621
32745
32759
32666
32464
32153
31738
31216
30590
29864
29038
28116
27101
25995
24804
23530
22179
20753
19259
17702
16085
14415
12697
10937
9141
7314
5464
3595
1714
-172
-2058
-3937
-5803
-7650
-9472
-11261
-13014
-14723
-16384
-17991
-19537
-21019
-22431
-23769
-25027
-26203
-27293
-28291
-29196
-30004
-30712
-31318
-31821
-32218
-32509
-32691
-32765
-32731
-32587
-32336
-31978
-31513
-30944
-30273
-29500
-28631
-27665
-26609
-25464
-24235
-22925
-21539
-20082
-18558
-16974
-15332
-13639
-11902
-10124
-8314
-6476
-4616
-2741
-857
1030
2914
4788
6646
8481
10289
12063
13797
15484
17121
18701
20219
21669
23049
24351
25572
26710
27758
28714
29575
30338
31001
31560
32015
32364
32605
32738
32763
32679
32486
32186
31780
31267
30651
29934
29117
28203
27197
26099
24915
23649
22304
20886
19397
17846
16234
14569
12855
11099
9305
7481
5633
3765
1886
-1
-1887
-3767
-5634
-7483
-9307
-11100
-12856
-14570
-16235
-17847
-19399
-20887
-22305
-23650
-24916
-26100
-27198
-28204
-29117
-29934
-30652
-31268
-31780
-32187
-32486
-32679
-32763
-32738
-32605
-32363
-32014
-31560
-31000
-30338
-29574
-28713
-27757
-26709
-25571
-24350
-23047
-21668
-20217
-18700
-17120
-15483
-13796
-12062
-10287
-8480
-6644
-4786
-2912
-1028
858
2742
4618
6478
8316
10126
11903
13641
15333
16975
18560
20083
21540
22926
24236
25465
26610
27666
28631
29501
30273
30945
31514
31978
32336
32588
32731
32765
32691
32508
32218
31821
31318
30712
30003
29195
28291
27292
26202
25026
23768
22430
21017
19536
17989
16382
14722
13012
11260
9470
7649
5802
3936
2056
171
-1716
-3597
-5465
-7316
-9142
-10938
-12698
-14416
-16086
-17703
-19260
-20754
-22180
-23531
-24805
-25996
-27102
-28116
-29038
-29864
-30590
-31216
-31738
-32154
-32464
-32666
-32759
-32745
-32621
-32389
-32051
-31605
-31056
-30402
-29648
-28796
-27848
-26808
-25679
-24464
-23169
-21797
-20352
-18841
-17266
-15634
-13951
-12221
-10450
-8645
-6812
-4956
-3083
-1200
687
2572
4448
6309
8150
9963
11744
13485
15181
16828
18418
19948
21412
22803
24120
25357
26509
27574
28547
29426
30207
30888
31466
31940
32308
32569
32722
32766
32702
32530
32249
31861
31368
30771
30072
29272
28377
27386
26306
25137
23886
22555
21149
19673
18132
16531
14875
13170
11421
9634
7816
5971
4106
2228
342
-1544
-3426
-5296
-7148
-8977
-10776
-12540
-14262
-15937
-17558
-19122
-20621
-22053
-23411
-24693
-25892
-27004
-28028
-28959
-29794
-30528
-31164
-31695
-32121
-32440
-32652
-32756
-32751
-32637
-32415
-32086
-31650
-31109
-30465
-29720
-28877
-27938
-26906
-25785
-24578
-23290
-21925
-20487
-18981
-17411
-15785
-14106
-12380
-10613
-8811
-6980
-5125
-3254
-1371
515
2400
4277
6141
7984
9799
11583
13329
15029
16681
18276
19812
21281
22680
24004
25248
26408
27481
28463
29350
30140
30830
31418
31901
32280
32550
32712
32767
32712
32550
32279
31901
31418
30830
30140
29349
28462
27480
26407
25247
24003
22679
21280
19810
18275
16679
15028
13327
11582
9798
7982
6139
4276
2399
514
-1373
-3255
-5127
-6981
-8812
-10614
-12381
-14107
-15787
-17413
-18982
-20488
-21926
-23291
-24579
-25786
-26907
-27938
-28878
-29721
-30466
-31110
-31651
-32087
-32415
-32637
-32751
-32756
-32652
-32440
-32120
-31694
-31163
-30528
-29793
-28958
-28027
-27003
-25891
-24692
-23410
-22052
-20620
-19120
-17557
-15935
-14260
-12538
-10775
-8976
-7147
-5294
-3425
-1543
344
2229
4107
5972
7817
9636
11423
13171
14877
16532
18133
19674
21150
22556
23887
25138
26307
27387
28378
29273
30073
30771
31369
31861
32250
32530
32702
32766
32722
32569
32308
31940
31465
30887
30206
29425
28547
27573
26508
25356
24119
22802
21410
19946
18417
16827
15180
13483
11742
9961
8148
6308
4446
2570
685
-1201
-3085
-4957
-6813
-8647
-10452
-12222
-13952
-15635
-17267
-18842
-20353
-21798
-23171
-24465
-25680
-26809
-27848
-28797
-29649
-30402
-31056
-31606
-32051
-32390
-32621
-32745
-32759
-32666
-32464
-32153
-31738
-31216
-30590
-29864
-29038
-28116
-27101
-25995
-24804
-23530
-22179
-20753
-19259
-17702
-16085
-14415
-12697
-10937
-9141
-7314
-5464
-3595
-1714
172
2058
3937
5803
7650
9472
11261
13014
14723
16384
17991
19537
21019
22431
23769
25027
26203
27293
28291
29196
30004
30712
31318
31821
32218
32509
32691
32765
32731
32587
32336
31978
31513
30944
30273
29500
28631
27665
26609
25464
24235
22925
21539
20082
18558
16974
15332
13639
11902
10124
8314
6476
4616
2741
857
-1030
-2914
-4788
-6646
-8481
-10289
-12063
-13797
-15484
-17121
-18701
-20219
-21669
-23049
-24351
-25572
-26710
-27758
-28714
-29575
-30338
-31001
-31560
-32015
-32364
-32605
-32738
-32763
-32679
-32486
-32186
-31780
-31267
-30651
-29934
-29117
-28203
-27197
-26099
-24915
-23649
-22304
-20886
-19397
-17846
-16234
-14569
-12855
-11099
-9305
-7481
-5633
-3765
-1886
1
1887
3767
5634
7483
9307
11100
12856
14570
16235
17847
19399
20887
22305
23650
24916
26100
27198
28204
29117
29934
30652
31268
31780
32187
32486
32679
32763
32738
32605
32363
32014
31560
31000
30338
29574
28713
27757
26709
25571
24350
23047
21668
20217
18700
17120
15483
13796
12062
10287
8480
6644
4786
2912
1028
-858
-2742
-4618
-6478
-8316
-10126
-11903
-13641
-15333
-16975
-18560
-20083
-21540
-22927
-24236
-25465
-26610
-27666
-28631
-29501
-30273
-30945
-31514
-31978
-32336
-32588
-32731
-32765
-32691
-32508
-32218
-31821
-31318
-30712
-30003
-29195
-28291
-27292
-26202
-25026
-23768
-22430
-21017
-19536
-17989
-16382
-14722
-13012
-11260
-9470
-7649
-5802
-3936
-2056
-171
1716
3597
5465
7316
9142
10938
12698
14416
16086
17703
19260
20754
22180
23531
24805
25996
27102
28116
29038
29864
30590
31216
31738
32154
32464
32666
32759
32745
32621
32389
32051
31605
31056
30402
29648
28796
27848
26808
25679
24464
23169
21797
20352
18841
17266
15634
13951
12221
10450
8645
6811
4956
3083
1200
-687
-2572
-4448
-6309
-8150
-9963
-11744
-13485
-15181
-16828
-18418
-19948
-21412
-22803
-24120
-25357
-26509
-27574
-28547
-29426
-30207
-30888
-31466
-31940
-32308
-32569
-32722
-32766
-32702
-32530
-32249
-31861
-31368
-30771
-30072
-29272
-28377
-27386
-26306
-25137
-23886
-22554
-21149
-19673
-18132
-16531
-14875
-13170
-11421
-9634
-7816
-5971
-4106
-2228
-342
1544
3426
5296
7148
8978
10776
12540
14262
15937
17558
19122
20621
22053
23411
24693
25892
27004
28028
28959
29794
30528
31164
31695
32121
32440
32652
32756
32751
32637
32415
32086
31650
31109
30465
29720
28877
27938
26906
25785
24578
23290
21925
20487
18981
17411
15785
14106
12380
10613
8811
6980
5125
3254
1371
-515
-2400
-4277
-6141
-7984
-9799
-11583
-13329
-15029
-16681
-18276
-19812
-21281
-22680
-24004
-25248
-26408
-27481
-28463
-29350
-30140
-30830
-31418
-31901
-32280
-32550
-32712
-32767
-32712
-32550
-32279
-31901
-31418
-30830
-30140
-29349
-28462
-27480
-26407
-25247
-24003
-22678
-21280
-19810
-18275
-16679
-15028
-13327
-11582
-9798
-7982
-6139
-4276
-2399
-514
1373
3255
5127
6981
8812
10614
12381
14107
15787
17413
18982
20488
21926
23291
24579
25786
26907
27938
28878
29721
30466
31110
31651
32087
32415
32637
32751
32756
32652
32440
32120
31694
31163
30528
29793
28958
28027
27003
25891
24692
23410
22052
20620
19120
17557
15935
14260
12538
10775
8976
7147
5294
3425
1543
-344
-2229
-4107
-5972
-7817
-9636
-11423
-13171
-14877
-16532
-18133
-19674
-21150
-22556
-23887
-25138
-26307
-27387
-28378
-29273
-30073
-30771
-31369
-31861
-32250
-32530
-32702
-32766
-32722
-32569
-32308
-31940
-31465
-30887
-30206
-29425
-28547
-27573
-26508
-25356
-24119
-22802
-21410
-19946
-18417
-16827
-15180
-13483
-11742
-9961
-8148
-6308
-4446
-2570
-685
1201
3085
4957
6813
8647
10452
12222
13952
15635
17267
18842
20353
21798
23171
24465
25680
26809
27848
28797
29649
30402
31056
31606
32051
32390
32621
32745
32759
32666
32464
32153
31738
31216
30590
29864
29038
28116
27101
25995
24803
23530
22179
20753
19259
17702
16085
14415
12697
10937
9141
7314
5464
3595
1714
-172
-2058
-3937
-5803
-7650
-9472
-11262
-13014
-14723
-16384
-17991
-19537
-21019
-22431
-23769
-25027
-26203
-27293
-28291
-29196
-30004
-30712
-31318
-31821
-32218
-32509
-32691
-32765
-32731
-32587
-32336
-31978
-31513
-30944
-30273
-29500
-28631
-27665
-26609
-25464
-24235
-22925
-21539
-20082
-18558
-16974
-15332
-13639
-11902
-10124
-8314
-6476
-4616
-2741
-857
1030
2914
4788
6646
8481
10289
12063
13797
15484
17121
18701
20219
21669
23049
24351
25572
26710
27758
28714
29575
30338
31001
31560
32015
32364
32605
32738
32763
32679
32486
32186
31780
31267
30651
29934
29117
28203
27197
26099
24915
23649
22304
20886
19397
17846
16234
14569
12855
11099
9305
7481
5633
3765
1886
-1
-1887
-3767
-5634
-7483
-9307
-11100
-12856
-14570
-16235
-17847
-19399
-20887
-22306
-23650
-24916
-26100
-27198
-28204
-29117
-29934
-30652
-31268
-31780
-32187
-32486
-32679
-32763
-32738
-32605
-32363
-32014
-31560
-31000
-30338
-29574
-28713
-27757
-26709
-25571
-24350
-23047
-21668
-20217
-18700
-17120
-15483
-13796
-12062
-10287
-8480
-6644
-4786
-2912
-1028
858
2742
4618
6478
8316
10126
11903
13641
15333
16975
18560
20083
21541
22927
24236
25465
26610
27666
28631
29501
30273
30945
31514
31978
32336
32588
32731
32765
32691
32508
32218
31821
31318
30712
30003
29195
28291
27292
26202
25026
23768
22430
21017
19536
17989
16382
14722
13012
11260
9470
7649
5802
3936
2056
171
-1716
-3597
-5466
-7316
-9142
-10938
-12698
-14416
-16086
-17703
-19260
-20754
-22180
-23531
-24805
-25996
-27102
-28116
-29038
-29864
-30590
-31216
-31738
-32154
-32464
-32666
-32759
-32745
-32621
-32389
-32051
-31605
-31056
-30402
-29648
-28796
-27848
-26808
-25679
-24464
-23169
-21797
-20352
-18841
-17266
-15634
-13951
-12221
-10450
-8645
-6811
-4956
-3083
-1200
687
2572
4448
6309
8150
9963
11744
13485
15181
16828
18418
19948
21412
22803
24120
25357
26509
27574
28547
29426
30207
30888
31466
31940
32308
32569
32722
32766
32702
32530
32249
31861
31368
30771
30072
29272
28377
27386
26306
25137
23886
22554
21149
19673
18132
16531
14875
13170
11421
9634
7816
5971
4106
2228
342
-1544
-3426
-5296
-7148
-8978
-10776
-12540
-14262
-15937
-17558
-19122
-20621
-22053
-23411
-24693
-25892
-27004
-28028
-28959
-29794
-30528
-31164
-31695
-32121
-32440
-32652
-32756
-32751
-32637
-32415
-32086
-31650
-31109
-30465
-29720
-28877
-27938
-26906
-25785
-24578
-23290
-21925
-20487
-18981
-17411
-15785
-14106
-12380
-10613
-8811
-6980
-5125
-3254
-1371
515
2400
4277
6141
7984
9799
11583
13329
15029
16681
18276
19812
21281
22680
24004
25248
26408
27481
28463
29350
30140
30830
31418
31901
32280
32550
32712
32767
32712
32550
32279
31901
31418
30830
30140
29349
28462
27480
26407
25247
24003
22678
21280
19810
18275
16679
15028
13327
11582
9798
7982
6139
4276
2399
514
-1373
-3255
-5127
-6981
-8812
-10614
-12381
-14107
-15787
-17413
-18982
-20488
-21926
-23291
-24579
-25786
-26907
-27938
-28878
-29721
-30466
-31110
-31651
-32087
-32415
-32637
-32751
-32756
-32652
-32440
-32120
-31694
-31163
-30528
-29793
-28958
-28027
-27003
-25891
-24692
-23410
-22052
-20620
-19120
-17557
-15935
-14260
-12538
-10775
-8976
-7147
-5294
-3425
-1543
344
2229
4107
5972
7817
9636
11423
13171
14877
16532
18133
19674
21150
22556
23887
25138
26307
27387
28378
29273
30073
30771
31369
31861
32250
32530
32702
32766
32722
32569
32308
31940
31465
30887
30206
29425
28547
27573
26508
25356
24119
22802
21410
19946
18417
16827
15180
13483
11742
9961
8148
6308
4446
2570
685
-1201
-3085
-4957
-6813
-8647
-10452
-12222
-13952
-15636
-17267
-18842
-20353
-21798
-23171
-24465
-25680
-26809
-27848
-28797
-29649
-30402
-31056
-31606
-32051
-32390
-32621
-32745
-32759
-32666
-32464
-32153
-31738
-31216
-30590
-29864
-29038
-28116
-27101
-25995
-24803
-23530
-22179
-20753
-19259
-17702
-16085
-14415
-12697
-10937
-9141
-7314
-5464
-3595
-1714
172
2058
3937
5803
7650
9472
11262
13014
14723
16384
17991
19537
21019
22431
23769
25027
26203
27293
28291
29196
30004
30712
31318
31821
32218
32509
32691
32765
32731
32587
32336
31978
31513
30944
30273
29500
28631
27665
26609
25464
24235
22925
21539
20082
18558
16974
15332
13639
11902
10124
8314
6476
4616
2741
857
-1030
-2914
-4788
-6646
-8481
-10289
-12063
-13797
-15484
-17121
-18701
-20219
-21669
-23049
-24351
-25572
-26710
-27758
-28714
-29575
-30338
-31001
-31560
-32015
-32364
-32605
-32738
-32763
-32679
-32486
-32186
-31780
-31267
-30651
-29934
-29117
-28203
-27197
-26099
-24915
-23649
-22304
-20886
-19397
-17846
-16234
-14569
-12855
-11099
-9305
-7481
-5633
-3765
-1886
1
1887
3767
5634
7483
9307
11100
12856
14570
16235
17847
19399
20887
22306
23650
24916
26100
27198
28204
29117
29934
30652
31268
31780
32187
32486
32679
32763
32738
32605
32363
32014
31560
31000
30338
29574
28713
27757
26709
25571
24350
23047
21668
20217
18700
17120
15483
13796
12062
10287
8480
6644
4786
2912
1028
-858
-2742
-4618
-6478
-8316
-10126
-11903
-13641
-15333
-16975
-18560
-20083
-21541
-22927
-24236
-25465
-26610
-27666
-28631
-29501
-30273
-30945
-31514
-31978
-32336
-32588
-32731
-32765
-32691
-32508
-32218
-31821
-31318
-30712
-30003
-29195
-28291
-27292
-26202
-25026
-23768
-22430
-21017
-19536
-17989
-16382
-14722
-13012
-11260
-9470
-7649
-5802
-3936
-2056
-171
1716
3597
5466
7316
9142
10938
12698
14416
16086
17703
19260
20754
22180
23531
24805
25996
27102
28116
29038
29864
30590
31216
31738
32154
32464
32666
32759
32745
32621
32389
32051
31605
31056
30402
29648
28796
27848
26808
25679
24464
23169
21797
20352
18841
17266
15634
13951
12221
10450
8645
6811
4956
3083
1200
-687
-2572
-4448
-6309
-8150
-9963
-11744
-13485
-15181
-16828
-18418
-19948
-21412
-22803
-24120
-25357
-26509
-27574
-28547
-29426
-30207
-30888
-31466
-31940
-32308
-32569
-32722
-32766
-32702
-32530
-32249
-31861
-31368
-30771
-30072
-29272
-28377
-27386
-26306
-25137
-23886
-22554
-21149
-19673
-18132
-16531
-14875
-13170
-11421
-9634
-7816
-5971
-4106
-2228
-342
1544
3426
5296
7148
8978
10776
12540
14262
15937
17558
19122
20621
22053
23411
24693
25892
27004
28028
28959
29794
30528
31164
31695
32121
32440
32652
32756
32751
32637
32415
32086
31650
31109
30465
29720
28877
27938
26906
25785
24578
23290
21925
20487
18981
17411
15785
14106
12380
10613
8811
6980
5125
3254
1371
-515
-2400
-4277
-6141
-7984
-9799
-11583
-13329
-15029
-16681
-18276
-19812
-21281
-22680
-24004
-25248
-26408
-27481
-28463
-29350
-30140
-30830
-31418
-31901
-32280
-32550
-32712
-32767
-32712
-32550
-32279
-31901
-31418
-30830
-30140
-29349
-28462
-27480
-26407
-25247
-24003
-22678
-21280
-19810
-18275
-16679
-15028
-13327
-11582
-9798
-7982
-6139
-4276
-2399
-514
1373
3255
5127
6981
8812
10614
12381
14107
15787
17413
18982
20488
21926
23291
24579
25786
26907
27938
28878
29721
30466
31110
31651
32087
32415
32637
32751
32756
32652
32440
32120
31694
31163
30528
29793
28958
28027
27003
25891
24692
23410
22052
20620
19120
17557
15935
14260
12538
10775
8976
7147
5294
3425
1543
-344
-2229
-4107
-5972
-7817
-9636
-11423
-13171
-14877
-16532
-18133
-19674
-21150
-22556
-23887
-25138
-26307
-27387
-28378
-29273
-30073
-30771
-31369
-31861
-32250
-32530
-32702
-32766
-32722
-32569
-32308
-31940
-31465
-30887
-30206
-29425
-28547
-27573
-26508
-25356
-24119
-22802
-21410
-19946
-18417
-16827
-15180
-13483
-11742
-9961
-8148
-6308
-4446
-2570
-685
1201
3085
4957
6813
8647
10452
12222
13953
15636
17267
18842
20353
21798
23171
24465
25680
26809
27848
28797
29649
30402
31056
31606
32051
32390
32621
32745
32759
32666
32464
32153
31738
31216
30590
29864
29038
28116
27101
25995
24803
23530
22179
20753
19259
17702
16085
14415
12697
10937
9141
7314
5464
3595
1714
-172
-2058
-3937
-5803
-7650
-9472
-11262
-13014
-14723
-16384
-17991
-19537
-21019
-22431
-23769
-25027
-26203
-27293
-28291
-29196
-30004
-30712
-31318
-31821
-32218
-32509
-32691
-32765
-32731
-32587
-32336
-31978
-31513
-30944
-30273
-29500
-28631
-27665
-26609
-25464
-24235
-22925
-21539
-20082
-18558
-16974
-15332
-13639
-11902
-10124
-8314
-6476
-4616
-2741
-857
1030
2914
4788
6646
8481
10289
12063
13797
15484
17121
18701
20219
21669
23049
24351
25572
26710
27758
28714
29575
30338
31001
31560
32015
32364
32605
32738
32763
32679
32486
32186
31780
31267
30651
29934
29117
28203
27197
26099
24915
23649
22304
20886
19397
17846
16234
14569
12855
11099
9305
7481
5633
3765
1886
-1
-1887
-3767
-5634
-7483
-9307
-11100
-12856
-14570
-16235
-17847
-19399
-20887
-22306
-23650
-24916
-26100
-27198
-28204
-29117
-29934
-30652
-31268
-31780
-32187
-32486
-32679
-32763
-32738
-32605
-32363
-32014
-31560
-31000
-30338
-29574
-28713
-27757
-26709
-25571
-24350
-23047
-21668
-20217
-18700
-17120
-15483
-13796
-12062
-10287
-8480
-6644
-4786
-2912
-1028
858
2742
4618
6478
8316
10126
11903
13641
15333
16975
18560
20083
21541
22927
24236
25465
26610
27666
28631
29501
30273
30945
31514
31978
32336
32588
32731
32765
32691
32508
32218
31821
31318
30712
30003
29195
28291
27292
26202
25026
23767
22430
21017
19536
17989
16382
14722
13012
11260
9470
7649
5802
3936
2056
171
-1716
-3597
-5466
-7316
-9142
-10938
-12698
-14416
-16086
-17703
-19260
-20754
-22180
-23531
-24805
-25996
-27102
-28116
-29038
-29864
-30590
-31216
-31738
-32154
-32464
-32666
-32759
-32745
-32621
-32389
-32051
-31605
-31056
-30402
-29648
-28796
-27848
-26808
-25679
-24464
-23169
-21797
-20352
-18841
-17266
-15634
-13951
-12221
-10450
-8645
-6811
-4956
-3083
-1200
687
2572
4448
6309
8150
9963
11744
13485
15181
16828
18418
19948
21412
22803
24120
25357
26509
27574
28547
29426
30207
30888
31466
31940
32308
32569
32722
32766
32702
32530
32249
31861
31368
30771
30072
29272
28377
27386
26306
25137
23886
22554
21149
19673
18132
16531
14875
13170
11421
9634
7816
5971
4106
2228
342
-1545
-3426
-5296
-7148
-8978
-10776
-12540
-14262
-15937
-17558
-19122
-20621
-22053
-23411
-24693
-25892
-27004
-28028
-28959
-29794
-30528
-31164
-31695
-32121
-32440
-32652
-32756
-32751
-32637
-32415
-32086
-31650
-31109
-30465
-29720
-28877
-27938
-26906
-25785
-24578
-23290
-21925
-20487
-18981
-17411
-15785
-14106
-12380
-10613
-8811
-6980
-5125
-3254
-1371
515
2400
4277
6141
7984
9800
11583
13329
15029
16681
18276
19812
21281
22680
24004
25248
26408
27481
28463
29350
30140
30830
31418
31901
32280
32550
32712
32767
32712
32550
32279
31901
31418
30830
30140
29349
28462
27480
26407
25247
24003
22678
21280
19810
18275
16679
15028
13327
11582
9798
7982
6139
4276
2399
514
-1373
-3255
-5127
-6981
-8812
-10614
-12381
-14107
-15787
-17413
-18982
-20488
-21926
-23291
-24579
-25786
-26907
-27938
-28878
-29721
-30466
-31110
-31651
-32087
-32415
-32637
-32751
-32756
-32652
-32440
-32120
-31694
-31163
-30528
-29793
-28958
-28027
-27003
-25891
-24692
-23410
-22052
-20620
-19120
-17556
-15935
-14260
-12538
-10775
-8976
-7147
-5294
-3425
-1543
344
2229
4107
5972
7817
9636
11423
13171
14877
16532
18133
19674
21150
22556
23887
25138
26307
27387
28378
29273
30073
30771
31369
31861
32250
32530
32702
32766
32722
32569
32308
31940
31465
30887
30206
29425
28547
27573
26508
25356
24119
22802
21410
19946
18417
16827
15180
13483
11742
9961
8148
6308
4446
2570
685
-1201
-3085
-4957
-6813
-8647
-10452
-12222
-13953
-15636
-17267
-18842
-20353
-21798
-23171
-24465
-25680
-26809
-27848
-28797
-29649
-30402
-31056
-31606
-32051
-32390
-32621
-32745
-32759
-32666
-32464
-32153
-31738
-31216
-30590
-29864
-29037
-28116
-27101
-25995
-24803
-23530
-22179
-20753
-19259
-17702
-16085
-14415
-12697
-10937
-9141
-7314
-5464
-3595
-1714
172
2058
3937
5803
7650
9472
11262
13014
14723
16384
17991
19537
21019
22431
23769
25027
26203
27293
28291
29196
30004
30712
31318
31821
32218
32509
32691
32765
32731
32587
32336
31978
31513
30944
30273
29500
28631
27665
26609
25464
24235
22925
21539
20082
18558
16974
15332
13639
11902
10124
8314
6476
4616
2741
857
-1030
-2914
-4788
-6646
-8481
-10289
-12063
-13797
-15484
-17121
-18701
-20219
-21669
-23049
-24351
-25572
-26710
-27758
-28714
-29575
-30338
-31001
-31560
-32015
-32364
-32605
-32738
-32763
-32679
-32486
-32186
-31780
-31267
-30651
-29934
-29117
-28203
-27197
-26099
-24915
-23649
-22304
-20886
-19397
-17846
-16234
-14569
-12855
-11099
-9305
-7481
-5633
-3765
-1886
1
1887
3767
5635
7483
9307
11100
12857
14570
16235
17847
19399
20887
22306
23650
24916
26100
27198
28204
29117
29934
30652
31268
31780
32187
32486
32679
32763
32738
32605
32363
32014
31560
31000
30338
29574
28713
27757
26709
25571
24350
23047
21668
20217
18700
17120
15483
13796
12062
10287
8480
6644
4786
2912
1028
-858
-2742
-4618
-6478
-8316
-10126
-11903
-13641
-15333
-16975
-18560
-20083
-21541
-22927
-24236
-25465
-26610
-27666
-28631
-29501
-30273
-30945
-31514
-31978
-32336
-32588
-32731
-32765
-32691
-32508
-32218
-31821
-31318
-30712
-30003
-29195
-28291
-27292
-26202
-25026
-23767
-22430
-21017
-19536
-17989
-16382
-14722
-13012
-11260
-9470
-7649
-5802
-3936
-2056
-171
1716
3597
5466
7316
9142
10938
12698
14416
16086
17703
19260
20754
22180
23531
24805
25996
27102
28116
29038
29864
30590
31216
31738
32154
32464
32666
32759
32745
32621
32389
32051
31605
31056
30402
29648
28796
27848
26808
25679
24464
23169
21797
20352
18841
17266
15634
13951
12221
10450
8645
6811
4956
3083
1200
-687
-2572
-4448
-6309
-8150
-9963
-11744
-13485
-15181
-16828
-18418
-19948
-21412
-22803
-24120
-25357
-26509
-27574
-28547
-29426
-30207
-30888
-31466
-31940
-32308
-32569
-32722
-32766
-32702
-32530
-32249
-31861
-31368
-30771
-30072
-29272
-28377
-27386
-26306
-25137
-23886
-22554
-21149
-19673
-18132
-16531
-14875
-13170
-11421
-9634
-7816
-5971
-4106
-2228
-342
1545
3426
5296
7148
8978
10776
12540
14262
15937
17558
19122
20621
22053
23411
24693
25892
27004
28028
28959
29794
30528
31164
31695
32121
32440
32652
32756
32751
32637
32415
32086
31650
31109
30465
29720
28877
27938
26906
25785
24578
23290
21925
20487
18981
17411
15785
14106
12380
10613
8811
6980
5125
3254
1371
-515
-2400
-4278
-6141
-7984
-9800
-11583
-13329
-15029
-16681
-18276
-19812
-21281
-22680
-24004
-25248
-26408
-27481
-28463
-29350
-30140
-30830
-31418
-31901
-32280
-32550
-32712
-32767
-32712
-32550
-32279
-31901
-31417
-30830
-30140
-29349
-28462
-27480
-26407
-25247
-24003
-22678
-21280
-19810
-18275
-16679
-15028
-13327
-11582
-9798
-7982
-6139
-4276
-2398
-514
1373
3256
5127
6981
8812
10614
12381
14107
15787
17413
18982
20488
21926
23291
24579
25786
26907
27938
28878
29721
30466
31110
31651
32087
32415
32637
32751
32756
32652
32440
32120
31694
31163
30528
29793
28958
28027
27003
25891
24692
23410
22052
20620
19120
17556
15935
14260
12538
10775
8976
7147
5294
3424
1543
-344
-2230
-4107
-5972
-7817
-9636
-11423
-13171
-14877
-16532
-18133
-19674
-21150
-22556
-23887
-25138
-26307
-27387
-28378
-29273
-30073
-30771
-31369
-31861
-32250
-32530
-32702
-32766
-32722
-32569
-32308
-31940
-31465
-30887
-30206
-29425
-28547
-27573
-26508
-25356
-24119
-22802
-21410
-19946
-18417
-16827
-15180
-13483
-11742
-9961
-8148
-6308
-4446
-2570
-685
1201
3085
4957
6813
8647
10452
12222
13953
15636
17267
18842
20353
21798
23171
24465
25680
26809
27848
28797
29649
30402
31056
31606
32051
32390
32621
32745
32759
32666
32464
32153
31738
31216
30590
29864
29037
28116
27101
25995
24803
23530
22179
20753
19259
17702
16085
14415
12697
10937
9141
7314
5464
3595
1714
-172
-2058
-3937
-5803
-7650
-9472
-11262
-13014
-14723
-16384
-17991
-19537
-21019
-22431
-23769
-25027
-26203
-27293
-28291
-29196
-30004
-30712
-31318
-31821
-32218
-32509
-32691
-32765
-32731
-32587
-32336
-31978
-31513
-30944
-30273
-29500
-28631
-27665
-26609
-25464
-24235
-22925
-21539
-20082
-18558
-16974
-15332
-13639
-11902
-10124
-8314
-6476
-4616
-2741
-857
1030
2914
4788
6646
8481
10289
12063
13797
15485
17121
18701
20219
21669
23049
24351
25572
26710
27758
28714
29575
30338
31001
31560
32015
32364
32605
32738
32763
32679
32486
32186
31780
31267
30651
29934
29117
28203
27197
26099
24915
23649
22304
20886
19397
17846
16234
14569
12855
11099
9305
7481
5633
3765
1885
-1
-1887
-3767
-5635
-7483
-9307
-11100
-12857
-14570
-16235
-17847
-19399
-20887
-22306
-23650
-24916
-26100
-27198
-28204
-29117
-29934
-30652
-31268
-31780
-32187
-32486
-32679
-32763
-32738
-32605
-32363
-32014
-31560
-31000
-30338
-29574
-28713
-27757
-26709
-25571
-24350
-23047
-21668
-20217
-18700
-17120
-15483
-13796
-12061
-10287
-8480
-6644
-4786
-2912
-1028
858
2743
4618
6478
8316
10126
11903
13641
15333
16975
18560
20083
21541
22927
24236
25465
26610
27666
28631
29501
30273
30945
31514
31978
32336
32588
32731
32765
32691
32508
32218
31821
31318
30712
30003
29195
28291
27292
26202
25026
23767
22430
21017
19535
17989
16382
14722
13012
11260
9470
7649
5802
3935
2056
171
-1716
-3597
-5466
-7316
-9142
-10938
-12699
-14416
-16086
-17703
-19260
-20754
-22180
-23531
-24805
-25996
-27102
-28116
-29038
-29864
-30591
-31216
-31738
-32154
-32464
-32666
-32759
-32745
-32621
-32389
-32051
-31605
-31056
-30402
-29648
-28796
-27847
-26808
-25679
-24464
-23169
-21797
-20352
-18841
-17266
-15634
-13951
-12221
-10450
-8645
-6811
-4956
-3083
-1200
687
2572
4448
6309
8150
9963
11744
13485
15181
16828
18418
19948
21412
22803
24120
25357
26509
27574
28547
29426
30207
30888
31466
31940
32308
32569
32722
32766
32702
32530
32249
31861
31368
30771
30072
29272
28377
27386
26306
25137
23886
22554
21149
19673
18132
16531
14875
13170
11421
9634
7816
5971
4106
2228
342
-1545
-3426
-5296
-7148
-8978
-10776
-12540
-14262
-15937
-17558
-19122
-20621
-22053
-23411
-24693
-25892
-27004
-28028
-28959
-29794
-30528
-31164
-31695
-32121
-32440
-32652
-32756
-32751
-32637
-32415
-32086
-31650
-31109
-30465
-29720
-28877
-27938
-26906
-25785
-24578
-23290
-21925
-20487
-18981
-17411
-15785
-14106
-12379
-10613
-8811
-6980
-5125
-3254
-1371
515
2400
4278
6141
7984
9800
11583
13329
15029
16681
18276
19812
21281
22680
24004
25248
26408
27481
28463
29350
30140
30830
31418
31901
32280
32550
32712
32767
32712
32550
32279
31901
31417
30830
30140
29349
28462
27480
26407
25247
24003
22678
21280
19810
18275
16679
15028
13327
11582
9798
7982
6139
4276
2398
514
-1373
-3256
-5127
-6981
-8812
-10614
-12381
-14107
-15787
-17413
-18982
-20488
-21926
-23291
-24579
-25786
-26907
-27938
-28878
-29721
-30466
-31110
-31651
-32087
-32415
-32637
-32751
-32756
-32652
-32440
-32120
-31694
-31163
-30528
-29793
-28958
-28027
-27003
-25891
-24692
-23410
-22052
-20620
-19120
-17556
-15935
-14260
-12538
-10775
-8976
-7147
-5294
-3424
-1543
344
2230
4107
5972
7817
9636
11423
13171
14877
16532
18133
19674
21150
22556
23887
25138
26307
27387
28378
29273
30073
30771
31369
31861
32250
32530
32702
32766
32722
32569
32308
31940
31465
30887
30206
29425
28547
27573
26508
25356
24119
22802
21410
19946
18417
16827
15180
13483
11742
9961
8148
6308
4446
2570
685
-1201
-3085
-4957
-6813
-8647
-10452
-12222
-13953
-15636
-17267
-18842
-20353
-21798
-23171
-24465
-25680
-26809
-27848
-28797
-29649
-30402
-31056
-31606
-32051
-32390
-32621
-32745
-32759
-32666
-32464
-32153
-31738
-31216
-30590
-29864
-29037
-28116
-27101
-25995
-24803
-23530
-22179
-20753
-19259
-17702
-16085
-14415
-12697
-10937
-9141
-7314
-5464
-3595
-1714
172
2058
3937
5803
7650
9472
11262
13014
14723
16384
17991
19537
21019
22431
23769
25027
26203
27293
28291
29196
30004
30712
31318
31821
32218
32509
32691
32765
32731
32587
32336
31978
31513
30944
30273
29500
28631
27665
26609
25464
24235
22925
21539
20082
18558
16974
15332
13639
11902
10124
8314
6476
4616
2741
857
-1030
-2914
-4788
-6646
-8481
-10289
-12063
-13797
-15485
-17121
-18701
-20219
-21669
-23049
-24351
-25572
-26710
-27758
-28714
-29575
-30338
-31001
-31560
-32015
-32364
-32605
-32738
-32763
-32679
-32486
-32186
-31780
-31267
-30651
-29934
-29116
-28203
-27197
-26099
-24915
-23649
-22304
-20886
-19397
-17846
-16234
-14569
-12855
-11099
-9305
-7481
-5633
-3765
-1885
1
1887
3767
5635
7483
9307
11100
12857
14570
16235
17847
19399
20887
22306
23650
24916
26100
27198
28204
29117
29934
30652
31268
31780
32187
32486
32679
32763
32738
32605
32363
32014
31560
31000
30338
29574
28713
27757
26709
25571
24350
23047
21668
20217
18700
17120
15483
13795
12061
10287
8480
6644
4786
2912
1028
-858
-2743
-4618
-6478
-8316
-10126
-11904
-13641
-15333
-16975
-18560
-20083
-21541
-22927
-24236
-25465
-26610
-27666
-28631
-29501
-30273
-30945
-31514
-31978
-32336
-32588
-32731
-32765
-32691
-32508
-32218
-31821
-31318
-30712
-30003
-29195
-28291
-27292
-26202
-25026
-23767
-22430
-21017
-19535
-17989
-16382
-14722
-13012
-11260
-9470
-7649
-5802
-3935
-2056
-171
1716
3597
5466
7316
9142
10938
12699
14416
16086
17703
19260
20754
22180
23531
24805
25996
27102
28116
29038
29864
30591
31216
31738
32154
32464
32666
32759
32745
32621
32389
32051
31605
31056
30402
29648
28796
27847
26808
25679
24464
23169
21797
20352
18841
17266
15634
13951
12221
10450
8645
6811
4956
3083
1200
-687
-2572
-4448
-6309
-8150
-9963
-11744
-13485
-15181
-16828
-18418
-19948
-21412
-22803
-24120
-25357
-26509
-27574
-28547
-29426
-30207
-30888
-31466
-31940
-32308
-32569
-32722
-32766
-32702
-32530
-32249
-31861
-31368
-30771
-30072
-29272
-28377
-27386
-26306
-25137
-23886
-22554
-21149
-19673
-18132
-16531
-14875
-13170
-11421
-9634
-7816
-5971
-4106
-2228
-342
1545
3426
5296
7148
8978
10776
12540
14262
15937
17558
19122
20621
22053
23411
24693
25892
27004
28028
28959
29794
30528
31164
31695
32121
32440
32652
32756
32751
32637
32415
32086
31650
31109
30465
29720
28877
27938
26906
25785
24578
23290
21925
20487
18981
17411
15785
14106
12379
10613
8811
6980
5125
3254
1371
-515
-2400
-4278
-6141
-7984
-9800
-11583
-13329
-15029
-16681
-18276
-19812
-21281
-22680
-24004
-25248
-26408
-27481
-28463
-29350
-30140
-30830
-31418
-31901
-32280
-32550
-32712
-32767
-32712
-32550
-32279
-31901
-31417
-30830
-30140
-29349
-28462
-27480
-26407
-25247
-24003
-22678
-21280
-19810
-18275
-16679
-15028
-13327
-11582
-9798
-7982
-6139
-4276
-2398
-514
1373
3256
5127
6981
8812
10614
12381
14107
15787
17413
18982
20488
21926
23291
24579
25786
26907
27938
28878
29721
30466
31110
31651
32087
32415
32637
32751
32756
32652
32440
32120
31694
31163
30528
29793
28958
28027
27003
25891
24692
23410
22052
20620
19120
17556
15935
14260
12538
10775
8976
7147
5294
3424
1543
-344
-2230
-4107
-5972
-7817
-9636
-11423
-13171
-14877
-16532
-18133
-19674
-21150
-22556
-23887
-25138
-26307
-27387
-28378
-29273
-30073
-30771
-31369
-31861
-32250
-32530
-32702
-32766
-32722
-32569
-32308
-31940
-31465
-30887
-30206
-29425
-28547
-27573
-26508
-25356
-24119
-22802
-21410
-19946
-18417
-16827
-15180
-13483
-11742
-9961
-8148
-6308
-4446
-2570
-685
1202
3085
4957
6813
8647
10452
12222
13953
15636
17267
18842
20353
21798
23171
24465
25680
26809
27848
28797
29649
30402
31056
31606
32051
32390
32621
32745
32759
32666
32464
32153
31738
31216
30590
29864
29037
28116
27101
25995
24803
23530
22179
20753
19259
17702
16085
14415
12697
10937
9141
7314
5464
3595
1714
-172
-2058
-3937
-5803
-7650
-9472
-11262
-13014
-14723
-16384
-17991
-19537
-21019
-22431
-23769
-25027
-26203
-27293
-28291
-29196
-30004
-30712
-31318
-31821
-32218
-32509
-32691
-32765
-32731
-32587
-32336
-31978
-31513
-30944
-30273
-29500
-28631
-27665
-26609
-25464
-24235
-22925
-21539
-20082
-18558
-16974
-15332
-13639
-11902
-10124
-8314
-6476
-4616
-2741
-857
1030
2914
4788
6646
8481
10289
12063
13797
15485
17121
18702
20219
21669
23049
24351
25572
26710
27758
28714
29575
30338
31001
31560
32015
32364
32605
32738
32763
32679
32486
32186
31780
31267
30651
29934
29116
28203
27197
26099
24915
23649
22304
20886
19397
17846
16234
14569
12855
11099
9305
7481
5633
3765
1885
-1
-1887
-3767
-5635
-7483
-9307
-11100
-12857
-14570
-16235
-17847
-19399
-20887
-22306
-23650
-24916
-26100
-27198
-28204
-29117
-29934
-30652
-31268
-31780
-32187
-32486
-32679
-32763
-32738
-32605
-32363
-32014
-31560
-31000
-30338
-29574
-28713
-27757
-26709
-25571
-24350
-23047
-21668
-20217
-18700
-17120
-15483
-13795
-12061
-10287
-8479
-6644
-4786
-2912
-1028
858
2743
4618
6478
8316
10126
11904
13641
15333
16975
18560
20083
21541
22927
24236
25465
26610
27666
28631
29501
30273
30945
31514
31978
32336
32588
32731
32765
32691
32508
32218
31821
31318
30712
30003
29195
28291
27292
26202
25026
23767
22430
21017
19535
17989
16382
14722
13012
11260
9470
7649
5802
3935
2056
171
-1716
-3597
-5466
-7316
-9142
-10938
-12699
-14416
-16086
-17703
-19261
-20754
-22180
-23531
-24805
-25996
-27102
-28116
-29038
-29864
-30591
-31216
-31738
-32154
-32464
-32666
-32759
-32745
-32621
-32389
-32051
-31605
-31056
-30402
-29648
-28796
-27847
-26808
-25679
-24464
-23169
-21797
-20352
-18841
-17266
-15634
-13951
-12221
-10450
-8645
-6811
-4956
-3083
-1200
687
2572
4448
6309
8150
9963
11744
13485
15181
16828
18418
19948
21412
22803
24120
25357
26509
27574
28547
29426
30207
30888
31466
31940
32308
32569
32722
32766
32702
32530
32249
31861
31368
30771
30072
29272
28377
27386
26306
25137
23886
22554
21149
19673
18132
16531
14875
13170
11421
9634
7816
5971
4106
2228
342
-1545
-3426
-5296
-7148
-8978
-10776
-12540
-14262
-15937
-17558
-19122
-20621
-22053
-23411
-24693
-25892
-27004
-28028
-28959
-29794
-30528
-31164
-31695
-32121
-32440
-32652
-32756
-32751
-32637
-32415
-32086
-31650
-31109
-30465
-29720
-28877
-27938
-26906
-25785
-24578
-23290
-21925
-20487
-18981
-17411
-15785
-14106
-12379
-10613
-8811
-6980
-5125
-3254
-1371
515
2400
4278
6141
7984
9800
11583
13329
15029
16681
18276
19812
21281
22680
24004
25248
26408
27481
28463
29350
30140
30830
31418
31901
32280
32550
32712
32767
32712
32550
32279
31901
31417
30830
30140
29349
28462
27480
26407
25247
24003
22678
21280
19810
18275
16679
15028
13327
11582
9798
7982
6139
4276
2398
514
-1373
-3256
-5127
-6981
-8812
-10614
-12381
-14107
-15787
-17413
-18982
-20488
-21926
-23291
-24580
-25786
-26907
-27938
-28878
-29721
-30466
-31110
-31651
-32087
-32415
-32637
-32751
-32756
-32652
-32440
-32120
-31694
-31163
-30528
-29793
-28958
-28027
-27003
-25891
-24692
-23410
-22052
-20620
-19120
-17556
-15935
-14260
-12538
-10775
-8976
-7147
-5294
-3424
-1543
344
2230
4107
5972
7817
9636
11423
13171
14877
16532
18133
19674
21150
22556
23887
25138
26307
27387
28378
29273
30073
30771
31369
31861
32250
32530
32702
32766
32722
32569
32308
31940
31465
30887
30206
29425
28547
27573
26508
25356
24119
22802
21410
19946
18417
16827
15180
13483
11742
9961
8148
6308
4446
2570
685
-1202
-3085
-4957
-6813
-8647
-10452
-12222
-13953
-15636
-17267
-18842
-20354
-21798
-23171
-24465
-25680
-26809
-27848
-28797
-29649
-30402
-31056
-31606
-32051
-32390
-32621
-32745
-32759
-32666
-32464
-32153
-31738
-31216
-30590
-29864
-29037
-28116
-27101
-25995
-24803
-23530
-22179
-20753
-19259
-17702
-16085
-14415
-12697
-10937
-9141
-7314
-5464
-3595
-1714
172
2058
3937
5804
7650
9472
11262
13014
14723
16384
17991
19537
21019
22431
23769
25028
26203
27293
28291
29196
30004
30712
31318
31821
32218
32509
32691
32765
32731
32587
32336
31978
31513
30944
30273
29500
28631
27665
26609
25464
24235
22925
21539
20082
18558
16974
15332
13639
11902
10124
8314
6476
4616
2741
857
-1030
-2914
-4788
-6646
-8481
-10289
-12063
-13797
-15485
-17121
-18702
-20219
-21669
-23049
-24351
-25572
-26710
-27758
-28714
-29575
-30338
-31001
-31560
-32015
-32364
-32605
-32738
-32763
-32679
-32486
-32186
-31780
-31267
-30651
-29934
-29116
-28203
-27197
-26099
-24915
-23649
-22304
-20886
-19397
-17846
-16234
-14569
-12855
-11099
-9305
-7481
-5633
-3765
-1885
1
1887
3767
5635
7483
9307
11100
12857
14570
16235
17847
19399
20887
22306
23650
24916
26100
27198
28204
29117
29934
30652
31268
31780
32187
32486
32679
32763
32738
32605
32363
32014
31560
31000
30338
29574
28713
27757
26709
25571
24350
23047
21668
20217
18700
17120
15483
13795
12061
10287
8479
6644
4786
2912
1028
-858
-2743
-4618
-6478
-8316
-10126
-11904
-13641
-15334
-16975
-18560
-20083
-21541
-22927
-24236
-25465
-26610
-27666
-28631
-29501
-30273
-30945
-31514
-31978
-32336
-32588
-32731
-32765
-32691
-32508
-32218
-31821
-31318
-30712
-30003
-29195
-28291
-27292
-26202
-25026
-23767
-22430
-21017
-19535
-17989
-16382
-14722
-13012
-11260
-9470
-7649
-5802
-3935
-2056
-171
1716
3597
5466
7316
9142
10939
12699
14416
16086
17703
19261
20754
22180
23531
24805
25996
27102
28116
29038
29864
30591
31216
31738
32154
32464
32666
32759
32745
32621
32389
32051
31605
31056
30402
29648
28796
27847
26808
25679
24464
23169
21797
20352
18841
17266
15634
13951
12221
10450
8645
6811
4956
3083
1200
-687
-2572
-4448
-6309
-8150
-9963
-11744
-13485
-15181
-16828
-18418
-19948
-21412
-22803
-24120
-25357
-26509
-27574
-28547
-29426
-30207
-30888
-31466
-31940
-32308
-32569
-32722
-32766
-32702
-32530
-32249
-31861
-31368
-30771
-30072
-29272
-28377
-27386
-26306
-25137
-23886
-22554
-21149
-19673
-18132
-16531
-14875
-13170
-11421
-9634
-7816
-5971
-4106
-2228
-342
1545
3426
5296
7149
8978
10776
12540
14262
15937
17558
19122
20621
22053
23411
24693
25892
27004
28028
28959
29794
30528
31164
31695
32121
32440
32652
32756
32751
32637
32415
32086
31650
31109
30465
29720
28877
27938
26906
25785
24578
23290
21925
20487
18981
17411
15785
14106
12379
10613
8811
6979
5125
3254
1371
-515
-2400
-4278
-6141
-7984
-9800
-11583
-13329
-15029
-16681
-18276
-19812
-21281
-22680
-24004
-25248
-26408
-27481
-28463
-29350
-30140
-30830
-31418
-31901
-32280
-32550
-32712
-32767
-32712
-32550
-32279
-31901
-31417
-30830
-30140
-29349
-28462
-27480
-26407
-25247
-24003
-22678
-21280
-19810
-18275
-16679
-15028
-13327
-11582
-9798
-7982
-6139
-4276
-2398
-514
1373
3256
5127
6981
8812
10614
12381
14107
15787
17413
18982
20488
21926
23291
24580
25786
26907
27938
28878
29721
30466
31110
31651
32087
32415
32637
32751
32756
32652
32440
32120
31694
31163
30528
29793
28958
28027
27003
25890
24692
23410
22052
20620
19120
17556
15935
14260
12538
10775
8976
7147
5294
3424
1543
-344
-2230
-4107
-5972
-7817
-9636
-11423
-13171
-14877
-16532
-18133
-19674
-21150
-22556
-23887
-25138
-26307
-27387
-28378
-29273
-30073
-30771
-31369
-31861
-32250
-32530
-32702
-32766
-32722
-32569
-32308
-31940
-31465
-30887
-30206
-29425
-28547
-27573
-26508
-25356
-24119
-22802
-21410
-19946
-18417
-16827
-15180
-13483
-11742
-9961
-8148
-6308
-4446
-2570
-685
1202
3085
4957
6813
8647
10452
12222
13953
15636
17267
18842
20354
21798
23171
24465
25680
26809
27848
28797
29649
30402
31056
31606
32051
32390
32621
32745
32759
32666
32464
32153
31738
31216
30590
29864
29037
28116
27101
25995
24803
23530
22179
20753
19259
17701
16085
14415
12697
10937
9141
7314
5464
3595
1714
-172
-2058
-3937
-5804
-7650
-9472
-11262
-13014
-14723
-16384
-17991
-19537
-21019
-22431
-23769
-25028
-26203
-27293
-28291
-29196
-30004
-30712
-31319
-31821
-32218
-32509
-32691
-32765
-32731
-32587
-32336
-31978
-31513
-30944
-30273
-29500
-28631
-27665
-26609
-25464
-24235
-22925
-21539
-20082
-18558
-16974
-15332
-13639
-11902
-10124
-8314
-6476
-4616
-2741
-857
1030
2914
4788
6646
8481
10289
12063
13797
15485
17121
18702
20219
21669
23049
24351
25572
26710
27758
28714
29575
30338
31001
31560
32015
32364
32605
32738
32763
32679
32486
32186
31780
31267
30651
29934
29116
28203
27197
26099
24915
23649
22304
20886
19397
17846
16234
14569
12855
11099
9305
7481
5633
3765
1885
-1
-1887
-3767
-5635
-7483
-9307
-11100
-12857
-14571
-16235
-17847
-19399
-20887
-22306
-23650
-24916
-26100
-27198
-28204
-29117
-29935
-30652
-31268
-31780
-32187
-32486
-32679
-32763
-32738
-32605
-32363
-32014
-31560
-31000
-30338
-29574
-28713
-27757
-26709
-25571
-24350
-23047
-21668
-20217
-18700
-17120
-15483
-13795
-12061
-10287
-8479
-6644
-4786
-2912
-1028
859
2743
4618
6478
8316
10126
11904
13641
15334
16975
18560
20083
21541
22927
24236
25465
26610
27666
28631
29501
30273
30945
31514
31978
32336
32588
32731
32765
32691
32508
32218
31821
31318
30712
30003
29195
28291
27292
26202
25026
23767
22430
21017
19535
17989
16382
14722
13012
11260
9470
7649
5802
3935
2056
171
-1716
-3597
-5466
-7316
-9142
-10939
-12699
-14416
-16086
-17703
-19261
-20754
-22180
-23531
-24805
-25996
-27102
-28116
-29038
-29864
-30591
-31216
-31738
-32154
-32464
-32666
-32759
-32745
-32621
-32389
-32051
-31605
-31056
-30402
-29648
-28796
-27847
-26808
-25679
-24464
-23169
-21797
-20352
-18841
-17266
-15634
-13951
-12221
-10450
-8645
-6811
-4956
-3083
-1200
687
2572
4448
6309
8150
9963
11744
13485
15181
16828
18418
19948
21412
22803
24120
25357
26509
27574
28547
29426
30207
30888
31466
31940
32308
32569
32722
32766
32702
32530
32249
31861
31368
30771
30072
29272
28377
27386
26306
25137
23886
22554
21149
19673
18132
16531
14875
13170
11421
9634
7816
5971
4106
2228
342
-1545
-3426
-5296
-7149
-8978
-10776
-12540
-14262
-15937
-17558
-19122
-20621
-22053
-23411
-24693
-25892
-27004
-28028
-28959
-29794
-30529
-31164
-31695
-32121
-32440
-32652
-32756
-32751
-32637
-32415
-32086
-31650
-31109
-30465
-29720
-28877
-27938
-26906
-25785
-24578
-23290
-21925
-20487
-18981
-17411
-15785
-14106
-12379
-10613
-8811
-6979
-5125
-3254
-1371
515
2400
4278
6141
7984
9800
11583
13329
15029
16681
18276
19812
21281
22680
24004
25248
26408
27481
28463
29350
30140
30830
31418
31901
32280
32550
32712
32767
32712
32550
32279
31901
31417
30830
30140
29349
28462
27480
26407
25247
24003
22678
21280
19810
18275
16679
15027
13327
11582
9798
7982
6139
4276
2398
514
-1373
-3256
-5127
-6981
-8812
-10614
-12381
-14107
-15787
-17413
-18982
-20488
-21926
-23291
-24580
-25786
-26907
-27938
-28878
-29721
-30466
-31110
-31651
-32087
-32415
-32637
-32751
-32756
-32652
-32440
-32120
-31694
-31163
-30528
-29793
-28958
-28027
-27003
-25890
-24692
-23410
-22052
-20620
-19120
-17556
-15935
-14260
-12538
-10775
-8976
-7147
-5294
-3424
-1543
344
2230
4107
5972
7817
9636
11423
13171
14877
16532
18134
19674
21150
22556
23887
25138
26307
27387
28378
29273
30073
30771
31369
31861
32250
32530
32702
32766
32722
32569
32308
31940
31465
30887
30206
29425
28547
27573
26508
25356
24119
22802
21410
19946
18417
16827
15180
13483
11742
9961
8148
6308
4446
2570
685
-1202
-3085
-4957
-6813
-8647
-10452
-12222
-13953
-15636
-17267
-18842
-20354
-21798
-23171
-24465
-25680
-26809
-27848
-28797
-29649
-30402
-31056
-31606
-32051
-32390
-32621
-32745
-32759
-32666
-32464
-32153
-31738
-31216
-30590
-29864
-29037
-28116
-27101
-25995
-24803
-23530
-22179
-20753
-19259
-17701
-16085
-14415
-12697
-10937
-9141
-7314
-5464
-3595
-1714
172
2058
3937
5804
7650
9472
11262
13014
14723
16384
17991
19537
21019
22431
23769
25028
26203
27293
28291
29196
30004
30712
31319
31821
32218
32509
32691
32765
32731
32587
32336
31978
31513
30944
30273
29500
28631
27665
26609
25464
24235
22925
21539
20082
18558
16974
15332
13639
11902
10124
8314
6476
4616
2741
857
-1030
-2914
-4788
-6646
-8481
-10289
-12063
-13797
-15485
-17121
-18702
-20219
-21669
-23049
-24351
-25572
-26710
-27758
-28714
-29575
-30338
-31001
-31560
-32015
-32364
-32605
-32738
-32763
-32679
-32486
-32186
-31780
-31267
-30651
-29934
-29116
-28203
-27197
-26099
-24915
-23649
-22304
-20885
-19397
-17846
-16234
-14569
-12855
-11099
-9305
-7481
-5633
-3765
-1885
1
1887
3767
5635
7483
9307
11100
12857
14571
16235
17847
19399
20887
22306
23650
24916
26100
27198
28204
29117
29935
30652
31268
31780
32187
32486
32679
32763
32738
32605
32363
32014
31560
31000
30338
29574
28713
27757
26709
25571
24350
23047
21668
20217
18700
17120
15483
13795
12061
10287
8479
6644
4786
2912
1028
-859
-2743
-4618
-6478
-8316
-10126
-11904
-13641
-15334
-16975
-18560
-20083
-21541
-22927
-24236
-25465
-26610
-27666
-28631
-29501
-30273
-30945
-31514
-31978
-32336
-32588
-32731
-32765
-32691
-32508
-32218
-31821
-31318
-30712
-30003
-29195
-28290
-27292
-26202
-25026
-23767
-22430
-21017
-19535
-17989
-16382
-14722
-13012
-11260
-9470
-7649
-5802
-3935
-2056
-171
1716
3597
5466
7316
9142
10939
12699
14416
16086
17703
19261
20754
22180
23531
24805
25996
27102
28116
29038
29864
30591
31216
31738
32154
32464
32666
32759
32745
32621
32389
32051
31605
31056
30402
29648
28796
27847
26808
25679
24464
23169
21797
20352
18841
17266
15634
13951
12221
10450
8645
6811
4956
3083
1200
-687
-2572
-4448
-6309
-8150
-9963
-11744
-13485
-15182
-16828
-18418
-19948
-21412
-22803
-24120
-25357
-26509
-27574
-28547
-29426
-30207
-30888
-31466
-31940
-32308
-32569
-32722
-32766
-32702
-32530
-32249
-31861
-31368
-30771
-30072
-29272
-28377
-27386
-26306
-25137
-23886
-22554
-21149
-19673
-18132
-16531
-14875
-13170
-11421
-9634
-7816
-5971
-4106
-2228
-342
1545
3426
5296
7149
8978
10776
12540
14262
15937
17558
19122
20621
22053
23411
24693
25892
27004
28028
28959
29794
30529
31164
31695
32121
32440
32652
32756
32751
32637
32415
32086
31650
31109
30465
29720
28877
27938
26906
25785
24578
23290
21925
20487
18981
17411
15785
14106
12379
10613
8811
6979
5125
3254
1371
-515
-2400
-4278
-6141
-7984
-9800
-11583
-13329
-15029
-16681
-18276
-19812
-21281
-22680
-24004
-25248
-26408
-27481
-28463
-29350
-30140
-30830
-31418
-31901
-32280
-32550
-32712
-32767
-32712
-32550
-32279
-31901
-31417
-30830
-30140
-29349
-28462
-27480
-26407
-25246
-24003
-22678
-21280
-19810
-18274
-16679
-15027
-13327
-11582
-9798
-7982
-6139
-4276
-2398
-514
1373
3256
5127
6981
8812
10614
12381
14107
15787
17413
18982
20488
21926
23291
24580
25786
26907
27938
28878
29721
30466
31110
31651
32087
32415
32637
32751
32756
32652
32440
32120
31694
31163
30528
29793
28958
28027
27003
25890
24692
23410
22052
20620
19120
17556
15935
14260
12538
10775
8976
7147
5294
3424
1543
-344
-2230
-4107
-5973
-7817
-9636
-11423
-13171
-14877
-16532
-18134
-19674
-21150
-22556
-23887
-25138
-26307
-27387
-28378
-29273
-30073
-30771
-31369
-31861
-32250
-32530
-32702
-32766
-32722
-32569
-32308
-31940
-31465
-30887
-30206
-29425
-28547
-27573
-26508
-25356
-24119
-22802
-21410
-19946
-18417
-16827
-15180
-13483
-11742
-9961
-8148
-6308
-4446
-2570
-685
1202
3085
4957
6813
8647
10452
12222
13953
15636
17267
18842
20354
21798
23171
24465
25680
26809
27848
28797
29649
30402
31056
31606
32051
32390
32621
32745
32759
32666
32464
32153
31738
31216
30590
29864
29037
28116
27101
25995
24803
23530
22179
20753
19259
17701
16085
14415
12697
10937
9141
7314
5464
3595
1714
-172
-2058
-3937
-5804
-7650
-9472
-11262
-13014
-14723
-16384
-17991
-19537
-21019
-22431
-23769
-25028
-26203
-27293
-28291
-29196
-30004
-30712
-31319
-31821
-32218
-32509
-32691
-32765
-32731
-32587
-32336
-31978
-31513
-30944
-30273
-29500
-28631
-27665
-26609
-25464
-24235
-22925
-21539
-20082
-18558
-16974
-15332
-13639
-11902
-10124
-8314
-6476
-4616
-2741
-857
1030
2914
4788
6646
8481
10289
12063
13797
15485
17121
18702
20219
21669
23049
24351
25572
26710
27758
28714
29575
30338
31001
31560
32015
32364
32605
32738
32763
32679
32486
32186
31780
31267
30651
29934
29116
28203
27197
26099
24915
23649
22304
20885
19397
17846
16234
14569
12855
11099
9305
7481
5633
3765
1885
-1
-1887
-3767
-5635
-7483
-9307
-11100
-12857
-14571
-16235
-17847
-19399
-20887
-22306
-23650
-24916
-26100
-27198
-28204
-29117
-29935
-30652
-31268
-31780
-32187
-32486
-32679
-32763
-32738
-32605
-32363
-32014
-31560
-31000
-30338
-29574
-28713
-27757
-26709
-25571
-24350
-23047
-21668
-20217
-18700
-17120
-15483
-13795
-12061
-10287
-8479
-6644
-4786
-2912
-1028
859
2743
4618
6478
8316
10126
11904
13641
15334
16975
18560
20083
21541
22927
24236
25465
26610
27666
28631
29501
30273
30945
31514
31978
32336
32588
32731
32765
32691
32508
32218
31821
31318
30712
30003
29195
28290
27292
26202
25026
23767
22430
21017
19535
17989
16382
14722
13012
11260
9470
7648
5802
3935
2056
171
-1716
-3597
-5466
-7316
-9142
-10939
-12699
-14416
-16086
-17703
-19261
-20754
-22180
-23531
-24805
-25996
-27102
-28116
-29038
-29864
-30591
-31216
-31738
-32154
-32464
-32666
-32759
-32745
-32621
-32389
-32051
-31605
-31056
-30402
-29648
-28796
-27847
-26808
-25679
-24464
-23169
-21797
-20352
-18841
-17266
-15634
-13951
-12221
-10450
-8645
-6811
-4956
-3083
-1200
687
2572
4448
6309
8150
9963
11744
13485
15182
16828
18418
19948
21412
22803
24120
25357
26509
27574
28547
29426
30207
30888
31466
31940
32308
32569
32722
32766
32702
32530
32249
31861
31368
30771
30072
29272
28377
27386
26306
25137
23886
22554
21149
19673
18132
16531
14875
13170
11421
9634
7815
5971
4106
2228
342
-1545
-3426
-5296
-7149
-8978
-10776
-12540
-14262
-15937
-17558
-19122
-20621
-22053
-23411
-24693
-25892
-27004
-28028
-28959
-29794
-30529
-31164
-31695
-32121
-32440
-32652
-32756
-32751
-32637
-32415
-32086
-31650
-31109
-30465
-29720
-28877
-27938
-26906
-25785
-24578
-23290
-21925
-20487
-18981
-17411
-15785
-14106
-12379
-10613
-8811
-6979
-5125
-3254
-1371
515
2400
4278
6141
7984
9800
11583
13329
15029
16681
18276
19812
21281
22680
24004
25248
26408
27481
28463
29350
30140
30830
31418
31901
32280
32550
32712
32767
32712
32550
32279
31901
31417
30830
30140
29349
28462
27480
26407
25246
24003
22678
21280
19810
18274
16679
15027
13327
11582
9798
7982
6139
4276
2398
514
-1373
-3256
-5127
-6981
-8812
-10614
-12381
-14107
-15787
-17413
-18982
-20488
-21926
-23291
-24580
-25786
-26907
-27938
-28878
-29721
-30466
-31110
-31651
-32087
-32415
-32637
-32751
-32756
-32652
-32440
-32120
-31694
-31163
-30528
-29793
-28958
-28027
-27003
-25890
-24692
-23410
-22052
-20620
-19120
-17556
-15935
-14260
-12538
-10775
-8976
-7147
-5294
-3424
-1543
344
2230
4107
5973
7817
9636
11423
13171
14877
16532
18134
19674
21150
22556
23887
25138
26307
27387
28378
29273
30073
30771
31369
31861
32250
32530
32702
32766
32722
32569
32308
31940
31465
30887
30206
29425
28546
27573
26508
25356
24119
22802
21410
19946
18417
16827
15180
13483
11742
9961
8148
6308
4446
2570
685
-1202
-3085
-4958
-6813
-8647
-10452
-12222
-13953
-15636
-17267
-18842
-20354
-21798
-23171
-24465
-25680
-26809
-27848
-28797
-29649
-30402
-31056
-31606
-32051
-32390
-32621
-32745
-32759
-32666
-32464
-32153
-31738
-31216
-30590
-29864
-29037
-28116
-27101
-25995
-24803
-23530
-22179
-20753
-19259
-17701
-16085
-14415
-12697
-10937
-9141
-7314
-5464
-3595
-1714
172
2058
3937
5804
7650
9472
11262
13014
14723
16384
17991
19537
21019
22431
23769
25028
26203
27293
28291
29196
30004
30712
31319
31821
32218
32509
32691
32765
32731
32587
32336
31978
31513
30944
30273
29500
28631
27665
26609
25464
24235
22925
21539
20082
18558
16974
15332
13639
11902
10124
8314
6476
4616
2741
857
-1030
-2914
-4788
-6646
-8481
-10289
-12063
-13797
-15485
-17121
-18702
-20219
-21669
-23049
-24351
-25573
-26710
-27758
-28714
-29575
-30338
-31001
-31560
-32015
-32364
-32605
-32738
-32763
-32679
-32486
-32186
-31780
-31267
-30651
-29934
-29116
-28203
-27197
-26099
-24915
-23649
-22304
-20885
-19397
-17846
-16234
-14569
-12855
-11099
-9305
-7481
-5633
-3765
-1885
1
1887
3767
5635
7483
9307
11100
12857
14571
16235
17847
19399
20887
22306
23650
24916
26100
27198
28204
29117
29935
30652
31268
31780
32187
32486
32679
32763
32738
32605
32363
32014
31560
31000
30337
29574
28713
27757
26709
25571
24350
23047
21668
20217
18700
17120
15483
13795
12061
10287
8479
6644
4786
2912
1028
-859
-2743
-4618
-6478
-8316
-10126
-11904
-13641
-15334
-16975
-18560
-20083
-21541
-22927
-24236
-25465
-26610
-27666
-28631
-29501
-30273
-30945
-31514
-31978
-32336
-32588
-32731
-32765
-32691
-32508
-32218
-31821
-31318
-30712
-30003
-29195
-28290
-27292
-26202
-25026
-23767
-22430
-21017
-19535
-17989
-16382
-14722
-13012
-11260
-9470
-7648
-5802
-3935
-2056
-171
1716
3597
5466
7316
9142
10939
12699
14416
16086
17703
19261
20754
22180
23531
24805
25996
27102
28116
29038
29864
30591
31216
31738
32154
32464
32666
32759
32745
32621
32389
32051
31605
31056
30402
29648
28796
27847
26808
25679
24464
23169
21797
20352
18841
17266
15634
13951
12221
10450
8645
6811
4956
3083
1200
-687
-2572
-4448
-6309
-8150
-9963
-11744
-13485
-15182
-16828
-18418
-19948
-21412
-22803
-24120
-25357
-26509
-27574
-28547
-29426
-30207
-30888
-31466
-31940
-32308
-32569
-32722
-32766
-32702
-32530
-32249
-31861
-31368
-30771
-30072
-29272
-28377
-27386
-26306
-25137
-23886
-22554
-21149
-19673
-18132
-16531
-14875
-13170
-11421
-9634
-7815
-5971
-4106
-2228
-342
1545
3426
5296
7149
8978
10776
12540
14262
15937
17558
19122
20621
22053
23411
24693
25892
27004
28028
28959
29794
30529
31164
31695
32121
32440
32652
32756
32751
32637
32415
32086
31650
31109
30465
29720
28877
27938
26906
25785
24578
23290
21925
20487
18981
17411
15785
14106
12379
10613
8811
6979
5125
3254
1371
-516
-2400
-4278
-6141
-7984
-9800
-11583
-13329
-15029
-16681
-18276
-19812
-21281
-22680
-24004
-25248
-26408
-27481
-28463
-29350
-30140
-30830
-31418
-31901
-32280
-32550
-32712
-32767
-32712
-32550
-32279
-31901
-31417
-30830
-30140
-29349
-28462
-27480
-26407
-25246
-24003
-22678
-21280
-19810
-18274
-16679
-15027
-13327
-11582
-9798
-7982
-6139
-4276
-2398
-514
1373
3256
5127
6981
8812
10614
12381
14107
15787
17413
18982
20488
21926
23291
24580
25786
26907
27938
28878
29721
30466
31110
31651
32087
32415
32637
32751
32756
32652
32440
32120
31694
31163
30528
29793
28958
28027
27003
25890
24692
23410
22052
20620
19120
17556
15935
14260
12538
10775
8976
7147
5294
3424
1543
-344
-2230
-4107
-5973
-7817
-9636
-11423
-13171
-14877
-16532
-18134
-19674
-21150
-22556
-23887
-25138
-26307
-27387
-28378
-29273
-30073
-30771
-31369
-31861
-32250
-32530
-32702
-32766
-32722
-32569
-32308
-31940
-31465
-30887
-30206
-29425
-28546
-27573
-26508
-25355
-24119
-22802
-21410
-19946
-18417
-16827
-15180
-13483
-11742
-9961
-8148
-6308
-4446
-2570
-685
1202
3085
4958
6813
8647
10452
12222
13953
15636
17267
18842
20354
21798
23171
24465
25680
26809
27848
28797
29649
30402
31056
31606
32051
32390
32621
32745
32759
32666
32464
32153
31738
31216
30590
29864
29037
28116
27101
25995
24803
23530
22179
20753
19259
17701
16085
14415
12697
10937
9141
7314
5464
3595
1714
-172
-2058
-3937
-5804
-7650
-9472
-11262
-13014
-14723
-16384
-17991
-19537
-21019
-22431
-23769
-25028
-26203
-27293
-28291
-29196
-30004
-30712
-31319
-31821
-32218
-32509
-32691
-32765
-32731
-32587
-32336
-31978
-31513
-30944
-30273
-29500
-28631
-27665
-26609
-25464
-24235
-22925
-21539
-20082
-18558
-16974
-15332
-13639
-11902
-10124
-8314
-6476
-4616
-2741
-857
1030
2914
4788
6646
8481
10289
12063
13797
15485
17121
18702
20219
21669
23049
24351
25573
26710
27758
28714
29575
30338
31001
31560
32015
32364
32605
32738
32763
32679
32486
32186
31780
31267
30651
29934
29116
28203
27197
26099
24915
23649
22304
20885
19397
17846
16234
14569
12855
11099
9305
7481
5633
3765
1885
-1
-1887
-3767
-5635
-7483
-9307
-11100
-12857
-14571
-16235
-17847
-19399
-20887
-22306
-23650
-24916
-26100
-27198
-28204
-29117
-29935
-30652
-31268
-31780
-32187
-32486
-32679
-32763
-32738
-32605
-32363
-32014
-31560
-31000
-30337
-29574
-28713
-27757
-26709
-25571
-24350
-23047
-21668
-20217
-18700
-17120
-15483
-13795
-12061
-10287
-8479
-6644
-4786
-2912
-1028
859
2743
4618
6478
8316
10126
11904
13641
15334
16975
18560
20083
21541
22927
24236
25465
26610
27666
28631
29501
30273
30945
31514
31978
32336
32588
32731
32765
32691
32508
32218
31821
31318
30712
30003
29195
28290
27292
26202
25026
23767
22430
21017
19535
17989
16382
14722
13012
11260
9470
7648
5802
3935
2056
171
-1716
-3597
-5466
-7316
-9142
-10939
-12699
-14416
-16086
-17703
-19261
-20754
-22180
-23531
-24805
-25996
-27102
-28116
-29038
-29864
-30591
-31216
-31738
-32154
-32464
-32666
-32759
-32745
-32621
-32389
-32051
-31605
-31056
-30402
-29648
-28796
-27847
-26808
-25679
-24464
-23169
-21797
-20352
-18841
-17266
-15634
-13951
-12221
-10450
-8645
-6811
-4956
-3083
-1200
687
2572
4448
6309
8150
9963
11744
13485
15182
16828
18418
19948
21412
22803
24120
25357
26509
27574
28547
29426
30207
30888
31466
31940
32308
32569
32722
32766
32702
32530
32249
31861
31368
30771
30072
29272
28377
27386
26306
25137
23886
22554
21149
19673
18132
16531
14875
13170
11421
9634
7815
5971
4106
2228
342
-1545
-3426
-5296
-7149
-8978
-10776
-12540
-14262
-15937
-17558
-19122
-20621
-22053
-23411
-24693
-25892
-27004
-28028
-28959
-29794
-30529
-31164
-31695
-32121
-32440
-32652
-32756
-32751
-32637
-32415
-32086
-31650
-31109
-30465
-29720
-28877
-27938
-26906
-25785
-24578
-23290
-21925
-20487
-18981
-17411
-15785
-14106
-12379
-10612
-8811
-6979
-5125
-3254
-1371
516
2400
4278
6141
7984
9800
11583
13329
15029
16681
18276
19812
21281
22680
24004
25248
26408
27481
28463
29350
30140
30830
31418
31901
32280
32550
32712
32767
32712
32550
32279
31901
31417
30830
30140
29349
28462
27480
26407
25246
24003
22678
21280
19810
18274
16679
15027
13327
11582
9798
7982
6139
4276
2398
514
-1373
-3256
-5127
-6981
-8812
-10614
-12381
-14107
-15787
-17413
-18982
-20488
-21926
-23291
-24580
-25786
-26907
-27939
-28878
-29721
-30466
-31110
-31651
-32087
-32415
-32637
-32751
-32756
-32652
-32440
-32120
-31694
-31163
-30528
-29793
-28958
-28027
-27003
-25890
-24692
-23410
-22052
-20620
-19120
-17556
-15935
-14260
-12538
-10775
-8976
-7147
-5294
-3424
-1543
344
2230
4107
5973
7817
9636
11423
13171
14877
16532
18134
19674
21150
22556
23887
25138
26307
27387
28378
29273
30073
30771
31369
31861
32250
32530
32702
32766
32722
32569
32308
31940
31465
30887
30206
29425
28546
27573
26508
25355
24119
22802
21410
19946
18417
16827
15180
13483
11742
9961
8148
6308
4446
2570
685
-1202
-3085
-4958
-6813
-8647
-10452
-12222
-13953
-15636
-17267
-18842
-20354
-21798
-23171
-24465
-25680
-26809
-27848
-28797
-29649
-30402
-31056
-31606
-32051
-32390
-32621
-32745
-32759
-32666
-32464
-32153
-31738
-31216
-30590
-29864
-29037
-28115
-27101
-25995
-24803
-23530
-22179
-20753
-19259
-17701
-16085
-14415
-12697
-10937
-9141
-7314
-5464
-3595
-1714
172
2058
3937
5804
7650
9472
11262
13014
14723
16384
17991
19537
21019
22431
23769
25028
26203
27293
28291
29196
30004
30712
31319
31821
32218
32509
32691
32765
32731
32587
32336
31978
31513
30944
30273
29500
28631
27665
26609
25464
24235
22925
21539
20082
18558
16974
15332
13639
11902
10124
8314
6476
4616
2741
857
-1030
-2914
-4788
-6646
-8481
-10289
-12063
-13797
-15485
-17121
-18702
-20219
-21669
-23049
-24351
-25573
-26710
-27758
-28714
-29575
-30338
-31001
-31560
-32015
-32364
-32605
-32738
-32763
-32679
-32486
-32186
-31780
-31267
-30651
-29934
-29116
-28203
-27197
-26099
-24915
-23649
-22304
-20885
-19397
-17846
-16234
-14569
-12855
-11099
-9305
-7481
-5633
-3765
-1885
1
1887
3767
5635
7483
9307
11100
12857
14571
16235
17847
19399
20887
22306
23650
24916
26100
27198
28204
29117
29935
30652
31268
31780
32187
32486
32679
32763
32738
32605
32363
32014
31560
31000
30337
29574
28713
27757
26709
25571
24350
23047
21668
20217
18700
17120
15483
13795
12061
10287
8479
6644
4786
2912
1028
-859
-2743
-4618
-6478
-8316
-10126
-11904
-13641
-15334
-16975
-18560
-20083
-21541
-22927
-24236
-25465
-26610
-27666
-28631
-29501
-30273
-30945
-31514
-31978
-32336
-32588
-32731
-32765
-32691
-32508
-32218
-31821
-31318
-30712
-30003
-29195
-28290
-27292
-26202
-25026
-23767
-22430
-21017
-19535
-17989
-16382
-14722
-13012
-11260
-9470
-7648
-5802
-3935
-2056
-171
1716
3597
5466
7316
9142
10939
12699
14416
16087
17703
19261
20754
22180
23531
24805
25996
27102
28116
29038
29864
30591
31216
31738
32154
32464
32666
32759
32745
32621
32389
32051
31605
31056
30402
29648
28796
27847
26808
25679
24464
23169
21797
20352
18841
17266
15634
13951
12221
10450
8645
6811
4956
3083
1200
-687
-2572
-4448
-6309
-8150
-9963
-11744
-13485
-15182
-16828
-18418
-19948
-21412
-22803
-24120
-25357
-26509
-27574
-28547
-29426
-30207
-30888
-31466
-31940
-32308
-32569
-32722
-32766
-32702
-32530
-32249
-31861
-31368
-30771
-30072
-29272
-28377
-27386
-26306
-25137
-23886
-22554
-21149
-19673
-18132
-16531
-14875
-13170
-11421
-9634
-7815
-5971
-4106
-2228
-342
1545
3426
5296
7149
8978
10776
12540
14262
15937
17558
19122
20621
22053
23411
24693
25892
27004
28028
28959
29794
30529
31164
31695
32121
32440
32652
32756
32751
32637
32415
32086
31650
31109
30465
29720
28877
27937
26906
25785
24578
23290
21925
20487
18981
17411
15785
14106
12379
10612
8810
6979
5125
3254
1371
-516
-2400
-4278
-6141
-7984
-9800
-11583
-13329
-15029
-16681
-18276
-19812
-21281
-22680
-24004
-25248
-26408
-27481
-28463
-29350
-30140
-30830
-31418
-31901
-32280
-32550
-32712
-32767
-32712
-32550
-32279
-31901
-31417
-30830
-30140
-29349
-28462
-27480
-26407
-25246
-24003
-22678
-21280
-19810
-18274
-16679
-15027
-13327
-11582
-9798
-7982
-6139
-4276
-2398
-514
1373
3256
5127
6981
8812
10614
12381
14107
15787
17413
18982
20488
21926
23291
24580
25786
26907
27939
28878
29721
30466
31110
31651
32087
32415
32637
32751
32756
32652
32440
32120
31694
31163
30528
29793
28958
28027
27003
25890
24692
23410
22052
20620
19120
17556
15935
14260
12538
10775
8976
7147
5294
3424
1543
-344
-2230
-4107
-5973
-7817
-9636
-11423
-13171
-14877
-16532
-18134
-19674
-21150
-22556
-23887
-25138
-26307
-27387
-28378
-29273
-30073
-30771
-31369
-31861
-32250
-32530
-32702
-32766
-32722
-32569
-32308
-31940
-31465
-30887
-30206
-29425
-28546
-27573
-26508
-25355
-24119
-22802
-21410
-19946
-18417
-16827
-15180
-13483
-11742
-9961
-8148
-6308
-4446
-2570
-685
1202
3085
4958
6813
8647
10452
12222
13953
15636
17267
18842
20354
21798
23171
24465
25680
26809
27848
28797
29649
30402
31056
31606
32051
32390
32621
32745
32759
32666
32464
32153
31738
31216
30590
29864
29037
28115
27101
25995
24803
23530
22179
20753
19259
17701
16085
14415
12697
10937
9141
7314
5464
3595
1714
-172
-2058
-3937
-5804
-7650
-9472
-11262
-13014
-14723
-16384
-17991
-19537
-21019
-22431
-23769
-25028
-26203
-27293
-28291
-29196
-30004
-30712
-31319
-31821
-32218
-32509
-32691
-32765
-32731
-32587
-32336
-31978
-31513
-30944
-30273
-29500
-28631
-27665
-26609
-25464
-24235
-22925
-21539
-20082
-18558
-16974
-15332
-13639
-11902
-10124
-8314
-6476
-4616
-2741
-857
1030
2914
4788
6646
8481
10289
12063
13797
15485
17121
18702
20219
21669
23049
24351
25573
26710
27758
28714
29575
30338
31001
31560
32015
32364
32605
32738
32763
32679
32486
32186
31780
31267
30651
29934
29116
28203
27197
26099
24915
23649
22304
20885
19397
17846
16234
14569
12855
11099
9305
7481
5633
3765
1885
-1
-1887
-3767
-5635
-7483
-9307
-11100
-12857
-14571
-16235
-17847
-19399
-20887
-22306
-23650
-24916
-26100
-27198
-28204
-29117
-29935
-30652
-31268
-31780
-32187
-32486
-32679
-32763
-32738
-32605
-32363
-32014
-31560
-31000
-30337
-29574
-28713
-27757
-26709
-25571
-24350
-23047
-21668
-20217
-18700
-17120
-15483
-13795
-12061
-10287
-8479
-6644
-4786
-2912
-1028
859
2743
4618
6478
8316
10126
11904
13641
15334
16975
18560
20083
21541
22927
24236
25465
26610
27666
28631
29501
30273
30945
31514
31978
32336
32588
32731
32765
32691
32508
32218
31821
31318
30712
30003
29195
28290
27292
26202
25026
23767
22430
21017
19535
17989
16382
14722
13012
11260
9470
7648
5802
3935
2056
171
-1716
-3597
-5466
-7316
-9142
-10939
-12699
-14416
-16087
-17703
-19261
-20754
-22180
-23531
-24805
-25996
-27102
-28116
-29038
-29864
-30591
-31216
-31738
-32154
-32464
-32666
-32759
-32745
-32621
-32389
-32051
-31605
-31056
-30402
-29648
-28796
-27847
-26808
-25679
-24464
-23169
-21797
-20352
-18841
-17266
-15634
-13951
-12221
-10450
-8645
-6811
-4956
-3083
-1200
687
2572
4448
6309
8150
9963
11744
13485
15182
16828
18418
19948
21412
22804
24120
25357
26509
27574
28547
29426
30207
30888
31466
31940
32308
32569
32722
32766
32702
32530
32249
31861
31368
30771
30072
29272
28377
27386
26306
25137
23886
22554
21149
19673
18132
16531
14875
13170
11421
9634
7815
5971
4106
2228
342
-1545
-3426
-5296
-7149
-8978
-10776
-12540
-14262
-15937
-17558
-19122
-20621
-22053
-23411
-24693
-25892
-27004
-28028
-28959
-29794
-30529
-31164
-31695
-32121
-32440
-32652
-32756
-32751
-32637
-32415
-32086
-31650
-31109
-30465
-29720
-28877
-27937
-26906
-25785
-24578
-23290
-21925
-20487
-18981
-17411
-15785
-14106
-12379
-10612
-8810
-6979
-5125
-3254
-1371
516
2400
4278
6141
7984
9800
11583
13329
15029
16681
18276
19812
21281
22680
24004
25248
26408
27481
28463
29350
30140
30830
31418
31901
32280
32550
32712
32767
32712
32550
32279
31901
31417
30830
30139
29349
28462
27480
26407
25246
24003
22678
21280
19810
18274
16679
15027
13327
11582
9798
7982
6139
4276
2398
514
-1373
-3256
-5127
-6981
-8812
-10614
-12381
-14107
-15787
-17413
-18983
-20488
-21926
-23291
-24580
-25786
-26907
-27939
-28878
-29721
-30466
-31110
-31651
-32087
-32415
-32637
-32751
-32756
-32652
-32440
-32120
-31694
-31163
-30528
-29793
-28958
-28027
-27003
-25890
-24692
-23410
-22052
-20620
-19120
-17556
-15935
-14260
-12538
-10775
-8976
-7147
-5294
-3424
-1543
344
2230
4107
5973
7817
9636
11423
13171
14877
16532
18134
19674
21150
22556
23887
25138
26307
27387
28378
29273
30073
30771
31369
31861
32250
32530
32702
32766
32722
32569
32308
31940
31465
30887
30206
29425
28546
27573
26508
25355
24119
22802
21410
19946
18417
16827
15180
13483
11742
9961
8148
6308
4446
2570
685
-1202
-3085
-4958
-6813
-8647
-10452
-12222
-13953
-15636
-17267
-18842
-20354
-21798
-23171
-24465
-25680
-26809
-27848
-28797
-29649
-30402
-31056
-31606
-32051
-32390
-32621
-32745
-32759
-32666
-32464
-32153
-31738
-31216
-30590
-29864
-29037
-28115
-27101
-25995
-24803
-23530
-22179
-20753
-19259
-17701
-16085
-14415
-12697
-10937
-9140
-7314
-5464
-3595
-1714
173
2058
3937
5804
7650
9472
11262
13014
14723
16384
17991
19537
21019
22431
23769
25028
26203
27293
28291
29196
30004
30712
31319
31821
32218
32509
32691
32765
32731
32587
32336
31978
31513
30944
30273
29500
28631
27665
26609
25464
24235
22925
21539
20082
18558
16974
15332
13639
11902
10124
8314
6476
4616
2741
857
-1030
-2914
-4788
-6646
-8481
-10289
-12063
-13797
-15485
-17121
-18702
-20219
-21670
-23049
-24351
-25573
-26710
-27758
-28714
-29575
-30338
-31001
-31560
-32015
-32364
-32605
-32738
-32763
-32679
-32486
-32186
-31780
-31267
-30651
-29934
-29116
-28203
-27197
-26099
-24915
-23649
-22304
-20885
-19397
-17846
-16234
-14569
-12855
-11099
-9305
-7481
-5633
-3765
-1885
1
1887
3767
5635
7483
9307
11100
12857
14571
16235
17847
19399
20887
22306
23650
24916
26100
27198
28204
29117
29935
30652
31268
31780
32187
32486
32679
32763
32738
32605
32363
32014
31560
31000
30337
29574
28713
27757
26709
25571
24350
23047
21668
20217
18700
17120
15483
13795
12061
10287
8479
6644
4786
2912
1028
-859
-2743
-4618
-6478
-8316
-10126
-11904
-13641
-15334
-16975
-18560
-20083
-21541
-22927
-24236
-25465
-26610
-27666
-28631
-29501
-30273
-30945
-31514
-31978
-32336
-32588
-32731
-32765
-32691
-32508
-32218
-31821
-31318
-30712
-30003
-29195
-28290
-27292
-26202
-25026
-23767
-22430
-21017
-19535
-17989
-16382
-14722
-13012
-11260
-9470
-7648
-5802
-3935
-2056
-171
1716
3597
5466
7316
9142
10939
12699
14416
16087
17703
19261
20754
22180
23531
24805
25996
27102
28116
29038
29864
30591
31216
31738
32154
32464
32666
32759
32745
32621
32389
32051
31605
31056
30402
29648
28796
27847
26808
25679
24464
23169
21797
20352
18841
17266
15634
13951
12221
10450
8645
6811
4956
3083
1200
-687
-2572
-4448
-6309
-8150
-9963
-11744
-13485
-15182
-16828
-18418
-19948
-21412
-22804
-24120
-25357
-26509
-27574
-28547
-29426
-30207
-30888
-31466
-31940
-32308
-32569
-32722
-32766
-32702
-32530
-32249
-31861
-31368
-30771
-30072
-29272
-28377
-27386
-26305
-25137
-23886
-22554
-21149
-19673
-18132
-16531
-14875
-13170
-11421
-9634
-7815
-5971
-4106
-2228
-342
1545
3426
5296
7149
8978
10776
12540
14262
15937
17558
19122
20621
22053
23411
24693
25892
27004
28028
28959
29794
30529
31164
31695
32121
32440
32652
32756
32751
32637
32415
32086
31650
31109
30465
29720
28877
27937
26906
25785
24578
23290
21925
20487
18981
17411
15785
14106
12379
10612
8810
6979
5125
3254
1371
-516
-2400
-4278
-6141
-7984
-9800
-11583
-13329
-15029
-16681
-18276
-19812
-21281
-22680
-24004
-25248
-26408
-27481
-28463
-29350
-30140
-30830
-31418
-31901
-32280
-32550
-32712
-32767
-32712
-32550
-32279
-31901
-31417
-30830
-30139
-29349
-28462
-27480
-26407
-25246
-24003
-22678
-21280
-19810
-18274
-16679
-15027
-13327
-11582
-9798
-7982
-6139
-4276
-2398
-514
1373
3256
5127
6981
8812
10614
12381
14107
15787
17413
18983
20488
21926
23291
24580
25786
26907
27939
28878
29721
30466
31110
31651
32087
32415
32637
32751
32756
32652
32440
32120
31694
31163
30528
29793
28958
28027
27003
25890
24692
23410
22052
20620
19120
17556
15935
14260
12538
10775
8976
7147
5294
3424
1543
-344
-2230
-4108
-5973
-7817
-9636
-11423
-13171
-14877
-16532
-18134
-19674
-21150
-22556
-23887
-25138
-26307
-27387
-28378
-29273
-30073
-30771
-31369
-31861
-32250
-32530
-32702
-32766
-32722
-32569
-32308
-31940
-31465
-30887
-30206
-29425
-28546
-27573
-26508
-25355
-24119
-22802
-21410
-19946
-18417
-16827
-15180
-13483
-11742
-9961
-8148
-6308
-4446
-2570
-685
1202
3085
4958
6813
8647
10452
12222
13953
15636
17267
18842
20354
21798
23171
24465
25680
26809
27848
28797
29649
30402
31056
31606
32051
32390
32621
32745
32759
32666
32464
32153
31738
31216
30590
29864
29037
28115
27101
25995
24803
23530
22179
20753
19259
17701
16085
14415
12697
10937
9140
7314
5464
3595
1714
-173
-2058
-3937
-5804
-7650
-9472
-11262
-13014
-14723
-16384
-17991
-19537
-21019
-22431
-23769
-25028
-26203
-27293
-28291
-29196
-30004
-30712
-31319
-31821
-32218
-32509
-32691
-32765
-32731
-32587
-32336
-31978
-31513
-30944
-30273
-29500
-28631
-27665
-26609
-25464
-24235
-22925
-21539
-20082
-18558
-16974
-15332
-13639
-11902
-10124
-8314
-6476
-4616
-2741
-857
1030
2914
4788
6646
8481
10289
12063
13797
15485
17121
18702
20219
21670
23049
24351
25573
26710
27758
28714
29575
30338
31001
31560
32015
32364
32605
32738
32763
32679
32486
32186
31780
31267
30651
29934
29116
28203
27197
26099
24915
23649
22304
20885
19397
17846
16234
14569
12855
11099
9305
7481
5633
3765
1885
-1
-1887
-3767
-5635
-7483
-9307
-11100
-12857
-14571
-16235
-17847
-19399
-20887
-22306
-23650
-24916
-26100
-27198
-28204
-29117
-29935
-30652
-31268
-31780
-32187
-32486
-32679
-32763
-32738
-32605
-32363
-32014
-31560
-31000
-30337
-29574
-28713
-27757
-26709
-25571
-24350
-23047
-21668
-20217
-18700
-17120
-15483
-13795
-12061
-10287
-8479
-6644
-4786
-2912
-1028
859
2743
4618
6478
8316
10126
11904
13641
15334
16975
18560
20083
21541
22927
24236
25465
26610
27666
28631
29501
30273
30945
31514
31978
32336
32588
32731
32765
32691
32508
32218
31821
31318
30712
30003
29195
28290
27292
26202
25026
23767
22430
21017
19535
17989
16382
14722
13012
11260
9470
7648
5802
3935
2056
171
-1716
-3597
-5466
-7316
-9142
-10939
-12699
-14416
-16087
-17703
-19261
-20755
-22180
-23531
-24805
-25996
-27102
-28117
-29038
-29864
-30591
-31216
-31738
-32154
-32464
-32666
-32759
-32745
-32621
-32389
-32051
-31605
-31056
-30402
-29648
-28796
-27847
-26808
-25679
-24464
-23169
-21797
-20352
-18841
-17266
-15634
-13951
-12221
-10450
-8645
-6811
-4956
-3083
-1200
687
2572
4448
6310
8150
9963
11744
13485
15182
16828
18418
19948
21412
22804
24120
25357
26509
27574
28547
29426
30207
30888
31466
31940
32308
32569
32722
32766
32702
32530
32249
31861
31368
30771
30072
29272
28377
27386
26305
25137
23886
22554
21149
19673
18132
16531
14875
13170
11421
9634
7815
5971
4106
2228
342
-1545
-3426
-5296
-7149
-8978
-10776
-12540
-14262
-15937
-17558
-19122
-20621
-22053
-23411
-24693
-25892
-27004
-28028
-28959
-29794
-30529
-31164
-31695
-32121
-32440
-32652
-32756
-32751
-32637
-32415
-32086
-31650
-31109
-30465
-29720
-28877
-27937
-26906
-25785
-24578
-23290
-21925
-20487
-18981
-17411
-15785
-14106
-12379
-10612
-8810
-6979
-5125
-3254
-1371
516
2400
4278
6141
7984
9800
11583
13329
15029
16681
18276
19812
21281
22680
24004
25248
26408
27481
28463
29350
30140
30830
31418
31901
32280
32550
32712
32767
32712
32550
32279
31901
31417
30830
30139
29349
28462
27480
26407
25246
24003
22678
21280
19810
18274
16679
15027
13327
11581
9798
7982
6139
4276
2398
514
-1373
-3256
-5127
-6981
-8812
-10614
-12381
-14107
-15787
-17413
-18983
-20488
-21926
-23291
-24580
-25786
-26907
-27939
-28878
-29721
-30466
-31110
-31651
-32087
-32415
-32637
-32751
-32756
-32652
-32440
-32120
-31694
-31163
-30528
-29793
-28958
-28027
-27003
-25890
-24692
-23410
-22052
-20620
-19120
-17556
-15935
-14260
-12538
-10775
-8976
-7147
-5294
-3424
-1543
344
2230
4108
5973
7817
9636
11423
13171
14877
16532
18134
19674
21150
22556
23887
25138
26307
27387
28378
29273
30073
30771
31369
31861
32250
32530
32702
32766
32722
32569
32308
31940
31465
30887
30206
29425
28546
27573
26508
25355
24119
22802
21410
19946
18417
16827
15180
13483
11742
9961
8148
6308
4446
2570
685
-1202
-3085
-4958
-6813
-8647
-10452
-12222
-13953
-15636
-17267
-18842
-20354
-21798
-23171
-24465
-25680
-26809
-27848
-28797
-29649
-30402
-31056
-31606
-32051
-32390
-32621
-32745
-32759
-32666
-32464
-32153
-31738
-31216
-30590
-29864
-29037
-28115
-27101
-25995
-24803
-23530
-22179
-20753
-19259
-17701
-16085
-14415
-12697
-10937
-9140
-7314
-5464
-3595
-1714
173
2058
3937
5804
7650
9472
11262
13014
14723
16384
17991
19537
21019
22431
23769
25028
26203
27293
28291
29196
30004
30712
31319
31821
32218
32509
32691
32765
32731
32587
32336
31978
31513
30944
30273
29500
28630
27665
26609
25464
24235
22925
21539
20082
18558
16974
15332
13639
11902
10124
8314
6476
4616
2741
857
-1030
-2914
-4788
-6646
-8481
-10289
-12063
-13797
-15485
-17121
-18702
-20219
-21670
-23049
-24351
-25573
-26710
-27758
-28714
-29575
-30338
-31001
-31560
-32015
-32364
-32605
-32738
-32763
-32679
-32486
-32186
-31780
-31267
-30651
-29934
-29116
-28203
-27197
-26099
-24915
-23649
-22304
-20885
-19397
-17846
-16234
-14569
-12855
-11099
-9305
-7481
-5633
-3765
-1885
1
1887
3767
5635
7483
9307
11100
12857
14571
16235
17847
19399
20887
22306
23650
24916
26100
27198
28204
29117
29935
30652
31268
31780
32187
32486
32679
32763
32738
32605
32363
32014
31560
31000
30337
29574
28713
27757
26709
25571
24350
23047
21668
20217
18700
17120
15483
13795
12061
10287
8479
6644
4786
2912
1028
-859
-2743
-4618
-6478
-8316
-10126
-11904
-13641
-15334
-16975
-18560
-20083
-21541
-22927
-24236
-25465
-26610
-27666
-28631
-29501
-30273
-30945
-31514
-31978
-32336
-32588
-32731
-32765
-32691
-32508
-32218
-31821
-31318
-30712
-30003
-29195
-28290
-27292
-26202
-25026
-23767
-22430
-21017
-19535
-17989
-16382
-14722
-13012
-11260
-9470
-7648
-5802
-3935
-2056
-171
1716
3597
5466
7316
9142
10939
12699
14416
16087
17703
19261
20755
22180
23531
24805
25996
27102
28117
29038
29864
30591
31216
31738
32154
32464
32666
32759
32745
32621
32389
32051
31605
31056
30402
29648
28796
27847
26808
25679
24464
23169
21797
20352
18841
17266
15634
13951
12221
10450
8645
6811
4956
3083
1200
-687
-2572
-4448
-6310
-8150
-9963
-11744
-13485
-15182
-16828
-18418
-19948
-21412
-22804
-24120
-25357
-26509
-27574
-28547
-29426
-30207
-30888
-31466
-31940
-32308
-32569
-32722
-32766
-32702
-32530
-32249
-31861
-31368
-30771
-30072
-29272
-28377
-27386
-26305
-25137
-23886
-22554
-21149
-19673
-18132
-16531
-14875
-13170
-11421
-9634
-7815
-5971
-4106
-2228
-342
1545
3426
5296
7149
8978
10776
12540
14262
15937
17558
19122
20621
22053
23411
24693
25892
27004
28028
28959
29794
30529
31164
31695
32121
32440
32652
32756
32751
32637
32415
32086
31650
31109
30465
29720
28877
27937
26906
25785
24578
23290
21925
20487
18981
17411
15785
14106
12379
10612
8810
6979
5125
3254
1371
-516
-2400
-4278
-6141
-7984
-9800
-11583
-13329
-15029
-16681
-18276
-19812
-21281
-22680
-24004
-25248
-26408
-27481
-28463
-29350
-30140
-30830
-31418
-31901
-32280
-32550
-32712
-32767
-32712
-32550
-32279
-31901
-31417
-30830
-30139
-29349
-28462
-27480
-26407
-25246
-24003
-22678
-21280
-19810
-18274
-16679
-15027
-13327
-11581
-9798
-7982
-6139
-4276
-2398
-514
1373
3256
5127
6981
8812
10614
12381
14107
15787
17413
18983
20488
21926
23291
24580
25786
26907
27939
28878
29721
30466
31110
31651
32087
32415
32637
32751
32756
32652
32440
32120
31694
31163
30528
29793
28958
28027
27003
25890
24692
23410
22052
20620
19120
17556
15935
14260
12538
10775
8976
7147
5294
3424
1543
-344
-2230
-4108
-5973
-7817
-9636
-11423
-13171
-14877
-16532
-18134
-19674
-21150
-22556
-23887
-25138
-26307
-27387
-28378
-29273
-30073
-30771
-31369
-31861
-32250
-32530
-32702
-32766
-32722
-32569
-32308
-31940
-31465
-30887
-30206
-29425
-28546
-27573
-26508
-25355
-24119
-22802
-21410
-19946
-18417
-16827
-15180
-13483
-11742
-9961
-8148
-6308
-4446
-2570
-685
1202
3085
4958
6813
8647
10452
12223
13953
15636
17267
18842
20354
21798
23171
24465
25680
26809
27848
28797
29649
30402
31056
31606
32051
32390
32621
32745
32759
32666
32464
32153
31738
31216
30590
29864
29037
28115
27100
25995
24803
23530
22179
20753
19259
17701
16085
14415
12697
10937
9140
7314
5464
3595
1714
-173
-2058
-3937
-5804
-7650
-9472
-11262
-13014
-14723
-16384
-17991
-19537
-21019
-22431
-23769
-25028
-26203
-27293
-28291
-29196
-30004
-30712
-31319
-31821
-32218
-32509
-32691
-32765
-32731
-32587
-32336
-31978
-31513
-30944
-30273
-29500
-28630
-27665
-26609
-25464
-24235
-22925
-21539
-20082
-18558
-16974
-15332
-13639
-11902
-10124
-8314
-6476
-4616
-2741
-857
1030
2914
4788
6646
8481
10289
12063
13797
15485
17121
18702
20219
21670
23049
24351
25573
26710
27758
28714
29575
30338
31001
31560
32015
32364
32605
32738
32763
32679
32486
32186
31780
31267
30651
29934
29116
28203
27197
26099
24915
23649
22304
20885
19397
17846
16234
14569
12855
11099
9305
7481
5633
3765
1885
-1
-1887
-3767
-5635
-7483
-9307
-11100
-12857
-14571
-16235
-17847
-19399
-20887
-22306
-23650
-24916
-26100
-27198
-28204
-29117
-29935
-30652
-31268
-31780
-32187
-32486
-32679
-32763
-32738
-32605
-32363
-32014
-31560
-31000
-30337
-29574
-28713
-27757
-26709
-25571
-24350
-23047
-21668
-20217
-18700
-17120
-15483
-13795
-12061
-10287
-8479
-6644
-4786
-2912
-1028
859
2743
4618
6478
8316
10126
11904
13641
15334
16975
18560
20083
21541
22927
24236
25465
26610
27666
28631
29501
30273
30945
31514
31978
32336
32588
32731
32765
32691
32508
32218
31821
31318
30712
30003
29195
28290
27292
26202
25026
23767
22430
21017
19535
17989
16382
14722
13012
11260
9470
7648
5802
3935
2056
170
-1716
-3597
-5466
-7316
-9142
-10939
-12699
-14416
-16087
-17703
-19261
-20755
-22180
-23531
-24805
-25996
-27102
-28117
-29038
-29864
-30591
-31216
-31738
-32154
-32464
-32666
-32759
-32745
-32621
-32389
-32051
-31605
-31056
-30402
-29648
-28796
-27847
-26808
-25679
-24464
-23169
-21797
-20352
-18841
-17266
-15634
-13951
-12221
-10450
-8645
-6811
-4956
-3083
-1200
687
2572
4448
6310
8150
9963
11744
13485
15182
16828
18418
19948
21412
22804
24120
25357
26509
27574
28547
29426
30207
30888
31466
31940
32308
32569
32722
32766
32702
32530
32249
31861
31368
30771
30072
29272
28377
27386
26305
25137
23886
22554
21149
19673
18132
16531
14875
13170
11421
9634
7815
5971
4105
2228
342
-1545
-3426
-5296
-7149
-8978
-10777
-12540
-14262
-15937
-17558
-19122
-20621
-22053
-23411
-24693
-25892
-27004
-28028
-28959
-29794
-30529
-31164
-31695
-32121
-32440
-32652
-32756
-32751
-32637
-32415
-32086
-31650
-31109
-30465
-29720
-28877
-27937
-26906
-25785
-24578
-23290
-21925
-20487
-18981
-17411
-15785
-14106
-12379
-10612
-8810
-6979
-5125
-3254
-1371
516
2400
4278
6141
7984
9800
11583
13329
15029
16681
18276
19812
21281
22680
24004
25248
26408
27481
28463
29350
30140
30830
31418
31901
32280
32550
32712
32767
32712
32550
32279
31901
31417
30830
30139
29349
28462
27480
26407
25246
24003
22678
21280
19810
18274
16679
15027
13327
11581
9798
7982
6139
4276
2398
514
-1373
-3256
-5127
-6981
-8812
-10614
-12381
-14107
-15787
-17413
-18983
-20488
-21926
-23291
-24580
-25786
-26907
-27939
-28878
-29721
-30466
-31110
-31651
-32087
-32415
-32637
-32751
-32756
-32652
-32440
-32120
-31694
-31163
-30528
-29793
-28958
-28027
-27003
-25890
-24692
-23410
-22052
-20620
-19120
-17556
-15935
-14260
-12538
-10775
-8976
-7147
-5294
-3424
-1543
344
2230
4108
5973
7817
9636
11423
13171
14877
16532
18134
19674
21150
22556
23887
25138
26307
27387
28378
29273
30073
30771
31369
31861
32250
32530
32702
32766
32722
32569
32308
31940
31465
30887
30206
29425
28546
27573
26508
25355
24119
22802
21410
19946
18417
16827
15180
13483
11742
9961
8148
6307
4446
2570
685
-1202
-3085
-4958
-6813
-8647
-10452
-12223
-13953
-15636
-17267
-18842
-20354
-21798
-23171
-24466
-25680
-26809
-27848
-28797
-29649
-30402
-31056
-31606
-32051
-32390
-32621
-32745
-32759
-32666
-32464
-32153
-31738
-31216
-30590
-29864
-29037
-28115
-27100
-25995
-24803
-23530
-22179
-20753
-19259
-17701
-16085
-14415
-12697
-10937
-9140
-7314
-5464
-3595
-1714
173
2058
3937
5804
7650
9472
11262
13014
14723
16384
17991
19537
21019
22431
23769
25028
26203
27293
28291
29196
30004
30712
31319
31821
32218
32509
32691
32765
32731
32587
32336
31978
31513
30944
30273
29500
28630
27665
26609
25464
24235
22925
21539
20082
18558
16974
15332
13639
11902
10124
8314
6476
4616
2741
857
-1030
-2914
-4788
-6646
-8481
-10289
-12063
-13797
-15485
-17121
-18702
-20219
-21670
-23049
-24351
-25573
-26710
-27758
-28714
-29575
-30338
-31001
-31560
-32015
-32364
-32605
-32738
-32763
-32679
-32486
-32186
-31780
-31267
-30651
-29934
-29116
-28203
-27197
-26099
-24915
-23649
-22304
-20885
-19397
-17846
-16234
-14569
-12855
-11098
-9305
-7481
-5633
-3765
-1885
