-16768
-32163
8595
-3545
-9363
-18067
-19159
-18912
16100
20420
-9362
-16531
29349
-31156
10911
-27918
-9319
21329
26226
-1200
23330
-18818
-5901
18413
14196
-26701
-13117
-27479
25091
2628
-15227
-18264
25947
18844
25844
8692
-8130
-11825
-13872
28135
-17502
8607
-13276
-13167
31421
31834
9710
15664
21302
29803
-3598
11167
28336
-6799
22678
-19308
-32692
2323
-26026
-15967
7659
1345
5978
-14344
1137
-3820
-24665
3798
-29272
3697
21376
-18873
11517
17766
-21549
26531
32551
-26313
-22145
-31475
7753
23982
-14896
-4865
-25882
6540
19024
2560
-23916
10720
8747
-14130
-23134
13347
-13984
-18998
-5095
11998
31210
8841
23783
17792
8171
1989
6142
-12336
20075
-19706
15271
-32098
-20574
-26953
-8064
-26655
9431
-29828
19913
-5143
-5843
-22119
12597
32303
13687
-27849
3051
-21267
15458
-27296
24690
-10020
21382
-21434
-22967
9438
-9346
2921
32460
-29362
-17847
13286
-8546
31258
-23950
-25128
16973
-24553
-3259
-11465
-149
-28636
13097
17580
930
22767
-11638
11015
-24937
-5992
-10761
1238
12092
10129
29099
32393
-30369
28997
25267
-11671
-27842
-18455
-12139
-22652
17070
6190
-9669
-5318
-29416
-10660
1083
-18170
-26317
-21634
-29303
24185
17698
-23614
-4681
16054
-24112
-15049
-28473
-29936
28114
15279
10908
-27406
7189
25405
29193
9830
23509
23106
-988
15089
18121
-19649
-87
-32747
13061
26279
21348
-25985
-4181
1077
-26875
3823
18854
3322
-12505
18007
-24807
18680
24751
-5910
-23061
31793
2548
8302
-8101
26070
28606
14128
-3678
23947
-11303
-7343
-13550
-11950
-28170
350
27733
10189
-7236
-7384
16652
16577
2225
-16323
5007
16068
-11828
-16944
-18929
-29457
-990
8432
-13187
-11641
-28924
-4897
13038
29406
16466
11412
12156
9089
-3929
32712
-28403
-19103
30258
-24736
-15642
-3780
29101
25736
1003
4349
4638
-16733
-27947
-23664
-15453
4463
-32135
16282
-16999
-26083
21939
28615
-17106
24625
-15156
4794
-25461
-11749
-7390
-12530
-2467
-24453
-11426
881
15578
-21169
7689
22974
17628
-4674
-32076
-8792
24273
18185
-3252
28469
-31981
3010
-6937
15600
325
-8109
-3116
23314
-16782
-29984
18349
-11932
12283
-15455
1903
981
7922
-4735
24251
21779
-23570
-12356
28272
25408
-2026
-16395
-32126
-29787
-22530
8880
29929
32211
-29297
17528
-12394
-15750
-25318
21116
-24517
-11954
-31759
15867
-21243
7195
19774
-6699
-15170
-9562
-13540
-175
1578
-7290
-4826
-18797
-7991
-8205
-7101
7896
16779
-24351
-135
-17376
-25488
26148
-1723
30627
-10489
-19857
-7169
10040
14208
32143
8088
-9767
1989
-3074
-2280
16424
8330
22627
-32088
10159
22948
-30502
27431
11807
-31269
-8579
16419
-21880
-21001
14886
8445
-15234
-30057
24496
-1709
24486
29014
-12105
6540
-22448
13124
-21321
-23948
-30759
-14087
-15953
-31768
-16387
-384
-31651
8223
-3513
-15499
32603
-19160
23072
17980
20739
27874
-8735
29379
-25003
24745
-3349
12127
7561
31065
19620
-7760
29103
31880
-32293
12661
31295
-19333
-28042
5049
26825
10467
-10135
12714
-25079
-3394
28490
-6388
11277
4955
24304
24833
-1918
32209
-25713
-14892
-4354
-28062
22972
21212
27666
-23588
-29264
-25993
18345
16229
7591
-29358
-21426
3659
8078
20956
-30508
-25820
-28673
27360
9325
-13997
-22074
19746
8146
-15413
5493
21367
-16773
226
13881
18914
8427
19579
1414
14186
-32332
30062
30129
16775
13026
-15651
30002
-6234
-9178
-1359
-3239
7984
-2574
23703
29596
-3584
1380
339
-14250
21893
14794
17409
1416
17257
92
-28137
-25183
-14253
12676
27138
4692
-32591
-30419
345
6740
-2911
-27455
9753
-13366
16741
1243
-29889
21977
-21539
-9824
-12837
29421
27230
-32701
7440
16766
12509
28758
-6411
5232
-20684
-13677
23345
-3974
8190
29632
24599
-26427
-14080
-1582
16263
11166
-15184
-29531
16944
6664
26294
2400
-4534
-1458
11111
5775
2958
-8972
-21884
-15372
14714
-6612
19527
19337
23669
17829
-17438
9615
19752
-12848
25327
-18306
12655
28729
750
12990
20682
-5997
12277
-4702
-28493
-7923
-24703
31967
24014
27080
1697
-28251
10058
924
5344
15633
-12482
20561
-5964
-9732
24524
-4276
-24051
-20025
30482
21290
-20372
-1669
-6228
3620
23445
24146
32040
15280
24219
30491
-5336
-13028
25309
8306
-3492
22899
-20754
3302
24352
23414
22123
31030
2239
-4546
-31661
-9188
20671
11406
-19078
-20428
22893
32489
-31417
-19877
25586
28219
32594
-22230
3864
-10280
1113
-20194
-8411
-30089
10633
9265
23364
13415
-31375
11862
-22071
1825
-11322
14166
443
11373
-17085
-19414
27234
-12724
30223
-31377
-431
8296
-5542
-5310
3846
2015
-29192
23653
-6239
-19929
12269
-31324
-17822
26604
23860
-12297
23138
14380
19067
18954
9238
-25267
-30103
-1650
-21104
-18881
3299
-17119
10290
2140
-6649
-32691
-4333
-8166
-8250
-32178
11671
5950
-5151
-14545
-19899
-19467
-6246
-28119
-28242
14152
-11844
-23092
20536
-29522
21042
-14296
-10342
25673
-21030
-2003
3067
6377
12299
-24990
-3932
31176
22145
-31475
25161
16982
-15855
7424
25978
6548
29270
13425
8564
-21985
-15405
-12429
21570
13240
2185
29235
20072
-19194
-981
-19726
-17447
19329
-8073
31709
12288
-2464
15476
-12443
-9657
-17115
24627
4812
-23914
-20000
-32485
-7868
-12397
-17797
-13846
1513
21873
-30730
-32014
19897
30709
12050
-24166
-29403
-27053
11960
28147
27559
15422
-32393
-8865
6381
30730
-31502
-19403
18533
14473
-31661
29212
31331
9836
4055
-9238
22861
17121
-13763
-20197
5924
-3097
29982
5037
-18228
13634
-27334
8292
-935
-2322
-12714
28169
14174
24505
11089
14466
-5039
-16692
-13106
-21846
14335
-9840
2519
8806
26333
21882
-4108
20002
-1260
-1229
5946
-23584
-8769
-2348
-32168
-30318
-27785
-32261
3965
13761
-18661
-4440
-13193
25221
13924
18421
-9870
-25106
16960
19476
-27747
3520
31083
-24920
12439
23620
-1623
-18535
16009
32223
19852
28152
933
-3858
14298
20889
8389
31344
-11160
-11086
-7035
-8984
31875
-12327
-2967
-12558
-24543
19784
4552
-27567
-19396
-12697
18949
7189
19773
31189
9350
-7320
-19172
-979
1779
7089
8411
10871
31945
12747
-8687
24632
31438
28230
1869
3549
-9876
-12823
-5407
-22163
-22263
-20208
32550
16183
-15437
-24725
-32540
14136
-14944
16611
20665
4751
13958
-11316
-18092
-18649
-31577
-20960
-23340
26748
-19761
-10794
27358
13922
12788
18462
-1385
-31920
-12334
-28053
446
5740
-1609
-6242
-27096
-26458
30488
-11992
1512
20849
-15106
-27978
22920
-1327
12097
-5746
-1616
-23649
18848
-4869
31463
10316
1091
-26344
24948
10399
-7562
-14503
23640
-6738
-30560
-199
32304
11632
27398
-1513
-19599
-15430
-27799
-11780
-22564
-12104
-29297
21112
-13766
-15590
-15040
-31526
-24513
7503
-18071
28968
-29016
29367
19528
-17014
-16871
-17670
24011
25545
20021
-16111
7110
25798
5624
2389
-3513
-10379
31347
-19352
2674
-11640
20743
1251
-12495
13394
12156
12161
-3137
32520
-24260
14605
30257
18272
13142
-13133
7861
-24176
807
8399
-31118
32400
31577
15904
-524
32390
-2212
-20423
-27282
5745
22960
-19233
19550
28047
10168
-10335
17479
5017
19137
24613
-9527
15623
-8901
-1804
-30260
-13472
-21682
-5243
10038
17283
-921
-1823
12745
-29167
-3944
24519
10062
18333
3432
31040
-12638
-19915
-5655
4521
-27063
14014
-8254
-13745
14087
21423
-9652
-22233
-19685
-23648
-8273
30292
-31879
-30248
-28315
-27269
-20876
7361
-4343
-2020
28151
9126
9902
-14874
-4878
30437
31060
-27481
-29696
-21480
10846
15043
12997
19156
-10208
-24648
26321
27001
-1908
-29230
14959
10991
5358
6930
23282
-19959
18918
16618
23739
17303
-22942
-14636
29752
-18970
23570
23484
-19880
22002
-23081
19518
32151
-7266
-10464
-30618
25353
21508
18345
6501
5227
-28878
13522
-5795
8069
-546
29836
8650
4145
4140
9771
20934
-32046
11697
12087
10643
-23497
-12731
-25587
-5061
24790
-20748
1760
-5707
-1090
5400
-1684
4009
-9227
9546
-23784
15744
16155
4024
-2575
19607
-20036
-15604
18757
2755
-14171
30136
6021
30158
22424
2377
12864
-8460
-18944
-15124
12466
-11187
-12101
-4209
-29636
-1001
18173
-206
-31694
-15356
-11127
15499
23899
-15892
18424
-13967
-15410
-27788
14843
-6643
3663
22927
18640
-13147
-27984
12169
27581
18488
10398
31350
-23959
17886
-31748
7672
-187
-12753
-2025
-24075
-14530
-26047
-9308
-2722
29885
8646
12850
232
-7109
-5946
-29216
11875
-13372
13670
-31437
27718
-16951
8713
-9530
25860
5515
3401
-10936
-6408
-22413
-9396
4453
-25477
-21466
7249
-13524
-11939
28149
-7770
-27734
-5683
-4192
-8137
31181
-20352
-2239
15422
-12937
-12601
7212
18739
19166
-19422
4192
-16328
-3698
19840
-28677
8929
16125
-29246
-26517
9002
7820
-11362
11584
-18678
-21332
-16782
30432
31061
-8537
-9196
-18243
1886
15321
12929
-315
31820
-10773
-21295
15469
-4765
-24446
12129
-28794
-24322
-23170
21525
27053
28856
1743
29118
17036
-5082
8913
-15119
-11595
-26872
3820
5030
-9010
-1398
9047
-25453
18461
-2921
18124
-194
-22991
-11072
5785
-31349
21097
-15810
-23797
-10876
-7478
12663
6207
10303
-19361
-28033
23483
10329
-17338
-9111
15010
-25379
-7666
-15545
-21161
25615
30667
-15587
26433
25374
-9727
-29900
25051
28853
27340
12390
-27527
26678
-22307
-14490
-13737
32513
28990
24237
-5354
8467
-23546
-12727
-16882
-769
-23866
6132
2514
-5529
8013
2541
-10136
-21078
-1487
-5256
6408
-2448
11376
-5308
-9465
-16521
-8029
6121
-31787
-19470
-14437
21609
-7246
-21717
-12388
-23432
4182
-3019
4325
11800
-32294
4469
12415
-22913
5843
15257
26769
26869
30956
-19254
-2981
10494
31854
25571
17471
6023
-17458
-7804
9634
291
-15286
-18790
14539
-17853
31204
22666
-8557
-24039
-12350
16495
5275
6927
-3851
-7204
-27856
-25110
17985
17692
-11315
3412
-9905
-24607
30919
-25408
26633
-25902
30081
14731
19473
-14948
21228
11294
-11425
-30351
23886
-18967
12305
-24988
17573
-9824
15835
20237
25949
17309
-5536
16716
-12079
-21099
-14274
22943
-5420
-15008
-26414
-6395
7183
19771
-12844
-31506
-30670
32540
-1223
1848
13248
31895
-24612
-14136
-29789
-19457
-21608
5553
13639
12091
17808
-22545
2228
7228
28471
25363
-18942
-13588
-18642
-2907
-8000
13297
-29541
-32705
-10481
-30099
-625
-23400
-2449
3191
7429
10619
16396
9859
4589
-15784
-21742
-25710
-31789
-31245
18039
14097
9130
27309
-12674
10243
30288
-9352
-26776
-11020
-7020
-12052
7578
-8355
-32151
-9314
-23216
-27618
-31697
-25597
-18376
-5762
19341
28276
16705
-1838
-571
6794
-13161
-22852
-14622
18485
22173
16138
30140
-30332
23410
7786
25510
19502
-8301
-5541
-8894
16618
5307
20743
-23837
-6147
15920
-18960
19479
-3171
-11520
20326
4935
18679
23724
14738
22039
-20183
-15576
9036
22677
-29036
18616
15039
32474
-24245
7440
20862
13565
29014
-22857
1248
-20687
-5486
6513
-23954
-29729
32736
24839
-10109
-1647
-1641
23958
-1570
-27772
6598
3650
3980
2044
6640
-433
-8593
26663
1241
-28865
-12079
-29803
-15886
23551
29256
8822
-26407
19207
-8105
-2091
21018
-478
-30092
-6263
-12243
26539
805
-26929
11934
22010
-22059
24358
-649
-3417
4940
-29963
-17496
-31331
28780
26363
-16013
2014
10232
13745
-761
7355
-14057
-31273
-12674
23555
27576
-9159
18102
8992
-7026
30954
-32053
30135
19334
-17290
-23963
17885
-25604
-8760
-12599
-24017
-1073
-24316
30467
5422
-15519
-4770
-18291
4946
24306
13057
26790
22776
-9585
-14570
-4533
-27058
29375
74
-16878
15096
-21813
-9241
24910
5777
6537
25681
19420
-4000
-31240
-8075
-13859
-26140
-8886
-280
10823
-9531
30980
-11085
15493
-22184
24836
-22397
9073
-12646
-28613
-28370
-27799
-1540
-21108
-11720
11562
31504
-13774
4888
-7968
2553
-15763
-31969
-17471
-11897
-2110
-3553
14691
-4054
15338
-9587
25366
16899
-17404
-6023
13262
-16748
13016
9427
-18051
18733
-22311
12647
-453
12402
-17796
19435
-5523
11599
-28407
31584
19502
-11373
-5821
-8830
28891
-26409
20740
31459
5709
959
-9496
-30449
-3247
-7374
-9462
-11404
-24197
-16100
1989
14846
-15348
19595
3003
-11015
-32105
-27744
-13361
29540
16959
-10229
-30286
-2689
-10059
2460
10356
12877
-6921
-7436
6008
-4624
-13657
-11460
-17559
22444
-30908
30943
-26938
23196
6674
16048
-21551
19363
-3969
-17409
4488
14913
7908
-14972
-1814
14283
22941
16596
27316
-19848
17914
-7691
19902
-17932
-11506
-8859
-21789
-24083
12088
-28272
21831
13819
17173
9795
25564
24112
-20688
19090
29233
-18328
3434
-11456
24950
-26465
19222
-5037
-26932
17054
-30686
-24808
-7432
2427
-3508
2935
-25909
2439
21618
-9292
21338
31856
11236
-5458
-3202
-7879
17804
9192
4285
-11250
3755
-24649
-20270
-31915
1491
-5249
23817
10744
22573
-6469
8803
-16676
10442
-19869
14844
2060
-1517
10096
-4206
-9669
-27846
-27672
-11811
-6700
-15682
-26326
-9352
-7320
-14052
-7211
306
-5554
-8377
10863
17615
4026
24049
-7225
-25802
27131
-2387
2630
6277
2576
18576
12981
11464
8555
-26600
12598
15407
-7309
-22758
3720
-18497
15488
-20135
11572
-1769
22455
-1214
-28378
8555
-15336
9870
14830
-28152
31142
3738
-12357
-31119
-26992
-31095
175
21034
-30162
-2145
-8184
-14398
8319
3167
15631
28985
-15700
814
22733
-13694
-5835
-16481
1176
-209
3637
-25199
3167
24847
26241
-14483
29269
-31119
-13680
-28367
1390
9041
21650
-2163
-26612
32051
1974
-22558
-15177
29860
-19520
26007
-26194
-13992
-4156
-30162
-21601
-2128
-15869
20740
-11549
15645
2365
30813
9447
-3216
13114
-4952
-12557
25121
15948
3567
-25760
14830
-12792
28190
2907
-16704
22733
-27006
-371
-17826
30179
8595
3623
-6763
-18770
18118
-12996
16085
30664
-2275
-21463
20562
1716
9632
24867
22666
-28525
-20219
-13533
31070
-26459
6936
3312
13093
-4945
12530
-28067
16819
-5393
-25234
14433
21096
-27074
-2909
-16191
-18511
-4477
6269
-16337
-29813
-16907
-2042
-27151
-22441
-30395
19779
-9782
29121
2195
-16331
-10355
7756
23983
-28720
-17173
-29117
13452
19274
2628
5765
-29300
26744
718
-3914
8652
-7120
-24380
18800
-25906
-14458
11374
-30909
31966
22990
10944
5861
-31340
-21906
975
23796
18820
-1294
14153
27068
-14148
19390
27256
-6582
-14242
10119
13742
-15616
-4794
14987
727
-10576
23041
30260
24417
32614
-25305
27251
-27576
570
-28534
-12029
-24094
-4293
32272
-22152
2828
-3371
9552
-7394
-26367
-25742
26090
32177
19351
12402
-7556
23899
-4116
19492
-13423
31603
31786
14834
-9713
21303
-13717
-25330
12409
-28546
-26817
22753
-22391
-22157
30990
14513
-28067
1971
-1053
-26353
8561
-10722
-27093
-26458
-20200
-7900
2443
19057
-15352
-28022
13703
-26358
-5776
-20594
-13636
-20678
21136
-8191
6592
17475
-28264
25413
10263
-16299
-8299
-9126
23726
9106
-11101
-28543
-23807
27526
22582
-25923
-13414
2417
-18866
-28929
16034
12757
-14314
-9835
-25642
19906
16363
2949
5366
20244
32603
14120
31652
19998
23323
-21904
-8760
-10551
-23521
-1457
-16025
28635
5417
29536
3646
-15469
-12957
-11070
12953
2243
28705
23272
5135
-10965
-5408
-21139
-5631
-24236
27415
-19949
-15392
-10369
-2959
756
-23880
-15893
16889
1789
-19534
-26741
-16179
-6222
-7645
-8884
-20247
-19109
-16836
22771
28301
15742
21797
27107
4267
523
-27002
-3444
-20154
13619
294
-22965
-6946
28414
10082
30102
22926
-17712
-19519
-29289
-8066
-10273
18520
27782
-21512
-22615
-10075
9624
813
12493
5714
-8264
4689
29872
-59
24078
-8897
-21771
-27160
-29103
-3448
-8377
9839
18391
3962
28096
28587
-25803
-19973
1821
14281
30621
-12536
18524
647
-18268
-7848
29076
-21370
632
-29542
-11713
-32469
-24760
-20244
-17062
-2516
2151
23049
6198
21565
-1625
1434
-28819
-26939
-16740
-6950
255
13374
13159
-3905
13262
-19820
12736
9235
-30388
-15039
-22310
-5785
3979
3581
-10908
-28941
-5471
7549
1381
-17581
-23134
20003
-10476
-19861
1534
6004
31219
-2417
6734
-10073
11160
-31567
4133
9769
966
4854
2200
28215
11089
-23422
-13719
-18674
-16723
-19754
14288
8603
-22491
-8871
15596
-702
-6486
15463
-9375
14702
-29655
32274
3448
-22716
-10081
-16490
-12134
-26233
-27822
-5134
7979
25588
-29126
-13678
-14543
-27582
1592
1410
29035
-26440
12575
31781
-7695
13247
-20856
-27393
13334
13165
-24387
-19602
6077
22976
11459
-29847
26060
-29768
-17415
24457
-23203
31261
-7053
17108
13872
-23072
18483
-11620
-27902
7654
-31934
28118
8110
11220
-10590
-25595
-7623
29514
11828
8145
28619
-1747
27065
189
12846
14063
-11818
11222
9890
9701
-13006
-18218
-13500
8007
-28689
27876
1504
-13965
-3122
6932
6899
11913
11775
22820
10491
17007
9759
6091
-1059
26880
-8046
14821
-22006
-24106
-17098
567
-4983
-27397
30231
11113
-7028
-21782
13295
22684
2198
14900
-23815
16891
-23811
8186
-16959
23051
-11210
-7515
-10900
16113
-10303
-27041
-6469
18019
-22764
11915
9215
-8520
2067
29204
-1439
5996
-30731
-1806
-27187
16472
-13674
-31952
-29238
17001
1054
-27889
-26139
-1718
-19040
14339
20080
-11008
-11030
13459
22861
-3871
-6183
-17863
-8710
1221
30008
-10332
17478
22937
6869
29824
-2103
15389
-8833
19685
11680
-32461
24910
-16751
13017
28371
-5783
23944
-31271
12413
-385
-31645
7696
440
8301
30811
-31514
22064
22816
30458
23891
25582
32316
17267
26714
15558
15176
676
-28500
27914
17304
-31647
4112
-31196
133
18464
22680
22167
9480
-6392
10252
6739
7840
24981
22694
31896
-11297
1360
32606
-16599
4788
5768
28047
3000
-8967
18055
-23764
-6259
24620
17099
18487
17565
-16466
21652
-13940
7152
7883
-6257
28204
-15017
26847
29926
25552
21555
-19036
-30206
27540
-25038
3760
-6223
22563
13496
-29881
21447
23126
22561
15032
3291
29487
27181
-31649
14879
28915
-7459
8050
-542
23171
21013
-11743
24364
5493
23927
-16921
2
3584
-30820
8424
12411
-9090
167
31784
-28174
30047
31165
24732
8934
12540
16478
-5993
2036
-4110
-11741
20780
-27927
32159
-29284
-9092
3751
-1100
-20198
17700
-23101
24635
24270
-24306
13569
-28374
26472
-13036
-7457
4466
31358
31339
25198
3679
24459
26973
-13179
-14152
31167
28316
-23174
4116
28709
13545
1875
-27686
17361
9331
-5292
7427
-20614
-4992
20217
4899
-18706
-21802
30688
12567
-13273
-9071
-18275
19798
27087
13984
21445
21590
-8259
6736
15520
-20655
27274
-1929
-21523
1452
-25760
32750
-8444
27263
4683
15030
22744
-1401
-28844
-4917
-27925
29599
2560
-876
16092
10186
-20035
14604
13361
5476
10099
-15982
6119
-24106
10038
9603
-6869
-384
-22435
11079
-3961
29632
-11753
-19167
-15838
13068
-14171
11192
185
28719
12011
-27161
12882
752
9401
-5785
2443
3185
-11004
-26901
11415
7548
-5787
-15477
-17563
-1617
-19048
-19955
7655
23874
6634
585
21654
-14452
-25492
15907
-10252
-19886
-14864
5367
-6892
5775
11662
-10952
-22300
23400
-8596
-6617
-8123
-18479
-6501
-9621
-16082
10185
-10819
-6460
636
-30565
-9417
-16005
-24612
4296
-17389
-16772
-14109
-13399
13693
7989
-16909
1031
9993
-14452
25196
95
-10217
18869
-770
5318
31000
4788
13448
25931
2456
21621
9653
-23770
911
-13084
-4960
-3343
32089
-16980
-9200
28348
15218
30378
31047
-13661
32061
-26187
7518
11629
14081
-26706
26308
-14980
-18219
-10428
-8577
-16861
4340
-32228
-13949
3059
-15125
5811
4993
-23865
27636
21546
-606
-5485
-143
-10206
-27208
-8123
18897
-10009
-10872
15049
7879
-10868
31432
1607
-28259
27460
24583
-28479
-5359
-1774
23990
-19498
-15982
7655
-23742
10134
3498
-20623
-382
-25507
-24017
-11313
-21676
30083
-19061
-5623
-4778
26767
14066
-11311
20819
-2314
23120
31264
-16772
28387
-7323
16159
-31303
-8603
1061
-29951
10710
18470
16025
-15397
17265
26202
-17574
7072
13023
19666
28077
16304
5523
25935
-103
24601
27334
26724
5833
-12897
-7940
-14338
-14224
20364
-3204
9529
-3836
4003
3063
-31510
3635
22416
-19637
3508
21878
32247
29574
12806
-32539
-21192
-24556
22853
16099
-14907
14074
-14381
17531
30614
11018
-22892
-17176
1603
-11876
29636
9238
-32435
-29359
-1970
-8733
10947
3301
17696
-25662
26567
7486
18805
-4401
-28562
31547
16952
-23030
22734
-32126
15781
-29934
10706
-20953
3797
-29272
-14223
25484
-17884
14333
17808
-21521
2988
7420
24326
-4225
-18943
4844
18078
-14038
-28712
-2327
-29609
-20467
17251
19038
5123
14632
-14280
25502
26656
-22824
26875
-21777
7662
6464
23138
-27092
24743
16616
-24901
-2413
-30135
-14970
-7446
-19073
30773
8445
8830
-19749
20947
25303
32368
29024
-838
-297
-13752
23814
-30725
-21263
7269
-23263
-24062
11204
-29018
-21836
-6152
20529
-6996
6882
24205
21278
20065
-20732
-22369
9078
-2405
20555
-7502
28521
-252
-21441
8791
-18735
17113
-3533
-12440
-27580
-3015
-19226
7760
19368
-19843
32251
-23163
7722
19894
-14346
-9102
23204
29212
21603
11696
3383
25431
-18925
17128
-2497
-5021
-31552
9785
-30270
4451
122
1566
30091
-24183
-223
27702
6613
-5562
-11963
14835
-15345
5771
-9329
-7852
-6249
-28630
-13526
-6308
-5095
-32034
21426
10315
-4542
27724
8139
-24627
28876
-14638
-22471
3934
12745
12305
-8604
21541
-8799
15571
3405
25929
-15464
-7327
2334
-32683
-25323
-13185
22663
10384
-15243
4245
-20988
16605
6326
-996
-11521
3354
15708
-17619
-26691
16064
13773
-29416
-1956
4071
-17434
8590
17440
-29312
25211
6234
12326
14441
-15766
-23778
32129
-23653
27553
-5057
14551
-20412
17265
-26534
-31450
5187
-14024
30172
28060
-23620
4520
31817
20458
-16027
26075
-27715
21448
11861
-25655
-12859
-7958
-3077
26905
11412
31100
13997
-2618
9882
1515
-19087
14902
-21255
-14745
-32235
12161
25023
23212
-22498
29527
-24525
18252
-18595
-19271
-10681
1597
20355
10623
-13299
3227
22847
-7939
-30722
-25872
23433
-2475
28281
-3774
-28750
9971
-4623
7335
-23280
-23026
2255
-25054
30900
-9508
24322
-20610
-20863
22269
22290
-20630
-29052
30396
5442
32122
7076
29406
21586
10684
11836
29651
25619
32716
-1780
-22607
12451
11849
-29234
-3992
8698
-10179
17343
10856
-19250
-934
8942
15614
21318
26743
5837
11166
-12112
-30323
17264
19034
-3582
2404
-31157
-5986
28150
-22618
17574
-8800
-1325
32577
31022
-9031
-5481
2416
-5042
-9525
11015
23703
-9828
-9772
4038
-21522
10156
21924
19906
23531
4685
4791
-8568
-26593
14135
-3165
-27889
-23579
-2114
-18944
-12052
13722
-10995
-32535
31547
-29640
-27626
21549
-18013
13595
-29908
-10787
27868
-7698
-32328
32109
28577
-32457
9039
-22891
30440
30551
-12997
23764
-24180
-32480
14666
20000
1812
16843
14577
22605
-19293
-2495
-17796
-4629
-15711
10029
2949
6390
19468
32667
1817
-2104
19997
-31973
23488
-8121
-17967
24839
-1405
-3755
-1097
-10982
-25876
-27762
-572
-23926
-24089
-17094
8244
-947
22251
-12521
9307
-6306
19993
12058
31128
-21867
7152
27851
-1045
26893
3217
22845
29949
10198
-19526
393
-2975
28400
-26271
-14486
-19884
31217
-18801
-28978
-850
8914
-11023
4245
-23036
17101
6198
-9155
-9545
3352
-21156
6669
-16713
29904
-19491
-29296
-10113
6063
15300
-28538
-21248
-23014
10442
-16797
15076
2252
-13790
-21732
-4207
571
25226
-20889
-16699
8396
-15758
-22248
20244
9051
8336
32357
16229
-31321
-21918
-23092
27704
-31786
20978
14559
27206
25669
5593
-12451
-16311
-13422
-7821
-25186
92
-17385
-27011
-13645
-30407
-31396
4701
-17229
-11179
-27971
-12406
2173
-27121
-24913
-1898
-24108
-31434
-30649
-12543
31838
24047
11200
5287
-31488
-20918
10958
7910
7044
19158
6688
10940
19194
27179
28254
-29365
7752
20910
-31544
-965
-20746
-25376
18945
-11756
30497
13606
3875
-12330
-19350
114
21532
29103
9352
-26773
13556
6996
-4381
-28059
9149
-32088
7087
22236
-29926
-25648
-27709
-31273
26238
30547
24890
32396
-5282
8961
13446
20296
-24756
-18707
-19242
-18852
251
-18369
6527
-18323
4459
-24968
12450
-951
-1302
-4785
28297
17791
17365
11890
-7744
23987
-26665
-32038
20403
10099
-20590
3259
-22729
-24957
-30563
-6858
17031
-988
-3855
30173
-16484
-11112
3215
13114
-11608
-16113
25025
-14669
-3551
-25748
9709
-11984
-20498
19108
20028
23315
28274
-704
23210
-27105
-3925
-15413
-22667
32403
-19111
-13764
-16101
18884
-6942
-20239
26973
-18299
-10928
32510
-16574
21166
4110
-10205
-21576
-21063
23093
9273
9030
14999
720
-4431
-25999
1448
-23711
31134
-25452
-26084
4019
15347
-22389
3443
-10938
4859
2203
13367
-1179
-28369
-20631
-19324
-16824
9966
-26122
31566
29221
109
2587
-26478
-12011
-28185
20314
7496
13160
-25412
-2538
17513
-17006
-17377
-30081
-8821
2265
-11225
-14687
-16859
11509
356
-21925
-7230
20279
5971
-21510
19881
26609
2867
-24358
-28809
5827
11165
19632
27061
31422
13402
-3714
2493
32380
9571
-3822
15270
-21858
-6158
-31693
17412
-18551
9357
23402
19564
18307
-13969
-2615
8857
-9501
17677
6089
24541
-15032
-13608
-23773
-26226
-24240
-19178
-29649
-29165
-17256
-14241
903
32486
-11964
31219
-26993
654
-8538
-21996
-6191
4155
-6610
-29113
-371
28766
18167
11568
9494
26895
-18799
-3383
24407
-14997
24272
265
-24512
31568
-25054
-31052
-7008
20705
21657
-26737
22220
-13538
-21679
-26750
-14641
-19394
29287
-8067
14303
-18536
21129
9223
23369
-10140
-6743
-3935
12233
2477
-12168
12222
-1104
-15589
20800
-7438
-18055
19244
-24483
29015
-6473
22112
-17612
-4165
21041
-24024
3022
21220
2076
-13801
2833
-4910
22765
12938
-26937
-20324
25414
8215
1093
-4327
-4072
20454
9062
17567
23982
-5680
-6233
-26586
-22215
-6372
2569
14998
23760
-17523
-28780
30970
14031
31198
16516
11424
881
16602
-19785
6600
-22463
-17600
-4698
-17742
-7207
-8911
-15114
4788
26760
29427
3161
9486
-1271
-23756
31627
30229
-13463
22860
-31519
-18383
-21124
2053
-1519
30064
32694
-238
-11718
-28374
-11928
-7688
-5699
-13380
2424
31308
-4505
-23995
10197
-15430
-9367
-15508
-23715
-3695
-14457
21102
-9665
27451
-23528
-25010
5807
6534
-26542
-21724
3999
19448
-5015
-13630
-24283
11531
280
-10684
1085
-30457
6483
-14234
21897
22985
17601
-15431
-3223
3900
-28207
23895
-2577
21136
2561
8852
19168
14893
-12545
10274
13400
-13954
-31795
24052
-12858
-9494
15119
23221
-14312
6550
13910
-24071
1341
-19643
6071
-12350
-25489
8739
5836
-31842
-17952
-27893
-6684
-4430
-3471
-9864
-27156
-11184
-4932
-25866
24456
31581
3617
-1644
15766
10014
-23159
-27607
30242
3940
-14393
-1922
29167
24728
1767
12724
526
26759
-30992
-4431
-9615
5416
-22688
30870
-8492
-26104
-28746
13042
-7975
24055
-6714
5818
2435
-2445
-1424
6504
-6552
-6058
-5179
5926
-12313
-410
12389
16505
-25954
-27246
-26545
-31965
32718
-26356
15217
5802
-22649
-850
-3886
-7723
7606
-4778
-10609
6158
-10189
-21572
-29256
23157
26153
-19642
16311
914
-20765
-28955
9380
-31904
27102
-9564
2844
19153
10785
-5924
14822
-18934
24814
-29446
32295
27509
-27637
-29142
-2922
-5940
-26654
-17193
27212
29767
-31239
28277
-22207
-32510
-7358
-17130
10815
-22821
-26885
21139
8705
-4412
30828
-26901
-873
10460
-7066
-32559
27957
-1641
5526
-5298
-26875
14575
17482
3994
6137
-20015
-24809
-15109
-8521
16
-20988
2781
2722
-1859
-1058
1280
15690
3880
6100
21978
-16931
6668
-841
9940
-22536
-32591
-11987
6121
8149
-27190
-12711
9738
-1074
-21756
14231
1418
-4247
-20988
-18211
10054
-3169
12544
-3550
15724
-13535
-5282
14593
12850
20200
-2265
-5081
-19247
-23971
-13357
-13981
21962
5081
4305
-2539
-8599
23590
-31311
-5017
6337
2049
-16368
29572
15366
1913
-29232
-28561
-31429
15940
-17939
-22776
-19828
15814
5898
2540
-27032
-842
-4396
-10648
-25546
-2507
-12191
8120
-31279
20607
-2369
578
-16748
10968
8931
-18179
10574
-20479
12640
20026
-11502
-16030
-27174
24669
11479
-3732
21433
-13239
138
-11741
-24276
-20727
29340
20034
11020
3733
7096
27865
27631
-6100
9691
20797
25325
8830
-27941
22931
24791
-268
20544
-848
-16683
20168
-1745
-20551
-19279
7749
9645
-15584
11086
19077
3636
18833
31479
31816
12778
-25575
29246
28267
-6330
11807
2011
-7
18433
-24432
27493
14863
-31497
-460
4209
27708
-17961
22278
31599
-28115
15279
5276
-25842
8181
-25662
-29241
9834
18390
17786
15828
31502
-18891
-20255
1881
-31784
-11279
-31397
-32164
22419
-21173
-13304
25754
2543
-18840
13046
-9000
23183
-23018
-2359
-28577
-2249
16931
-16884
-22273
13166
12989
20682
11923
8185
-7743
-29773
-7685
-24643
4304
15893
-20487
16545
-23895
11247
6316
6170
24118
-23759
-14966
4841
-28513
-18682
-11601
-18162
-20175
-20178
3881
-8236
9290
-24230
15636
15167
9913
-18461
7831
408
-4507
2629
-30587
-5840
29086
31876
-23592
8625
-18385
3451
-25276
4203
-29638
13334
-1683
-27735
-16435
15500
-10918
11516
16230
-2137
28678
-27935
-22115
-22220
20767
31973
-7744
-19533
-21109
-29639
-3050
3821
-20570
-20298
-7860
-10863
-21297
18538
19594
18363
-31391
-27054
-22856
3299
29473
6702
1215
-8922
-30477
-4307
7189
7485
28021
8583
-24030
-6196
-964
-22793
20720
15005
-4398
16489
13466
-24753
-27923
31646
-31728
-25588
1595
6530
-20397
-22156
19727
-1063
-7935
-13438
29047
-26433
2334
-17323
-28051
-12353
-22416
-27316
-15239
-22378
-26252
-29841
-13363
11620
-12029
-542
-1917
31697
-10237
-10832
-3385
23892
23023
-16696
12495
-25518
30764
15099
22219
8991
24193
-5859
31125
25750
29676
-20452
-2713
1203
3877
-23081
8766
26315
-6785
28309
9592
25364
-6141
5072
-15661
-28367
17262
12893
20723
-4451
7290
32038
27571
-10693
-28126
-27732
-7732
25008
-32593
16682
-28984
-2385
-21434
-19383
8314
-9634
17187
11342
-29365
15944
23022
-31032
31935
-28714
-25366
2563
22164
-11512
7524
5987
-12810
13542
24912
21654
-19060
-32760
14594
7730
-31824
-14869
20721
669
-23902
21485
-12196
-20553
-27982
-29815
-14347
25202
-19880
18930
-23825
19966
3556
32610
-10458
28775
-12039
15263
-17264
-12195
5559
-186
-28625
10539
-27624
-19922
7663
-9408
10598
-30197
28566
-12998
-24876
-11640
-25337
13947
-15374
1915
26064
12223
-21584
-27205
17477
-22631
-7511
19311
77
7699
-8776
-12075
17812
-1042
5900
23021
3784
-26193
-18600
-19784
-25141
22089
17214
-15799
-13034
-7969
-27146
23126
31265
12924
3835
-1117
2335
-31659
-8675
-9157
19638
-23116
-15322
22657
-9583
29969
32686
32020
-15425
6504
-18328
-150
-4572
28245
21321
-396
-5023
-11584
-18667
-21333
16499
-31076
1706
14759
-9702
-18126
-25794
-15367
-12935
-32572
-27856
-21014
18977
17948
4875
15588
-9920
-30
-16889
27389
-11158
-29006
30385
-1727
7586
-15021
-2850
23262
10754
14036
-30248
-29851
-27697
-20524
29866
-19005
-2021
31222
-6002
22514
-30381
18246
30559
4409
31340
11375
-11453
11126
19595
32699
-14063
-31274
17022
15387
29566
-5575
18266
9048
15504
-16547
3753
-1609
11678
-23236
-27643
23593
23986
1495
-6786
22165
26888
28816
3269
9000
-15732
24870
139
-13277
-7024
-16659
3782
-26196
11096
21120
-23547
10313
16450
-15728
13601
11554
2322
-14762
-27623
2094
28699
-16154
-14408
31841
28640
-26329
-6277
-18928
6888
9871
-9746
-5688
26529
-30425
8539
-31212
22153
15631
23865
-13836
494
-6024
26574
-5828
10141
29096
26249
18799
16585
3763
-11855
-27697
2004
24570
-16575
23214
-11234
-5969
-30726
-16655
23233
-19451
-4503
28742
-28943
11937
-22027
10542
-24551
-2746
20155
7987
-19982
-29921
18385
-4229
-10240
432
111
24603
1734
-2116
12288
29792
7664
-14521
-12193
31671
24602
-18746
-26404
11014
-19817
-24128
-14541
-20414
-29840
10186
-5699
12220
12720
29711
32235
-15999
10211
19383
5242
-21706
24475
-1191
-14048
-15910
29173
10398
-24458
-27299
18557
-6001
-32270
-129
23073
10300
2143
31239
24693
-10531
-25062
-9030
-32105
-10848
-9533
30469
23343
23677
-30297
-26246
-22164
24329
-12420
24641
-7984
-1035
-24822
-29444
-18906
-11035
-1904
-18987
3102
-5857
-30827
-8470
23559
17337
-8599
1062
-27903
-5658
31146
21145
-16381
17280
-10649
13365
869
10975
-32542
24377
21360
9850
-5678
20391
14198
-31821
19947
-18975
14867
-29456
-15323
-12159
16257
19871
20988
-5412
-15518
-30370
26437
9503
-15603
-12475
26703
-12093
27537
23603
30132
-17530
18326
-25238
-30112
30604
-8948
12025
5091
-18721
10970
29923
10705
3111
-7919
-18554
20110
-24770
-17679
-11319
-26795
-2309
-10669
568
26250
26991
-29047
15551
23894
-22033
1832
8132
22478
-25252
14957
-18705
-18730
13016
8403
-18315
18797
-18231
-19133
-454
30834
-5396
24430
-12443
28231
-28339
27505
-16374
-27774
-20025
-22254
25878
-17009
-32232
-126
3615
-30821
-8471
-16377
-23679
-6233
31270
-28547
-5825
-32355
-24732
23783
-8320
14431
3687
32133
4506
20037
-22771
-7539
25446
16927
23555
-5704
-579
20116
10552
8732
30915
9921
20477
-11936
-28678
-7455
19837
-28219
-24750
-4886
7907
21381
4678
20149
7984
11762
27431
32287
-28293
-9348
361
-1960
-21018
-26078
27580
-8648
20018
25360
-1022
7928
-31869
-11801
-3110
13073
14498
27737
-8242
-15284
11419
-27777
-11271
2905
-20288
-8367
-18838
-12554
26144
30020
23995
-24619
-28470
-12525
9818
-4134
3625
14230
8074
-21539
-16480
-11113
29836
-3126
9493
7439
28025
-14972
-32022
10687
24124
-22221
21278
-19871
-28164
-22692
-12135
-29305
20602
-9538
17178
-5056
-28984
-23889
-17938
-20216
28960
3242
17203
-15286
-26982
12427
-18365
-1696
31146
-8551
-7653
19266
-7098
15577
847
-3371
25424
-3566
-25248
-32158
-7780
32164
10130
16811
-19223
-17837
-16928
18435
-11632
-3327
7462
17779
-8746
4302
10258
5716
-24135
-32467
4937
7924
-10880
-9013
13963
23503
-16316
28561
-27845
18408
-22667
-1901
-27179
-15778
-9453
2930
-6966
23803
903
14054
-15404
32114
-18522
18566
-8528
-17903
20464
29027
-838
14551
-1468
20837
-25349
-21497
7257
-14034
-15911
-4619
-14170
-26184
-5283
19201
-6058
31173
12930
-14651
-19396
-6553
16469
7829
-4712
20669
9358
13162
-28484
28942
25761
-31263
8819
-29992
1443
-20125
-21702
11672
-195
3633
14736
11287
11101
-7039
-15639
29503
-29143
-25450
13340
-24209
4377
6756
29869
-10814
11995
4075
30181
2962
-30477
-30931
1733
7100
-13096
19119
-24002
-18485
-12131
25478
25126
-27571
-6085
-7714
-28748
7922
28545
32575
23857
-22026
2350
28249
-14518
-15780
9491
-20210
-13535
-20642
10377
13939
24560
12611
-5070
31956
-1076
-26876
-17169
9794
6108
472
-18315
-24723
-29467
-18400
-23176
26644
-5419
4960
-4354
-1438
17260
21597
-12865
-14092
-29268
-13712
27400
-1516
12145
9090
-21849
-20484
-23392
-12191
30136
-24699
22238
24346
11128
-16760
-8481
9738
30670
-30436
16213
14251
-6267
-20946
24791
-15116
24244
-240
22074
13602
-1758
-1094
-1255
-13520
16730
28884
10452
-23964
-32291
-5772
-15985
-9760
-5685
-1119
26911
6293
-2028
22005
15830
-23282
1033
-25334
29816
-30218
-11410
22909
19181
-22482
-20133
-3788
19375
31356
-32661
-9958
8692
-17346
-14729
-13295
7324
25886
8589
-19424
30304
23924
-10265
-9130
14509
8794
4818
12433
10309
26689
-12096
-2159
-17397
19578
-14970
17642
-25165
29271
-17807
16872
-19719
-549
-29555
21562
20390
-6282
-3053
20716
-3430
-6845
-29542
25663
-21049
-27606
27170
-12708
-2549
-31634
-2541
24680
-294
-4533
3662
21903
2504
-9119
-22880
-21787
27628
-28628
-725
26288
-28831
17094
-28108
10665
25145
2634
12422
6208
-30176
-23652
27040
8891
18667
-23381
15971
-26140
8522
-16368
9604
10538
536
-11134
1161
-31445
29248
-30092
-23671
-15963
25578
4669
20651
11915
-25089
-4028
1009
-30469
-32465
5961
-25604
-2616
-15207
-24401
23402
-30612
30475
-15060
-6463
24701
-9505
-29438
23642
-27730
4556
-10160
-20572
-30026
27576
-2503
19554
8576
19491
5008
-32061
437
18030
15127
21171
-1527
-26250
30063
29105
655
8870
-10516
-2026
-6155
-27598
-29148
-14699
30760
29946
19927
26606
30516
16675
30922
-26429
13057
19110
20540
-10065
20378
-29319
-27068
-26947
-21374
4217
-32706
-27889
-9755
-5686
-20063
14603
3120
-10988
21743
15762
4383
-24475
-10407
-16776
-8990
-14719
29741
24547
3399
1355
20312
17736
-24104
-18123
-24769
3313
-17115
-29645
10260
-21419
589
-5481
-7824
-10338
-11192
-30534
-19649
-9815
-30247
12645
-453
-19342
-25996
17321
-1939
11755
-28383
13162
3772
22450
27971
-118
30749
-29961
22952
14553
24135
-6867
30337
1869
17373
-13712
-14072
-11312
9555
-22242
19733
-20513
16552
28331
19319
-31669
3610
21914
-24115
-25296
-906
24293
31492
-27593
11301
-23215
8734
-5437
-30875
26327
-27784
19448
-7575
-13986
-24123
5426
-12442
-10681
30781
20735
11934
13818
-20203
22823
31995
-28217
4946
19186
13865
27110
2218
20027
-14574
-31158
-31586
13358
-20125
-3782
15276
-1380
26450
8474
11268
-16551
9896
-1049
28430
5405
-26259
23913
-29216
-20381
-4744
15492
-168
13864
-16922
32258
21372
-28551
-8898
-31499
-9164
-25419
19988
14617
9780
31681
30215
-8339
-1947
-23063
-24015
-17464
3461
-27782
28664
28449
-5354
14611
-24010
-12343
-8595
-7129
-23871
-22539
-5454
-28295
-16004
-31779
-9744
-12849
-11544
27423
-13807
-13040
20702
13462
12620
-24527
-20148
3889
-25646
1475
9595
20244
9563
8476
32261
10109
17297
-21917
18892
5344
-25327
-6530
23123
27168
31836
24559
-20668
13455
-31414
-424
10858
-17714
31686
518
3205
-28872
26832
27365
-17812
-23057
-4048
9196
26812
-15618
18746
28380
-4246
-32252
30085
5514
20297
-30900
-3363
-23214
-11746
4387
-18326
-22166
32520
19260
601
30866
-4907
-24852
-13178
-5448
-18565
23728
8597
26662
28889
-12073
-14444
24170
16166
23479
-9638
-26334
4986
-16136
17855
-7708
-30790
-5919
-12311
-20379
-16519
-23392
-26015
26540
-25820
32767
22272
11118
2701
24246
19728
-34
7688
15294
7832
-1125
3857
-2598
24221
8986
29312
-22459
11073
-16250
-3168
-20209
27937
-14958
13039
-22306
13670
12595
16430
-18805
-3889
-5166
25891
15746
-30437
-22700
-8549
-25061
-12102
-15473
-15004
-4397
-3479
23422
-31639
23570
-31300
-31644
22545
-8524
21520
32172
16272
22427
13641
-1224
-4808
19092
25136
12360
27762
-29756
18406
-26250
27503
30221
879
23261
2050
-2032
-17420
3978
-5123
-20696
-28524
29956
13739
1281
-26806
26364
3442
-1210
23335
6783
-30549
7483
-28300
-27777
-12807
3301
-20192
-22742
26756
-12560
14881
-4356
14434
-2456
30838
-12563
24102
-29387
-4521
4169
27186
-14248
-10362
-31666
-21477
13918
-1029
777
14020
24540
-24760
-24852
-18810
-2868
-20262
-19113
6207
26687
-23329
-27010
23219
27161
-17326
23660
13219
-11121
-19830
-3129
-22250
25879
-19057
-15864
-4346
10783
-31021
-8519
20499
9892
-4124
29222
-11155
-1869
-23075
-29124
-10093
20373
-2694
22196
24832
28802
7361
-31991
-7228
27446
-28133
-13918
-14853
-2827
2772
-22368
-31879
25048
-21835
-25608
3529
-3223
-4292
-22511
21332
30323
-19088
2614
-7527
-10909
18162
5937
25058
15035
19163
-23517
24128
-28372
-23191
28688
-28956
676
-14164
31674
17945
-6902
19080
-31177
12417
-23999
27604
-10206
-24648
-7471
18801
-3890
-24622
15051
10951
23780
22912
-8493
13833
27630
18476
20123
19259
-7080
-28962
-27990
6543
-11696
-5328
-25830
18416
-23181
-14314
5525
-22194
16641
3266
16681
5320
5915
-27160
-11695
-6864
-9594
22292
-26261
3944
5572
-10918
-17156
6726
-347
12884
1777
-22095
-30401
349
-16811
-11031
-8557
-23527
-12722
16399
3203
-8903
-3852
4060
-5144
-31955
-3635
10128
-11349
5453
-27783
-8
-29695
-11752
30498
11558
-12525
-422
-10134
938
21741
-15982
-21529
-28754
11508
-10396
-9097
-347
4180
3637
-21615
435
25199
-16801
12523
29275
2674
29832
31179
3713
21949
22468
12126
-31863
7653
21826
-24582
8897
31989
-8764
-25398
-20981
16094
-9782
3009
5863
-14444
15978
10214
23990
23510
-1470
4964
255
-14274
3487
-132
-16351
-13944
12785
7199
-23233
-10747
-30163
27039
180
-468
22135
19761
15830
11534
10009
-27256
22089
1342
-11451
-13961
-1585
4480
23107
5668
17317
22638
7339
23315
-32654
-14564
21577
11706
-9931
-15361
7032
14568
-437
-4498
27719
18377
24445
-15007
-29998
-24159
3371
336
-27050
-31559
3111
12561
-32218
17293
-9116
27809
-11279
14171
-20552
23729
26517
15146
25788
-12826
19170
24109
21303
3691
-21114
15418
-31882
-10789
22749
24710
-7456
-19075
-5067
-32555
2868
-5925
21479
25182
5715
14776
26653
27351
24672
30424
-8869
-30996
22198
-13056
-8486
13835
14830
-10232
27570
2619
-6502
-29077
-27002
12940
-32570
14640
574
24715
-6941
-4367
15457
-21152
-22526
-5296
-16638
-28994
-22862
-11039
-12143
-18555
20110
22846
-29955
-8278
-29611
-2547
-10641
28215
1361
-20642
-14199
4019
20979
-19745
3026
31971
15297
2183
-16336
-116
24092
3899
15312
-18301
-28847
-6966
-9477
8971
16004
-9764
16324
-18546
-23412
-19350
13426
22900
29423
-2978
8959
13562
13143
30899
28893
-17706
-10816
6363
-31225
22157
-9458
28021
-30841
-29970
-4690
26288
-15007
20690
-26987
136
27171
2652
-31613
-26583
-7878
11148
-332
9808
25048
-18251
-24740
3305
-17629
-16962
-22508
-10411
7291
-4826
3219
-12483
-11183
3772
-7758
16815
-2840
-23853
-1551
22927
-19248
-3491
-25229
-9114
4257
18441
4242
22021
-20179
26409
772
4807
3220
19772
15317
30338
-2227
-18371
-2689
1717
16288
9623
18734
-807
-7473
-13450
27979
30600
19213
597
23185
-1007
23804
30086
-6774
-19287
-18365
15712
18722
-11558
-3821
2470
-7046
-2858
18652
16038
-18476
-8038
-28185
-28326
11124
16011
-6177
-4552
17490
24988
15524
14160
17850
-19995
-9958
-16908
-26106
-12363
-16782
1248
25905
-9850
5586
-30369
1861
32735
-11000
19176
559
-12145
-21630
-2633
-18298
-32432
-21162
-30193
3991
-8710
-10043
17280
-9625
14125
933
6894
3214
24378
-29840
-10294
-11171
8383
-3474
-31873
32217
8589
-1504
25980
22933
-4394
20584
14522
-8609
-15829
20238
-31395
-17315
-11153
-12621
11313
-21164
2063
-21997
-2608
-9569
-26862
-9494
-27889
29157
-15718
-17629
-25666
-24104
-10955
-31513
2608
3224
25407
10249
-19374
32380
15203
-2386
14918
-11547
14620
-31691
6149
11313
16724
13015
-23344
18045
-20205
-26842
-15641
-708
12469
29772
14331
-27247
4687
26295
18272
-16554
-4437
5751
-27727
3019
8421
24184
-25310
-10638
-4048
23020
30408
-15009
-24355
22390
-4237
22018
13100
-30547
31546
1080
-2810
19627
-24653
-20269
-29867
17859
-1029
30985
10416
22653
30383
-22714
-18785
8394
-2445
10352
11340
-5301
-23804
32647
5918
-13335
-28819
-20283
-18608
-6470
-26525
-11480
13164
23741
-12394
2170
-20978
24287
-29942
24020
-31794
-30220
16238
-6235
25638
5057
-14121
-3676
21386
23621
-31831
-5139
10540
-28647
32038
28083
-10313
-28094
-29772
10234
25009
27823
14834
-28657
16675
-12598
-19409
14435
-28568
9018
-10104
-15469
8547
-4582
15450
-17554
7085
23260
3074
-17640
-21584
7099
26329
-20613
-10112
401
103
25113
5698
30652
6400
32370
8032
25574
-10178
31679
-7656
-30910
4318
22
15365
-23687
25496
-21983
7132
1216
-18119
-20676
6289
32277
32121
30116
-20606
25279
-25494
-26590
29496
-10200
18362
16737
-6950
-17665
7114
14533
6720
-13148
-19792
26057
31161
-13155
190
31278
-7553
-6821
1692
30634
9477
-8949
31992
-13881
-15390
32639
23329
10366
2127
32259
16764
-10531
-13286
-14178
-30794
-25374
-13823
30484
24363
16244
-26205
-12453
-19384
23162
-31190
21638
-15992
-16927
15875
-29188
-7068
-16175
-1611
-8802
7388
-17650
-26699
-18238
1345
1370
-15524
1361
-18082
-13019
3795
2473
25721
3030
-20254
345
17492
-7267
-28384
24426
22372
16759
-10017
6534
30802
-27932
412
-14236
2953
-13579
24872
-19832
32199
3978
19965
-30748
-25866
-4216
22077
1315
15170
-30554
10040
-14976
16619
4283
4623
-19801
-3124
-19692
-19037
1027
-30968
-6452
10366
-28081
22967
18654
-17242
4688
-14160
-27715
17864
11257
-25943
-27233
13900
-3073
-23272
5644
13743
5376
-25750
10220
23988
-12330
23146
14894
23295
-13814
3350
-26785
-30471
23855
-23055
-18889
-28959
-29531
-24528
9036
26773
-32012
19384
-1415
20330
-24252
32019
-26690
-15680
-13003
-19753
2000
28667
-17631
6590
1116
-737
-31043
-8542
3093
-14563
23113
27686
-13871
-25
-9210
14521
-32161
5011
31427
-1979
31201
-11125
-18805
-1329
-5818
25987
5547
-15551
-22698
-5477
6003
-3086
6939
25328
-4487
-9662
-31452
9283
16728
22228
-23272
-32756
4355
7266
-16096
30154
23961
989
29424
-6567
-10150
-14938
1250
-13007
30422
16216
9128
-18259
32602
1320
13632
23866
-26636
-12078
-8811
4830
28306
10105
-21104
-26561
1855
-16447
-28529
-6398
-6642
-17329
-19861
29694
2584
32402
12121
-20600
-10051
10142
13224
-20339
32066
17834
5601
-11949
-18442
19090
32305
-17552
3498
-7311
-4838
-26468
-27882
7651
-21693
11654
19770
-24620
-11574
-25321
12927
-7429
1915
14288
15259
-20847
-8967
21639
-22648
-6483
10342
4169
18482
-16228
-10842
3266
-12503
13908
8185
-20543
-26449
-6886
-22900
-25362
15874
21500
-28584
-8906
-30985
-13136
7349
26388
13067
9380
-8352
32358
-8347
31335
-27539
10803
-28456
-31977
-28221
-13485
30018
31674
6681
-3406
20297
-2228
-4547
-23981
5072
25299
-18319
18796
-20279
-2733
-4418
23666
-5212
24382
24433
-5278
-26354
25457
-31718
-32242
-27257
-18358
-7838
11674
20285
-22703
4762
-6525
-29587
-7165
-23864
-4105
-21982
1500
-14980
-30507
-9436
-8833
32485
8516
-32237
-22144
-13005
13014
-21808
2017
-24073
-21698
1433
-659
19617
-30287
8575
10781
13523
30557
31545
-7112
2758
29348
4172
19507
-29804
-31246
2167
26125
14159
22461
19264
10310
-30143
12164
-13890
15356
-3448
-15033
8411
18039
26385
14090
28588
-28876
31443
30273
31612
-9175
-12622
8241
-5044
6347
-25085
28860
-9522
20230
3935
-28727
23789
-14974
-21781
-20497
15524
4432
19574
-19579
16774
23266
-26099
25527
16938
-16882
-1281
-23734
6036
4554
11345
8012
-6675
-24400
-19603
19901
-30220
6510
-4503
26182
-29859
12225
-3665
-120
-24547
14663
29731
21472
-28065
-6733
18087
-18652
-23897
25068
-26952
-893
20185
-10965
-14624
-22987
-5951
4577
-14757
-19942
23522
-23985
28119
17838
32736
-15609
-3769
-3149
29451
-17884
-1539
30604
-22772
12429
5186
24376
4976
29946
-553
19086
31798
-31755
-12806
-26395
21256
-24988
13989
-14908
15098
-31029
21695
17286
-20890
-22843
25852
-11274
-12966
24268
8974
-28539
-18176
25906
6534
-7598
-19120
2110
-24033
-10813
-13605
29987
27554
-25537
-7625
-30903
-28964
-3926
-31285
-2951
27382
-22424
18250
-16036
9685
-20162
-14547
-13243
10377
-16269
25500
15904
14324
19858
-1025
-25848
6644
5710
-4673
9908
-18464
17559
-11860
-9272
28485
-29937
-5675
-6746
-11614
-1779
-1103
25883
15244
-1900
10196
8634
-24531
-8885
11496
23907
-14366
13943
18929
15599
-21182
13322
2410
-27064
28862
-29490
-8662
10806
-8487
-9717
-15050
-6457
-11140
31415
-6568
-27046
-27462
4103
-4063
-3096
16157
-8263
19537
8588
-5600
9052
18577
-21835
18936
14573
-438
-23442
15443
21356
29309
-15237
-30058
5552
-22201
19203
23638
-11859
6600
7233
-26840
-6428
26740
-11571
-8938
-4865
-26906
6804
19088
14897
12024
10723
-1493
14718
-26579
23355
3192
-19194
-9173
-17742
-17959
-13563
-16041
31703
28674
29408
-26531
-6361
-15865
-16635
-8001
29678
-24036
30147
9627
20269
-6827
8863
-7454
-14467
29777
-22532
-13648
-13511
21336
9840
-17968
-12537
-28065
-5197
17723
-18492
-25954
-20590
-26949
-32637
-26847
-7450
15228
17065
-6097
10715
-27611
21025
7724
1463
22886
-18197
25419
3604
21913
15821
32008
-14920
8421
30840
-27410
-11246
26796
-16646
30403
26973
23685
-4712
28861
11470
12650
4152
20526
25771
-14877
-22797
12017
11745
-22237
-22246
-21228
-25057
3771
-589
-30569
-31436
-12729
23053
22583
19645
-16970
5142
-5843
-26727
16073
32207
-12920
27897
3047
-20242
9050
21648
8589
10272
20568
21686
-23164
-15318
14466
-9647
-19680
-12370
29300
-16263
-9826
-31276
-25474
-29145
24213
-26344
19828
9159
-8010
30700
-3820
-6745
4258
-30199
-6250
27178
-18850
-1797
975
14068
21456
-941
-24852
16518
-14176
-16455
28305
10617
26636
-22317
13157
27327
-28550
-25794
21497
-6055
-30266
-11934
14842
18957
26135
17225
-428
-5015
-27966
-18539
10378
24691
-29476
1070
-18173
-3278
-1238
-9412
-7303
16664
-23868
6644
-29106
-13681
12086
-10861
-10033
-11902
27587
-25049
24757
-26900
3734
-9288
-25767
22496
-6313
-2021
20982
-7458
21874
10742
28206
30551
-16069
24524
-24244
-20207
-19162
20003
-8428
-20357
1406
14165
29115
-2419
-30130
31111
658
-12639
-27083
9889
9189
2750
-30534
-8385
-15759
-28904
-32552
4407
-19345
-32141
16280
10649
14901
31993
13767
-16614
24760
-21265
23138
2092
17947
18698
-6960
-21251
-30106
-26227
27472
16386
-20352
-22207
11010
-14186
-18508
-32638
18721
-26918
9883
15851
-1791
10674
18495
-2401
-32182
-8298
8794
-23342
7293
8999
-19825
-23610
-2122
12290
-8096
-16936
-4595
-30113
31107
24723
-8475
-12284
-16479
9879
3048
-4883
-5406
-24211
27929
-32356
21348
11391
-15545
3927
19915
32233
18817
-32525
25405
15881
13822
24340
27515
12808
15078
7884
19342
-30092
-16503
-14691
25130
25166
-13225
11917
26110
17332
27754
29634
18455
5781
-5240
20789
1263
11058
5274
-7921
-29311
-901
31974
10688
17955
-28412
-23709
8606
3620
-16491
26266
29547
-22468
15711
30509
25381
527
2695
-9036
-1900
22484
15706
-22740
7301
24344
23928
10212
-1610
-2146
-12280
-30302
13179
-14152
1471
29028
-23877
-7701
-28743
13553
16213
-21077
-16335
-22644
2732
6846
24218
-5349
-28912
-11046
5279
12558
-3551
-24212
11033
-11632
18177
12622
20017
3856
8666
10293
15965
9707
-3279
11050
10396
-8586
3617
28564
6458
11900
-61
-14833
30223
-15505
-4259
9225
-3254
28468
3859
27610
-991
2800
169
-8149
11210
-25435
12816
1760
8629
-14290
6555
-9643
-16095
-9270
13637
6459
-13188
-31609
-10200
-1606
28573
-4296
16400
24708
14560
1609
-15970
-7196
-31426
-6075
-14399
-1409
-661
160
5673
17830
994
-13057
30374
9028
-15209
-18260
-16038
27092
11942
-23564
-6726
-12123
-15992
15329
7823
-31330
-404
-32153
-1635
12692
30214
13677
-32463
-17586
3493
8050
3554
26467
23830
4607
-22436
5447
-17029
24612
11977
17391
-15748
12059
-3176
-13567
854
17107
15409
26996
14479
-6574
-6568
7258
-18642
6309
-9704
15666
16182
-5197
-10437
-28064
-27716
-6712
16569
-32593
4906
-25876
-3186
-6908
-23413
8299
-8614
8234
15434
-9366
9068
23709
-12386
18552
-20850
-9474
-21750
22420
-32438
2384
5702
-23107
9252
13121
17590
-11356
-9906
32737
775
-32057
-4172
29746
30180
-1646
-2153
-26614
-14030
-22562
-13128
3767
29616
-19957
19942
-14878
31987
23493
12358
-14735
15376
-21124
2565
-1387
30032
30654
-17152
-11718
13610
-1760
-5190
31545
-5576
2394
29252
10357
-32179
-29801
-1550
-11889
20928
-13613
-19679
19374
4220
-10177
-12353
-29584
-25596
-14791
14338
15472
-29852
-15409
-1676
25007
-3928
-23605
31157
18590
14518
-19876
-15885
-30209
1388
16209
-10326
-10683
-8131
-3121
1812
24523
16205
22957
-13096
10415
-17798
-19990
22809
17140
25144
-4022
19954
2023
26102
6070
27074
-2397
14405
-30623
-5880
-18032
16151
12219
-6735
-29017
180
-29140
19095
18992
-1000
24318
9986
30094
-26232
-17583
16290
-4713
-322
-12206
-13900
6142
28112
26543
-18140
-20165
25900
-20607
29375
24138
-22226
16153
-11336
18249
24924
-13675
-29904
18906
29413
10332
-32697
-26351
26998
30863
29394
-15791
5392
-6290
6165
23093
31801
13814
16150
25531
-19415
-26014
13740
18688
19154
4641
8364
2666
23182
16918
-29695
-29160
24730
10471
-16792
8422
-10120
31662
-4580
-6565
90
30230
10601
-23032
-17714
16326
5006
2244
-25056
-20812
27376
29289
-898
-21273
22112
6964
-14597
22579
8380
-20882
21191
18452
23701
16284
26008
8621
14376
5242
21814
25063
-2886
12999
-1836
29124
-19310
-23475
-29605
-2034
18931
-28945
1190
7968
-13322
29546
28732
18671
27306
1151
-10985
2799
-4946
9458
-10891
20727
-16740
218
14391
14973
-24341
-27781
13304
15001
-301
19529
30090
-12407
-22915
31443
-23487
20056
-12022
-31264
-19341
-5004
7365
-4344
-4068
11751
13090
686
-15186
-4958
-6415
-911
-25372
-31744
-6136
15314
7811
9117
-12640
18485
21149
15874
30204
-26220
-8362
7787
11174
7358
-13546
-12461
-25014
16558
1194
-8925
-7438
-16519
19104
-24515
26959
8321
22113
22324
-26781
19702
5540
26946
21122
4101
-32735
27400
6164
5685
11681
8499
2574
-23401
-19348
-15757
-5864
7572
14174
9657
13605
16163
1462
-30874
-13097
32428
29014
17591
15780
-24302
24838
-17277
-23975
-4142
-14293
6042
-27703
-28203
-2218
-10693
6178
-20424
-5778
19337
20085
16641
-17726
28101
8106
-12843
-6418
-11658
26937
30364
12106
13196
6276
7696
4024
9201
30907
-17185
-26546
22819
2810
-31573
21539
-31840
-22545
26804
1276
26934
-7521
-10910
-13582
30505
31012
3259
19255
-23461
-31138
22171
10507
-1008
-5892
7150
-308
25166
-32681
15637
24895
29325
-23994
29653
4114
-4572
-25003
28329
-3721
12223
9648
-18649
19623
-25168
-22441
19269
31815
-10775
31441
-29631
-16376
-3198
11527
-28901
-4904
-13073
-32094
16301
-13420
10610
8718
27847
-30744
28405
-13472
-26290
-6303
9238
-29875
-28731
-1810
-2614
24729
3303
28960
4778
17551
-14934
-4383
-4507
-18363
-23199
-7662
-17600
-29786
-23554
-6728
17573
24992
4779
17551
-30806
-283
-5564
-20155
-23245
-7674
-24763
-21777
-7698
10168
21921
26051
7099
16601
-22857
-9504
-26355
-6287
25106
-17856
-29724
-23570
-7748
26028
24992
16555
20651
-32117
-18521
-1402
-20140
-24265
-32497
-28863
-818
-822
8907
7415
20740
15075
1741
1982
-9248
-13489
-3259
25399
-11765
-25818
-3585
-3684
900
14566
1608
19870
-31748
-25096
-8635
-14803
-1529
9589
-14569
-26037
-13914
26106
-10827
16582
15024
729
24755
-5395
-25234
-17311
29280
-24964
-6493
-16283
-18535
-22903
23279
17422
3979
-24579
-3904
-30767
-24325
-13441
1353
16216
-8792
-31023
28857
-305
3150
23819
3064
-11031
-15213
-23891
-12306
10340
22089
-8898
-6923
-15116
-25932
-12392
23161
9770
-17466
-1146
13078
-32605
-29399
-23472
14940
-20765
-27931
9116
-32096
6573
18008
-16768
-32163
8595
-3545
-9363
-18067
-19159
-18912
16100
20420
-9362
-16531
29349
-31156
10911
-27918
-9319
21329
26226
-1200
23330
-18818
-5901
18413
14196
-26701
-13117
-27479
25091
2628
-15227
-18264
25947
18844
25844
8692
-8130
-11825
-13872
28135
-17502
8607
-13276
-13167
31421
31834
9710
15664
21302
29803
-3598
11167
28336
-6799
22678
-19308
-32692
2323
-26026
-15967
7659
1345
5978
-14344
1137
-3820
-24665
3798
-29272
3697
21376
-18873
11517
17766
-21549
26531
32551
-26313
-22145
-31475
7753
23982
-14896
-4865
-25882
6540
19024
2560
-23916
10720
8747
-14130
-23134
13347
-13984
-18998
-5095
11998
31210
8841
23783
17792
8171
1989
6142
-12336
20075
-19706
15271
-32098
-20574
-26953
-8064
-26655
9431
-29828
19913
-5143
-5843
-22119
12597
32303
13687
-27849
3051
-21267
15458
-27296
24690
-10020
21382
-21434
-22967
9438
-9346
2921
32460
-29362
-17847
13286
-8546
31258
-23950
-25128
16973
-24553
-3259
-11465
-149
-28636
13097
17580
930
22767
-11638
11015
-24937
-5992
-10761
1238
12092
10129
29099
32393
-30369
28997
25267
-11671
-27842
-18455
-12139
-22652
17070
6190
-9669
-5318
-29416
-10660
1083
-18170
-26317
-21634
-29303
24185
17698
-23614
-4681
16054
-24112
-15049
-28473
-29936
28114
15279
10908
-27406
7189
25405
29193
9830
23509
23106
-988
15089
18121
-19649
-87
-32747
13061
26279
21348
-25985
-4181
1077
-26875
3823
18854
3322
-12505
18007
-24807
18680
24751
-5910
-23061
31793
2548
8302
-8101
26070
28606
14128
-3678
23947
-11303
-7343
-13550
-11950
-28170
350
27733
10189
-7236
-7384
16652
16577
2225
-16323
5007
16068
-11828
-16944
-18929
-29457
-990
8432
-13187
-11641
-28924
-4897
13038
29406
16466
11412
12156
9089
-3929
32712
-28403
-19103
30258
-24736
-15642
-3780
29101
25736
1003
4349
4638
-16733
-27947
-23664
-15453
4463
-32135
16282
-16999
-26083
21939
28615
-17106
24625
-15156
4794
-25461
-11749
-7390
-12530
-2467
-24453
-11426
881
15578
-21169
7689
22974
17628
-4674
-32076
-8792
24273
18185
-3252
28469
-31981
3010
-6937
15600
325
-8109
-3116
23314
-16782
-29984
18349
-11932
12283
-15455
1903
981
7922
-4735
24251
21779
-23570
-12356
28272
25408
-2026
-16395
-32126
-29787
-22530
8880
29929
32211
-29297
17528
-12394
-15750
-25318
21116
-24517
-11954
-31759
15867
-21243
7195
19774
-6699
-15170
-9562
-13540
-175
1578
-7290
-4826
-18797
-7991
-8205
-7101
7896
16779
-24351
-135
-17376
-25488
26148
-1723
30627
-10489
-19857
-7169
10040
14208
32143
8088
-9767
1989
-3074
-2280
16424
8330
22627
-32088
10159
22948
-30502
27431
11807
-31269
-8579
16419
-21880
-21001
14886
8445
-15234
-30057
24496
-1709
24486
29014
-12105
6540
-22448
13124
-21321
-23948
-30759
-14087
-15953
-31768
-16387
-384
-31651
8223
-3513
-15499
32603
-19160
23072
17980
20739
27874
-8735
29379
-25003
24745
-3349
12127
7561
31065
19620
-7760
29103
31880
-32293
12661
31295
-19333
-28042
5049
26825
10467
-10135
12714
-25079
-3394
28490
-6388
11277
4955
24304
24833
-1918
32209
-25713
-14892
-4354
-28062
22972
21212
27666
-23588
-29264
-25993
18345
16229
7591
-29358
-21426
3659
8078
20956
-30508
-25820
-28673
27360
9325
-13997
-22074
19746
8146
-15413
5493
21367
-16773
226
13881
18914
8427
19579
1414
14186
-32332
30062
30129
16775
13026
-15651
30002
-6234
-9178
-1359
-3239
7984
-2574
23703
29596
-3584
1380
339
-14250
21893
14794
17409
1416
17257
92
-28137
-25183
-14253
12676
27138
4692
-32591
-30419
345
6740
-2911
-27455
9753
-13366
16741
1243
-29889
21977
-21539
-9824
-12837
29421
27230
-32701
7440
16766
12509
28758
-6411
5232
-20684
-13677
23345
-3974
8190
29632
24599
-26427
-14080
-1582
16263
11166
-15184
-29531
16944
6664
26294
2400
-4534
-1458
11111
5775
2958
-8972
-21884
-15372
14714
-6612
19527
19337
23669
17829
-17438
9615
19752
-12848
25327
-18306
12655
28729
750
12990
20682
-5997
12277
-4702
-28493
-7923
-24703
31967
24014
27080
1697
-28251
10058
924
5344
15633
-12482
20561
-5964
-9732
24524
-4276
-24051
-20025
30482
21290
-20372
-1669
-6228
3620
23445
24146
32040
15280
24219
30491
-5336
-13028
25309
8306
-3492
22899
-20754
3302
24352
23414
22123
31030
2239
-4546
-31661
-9188
20671
11406
-19078
-20428
22893
32489
-31417
-19877
25586
28219
32594
-22230
3864
-10280
1113
-20194
-8411
-30089
10633
9265
23364
13415
-31375
11862
-22071
1825
-11322
14166
443
11373
-17085
-19414
27234
-12724
30223
-31377
-431
8296
-5542
-5310
3846
2015
-29192
23653
-6239
-19929
12269
-31324
-17822
26604
23860
-12297
23138
14380
19067
18954
9238
-25267
-30103
-1650
-21104
-18881
3299
-17119
10290
2140
-6649
-32691
-4333
-8166
-8250
-32178
11671
5950
-5151
-14545
-19899
-19467
-6246
-28119
-28242
14152
-11844
-23092
20536
-29522
21042
-14296
-10342
25673
-21030
-2003
3067
6377
12299
-24990
-3932
31176
22145
-31475
25161
16982
-15855
7424
25978
6548
29270
13425
8564
-21985
-15405
-12429
21570
13240
2185
29235
20072
-19194
-981
-19726
-17447
19329
-8073
31709
12288
-2464
15476
-12443
-9657
-17115
24627
4812
-23914
-20000
-32485
-7868
-12397
-17797
-13846
1513
21873
-30730
-32014
19897
30709
12050
-24166
-29403
-27053
11960
28147
27559
15422
-32393
-8865
6381
30730
-31502
-19403
18533
14473
-31661
29212
31331
9836
4055
-9238
22861
17121
-13763
-20197
5924
-3097
29982
5037
-18228
13634
-27334
8292
-935
-2322
-12714
28169
14174
24505
11089
14466
-5039
-16692
-13106
-21846
14335
-9840
2519
8806
26333
21882
-4108
20002
-1260
-1229
5946
-23584
-8769
-2348
-32168
-30318
-27785
-32261
3965
13761
-18661
-4440
-13193
25221
13924
18421
-9870
-25106
16960
19476
-27747
3520
31083
-24920
12439
23620
-1623
-18535
16009
32223
19852
28152
933
-3858
14298
20889
8389
31344
-11160
-11086
-7035
-8984
31875
-12327
-2967
-12558
-24543
19784
4552
-27567
-19396
-12697
18949
7189
19773
31189
9350
-7320
-19172
-979
1779
7089
8411
10871
31945
12747
-8687
24632
31438
28230
1869
3549
-9876
-12823
-5407
-22163
-22263
-20208
32550
16183
-15437
-24725
-32540
14136
-14944
16611
20665
4751
13958
-11316
-18092
-18649
-31577
-20960
-23340
26748
-19761
-10794
27358
13922
12788
18462
-1385
-31920
-12334
-28053
446
5740
-1609
-6242
-27096
-26458
30488
-11992
1512
20849
-15106
-27978
22920
-1327
12097
-5746
-1616
-23649
18848
-4869
31463
10316
1091
-26344
24948
10399
-7562
-14503
23640
-6738
-30560
-199
32304
11632
27398
-1513
-19599
-15430
-27799
-11780
-22564
-12104
-29297
21112
-13766
-15590
-15040
-31526
-24513
7503
-18071
28968
-29016
29367
19528
-17014
-16871
-17670
24011
25545
20021
-16111
7110
25798
5624
2389
-3513
-10379
31347
-19352
2674
-11640
20743
1251
-12495
13394
12156
12161
-3137
32520
-24260
14605
30257
18272
13142
-13133
7861
-24176
807
8399
-31118
32400
31577
15904
-524
32390
-2212
-20423
-27282
5745
22960
-19233
19550
28047
10168
-10335
17479
5017
19137
24613
-9527
15623
-8901
-1804
-30260
-13472
-21682
-5243
10038
17283
-921
-1823
12745
-29167
-3944
24519
10062
18333
3432
31040
-12638
-19915
-5655
4521
-27063
14014
-8254
-13745
14087
21423
-9652
-22233
-19685
-23648
-8273
30292
-31879
-30248
-28315
-27269
-20876
7361
-4343
-2020
28151
9126
9902
-14874
-4878
30437
31060
-27481
-29696
-21480
10846
15043
12997
19156
-10208
-24648
26321
27001
-1908
-29230
14959
10991
5358
6930
23282
-19959
18918
16618
23739
17303
-22942
-14636
29752
-18970
23570
23484
-19880
22002
-23081
19518
32151
-7266
-10464
-30618
25353
21508
18345
6501
5227
-28878
13522
-5795
8069
-546
29836
8650
4145
4140
9771
20934
-32046
11697
12087
10643
-23497
-12731
-25587
-5061
24790
-20748
1760
-5707
-1090
5400
-1684
4009
-9227
9546
-23784
15744
16155
4024
-2575
19607
-20036
-15604
18757
2755
-14171
30136
6021
30158
22424
2377
12864
-8460
-18944
-15124
12466
-11187
-12101
-4209
-29636
-1001
18173
-206
-31694
-15356
-11127
15499
23899
-15892
18424
-13967
-15410
-27788
14843
-6643
3663
22927
18640
-13147
-27984
12169
27581
18488
10398
31350
-23959
17886
-31748
7672
-187
-12753
-2025
-24075
-14530
-26047
-9308
-2722
29885
8646
12850
232
-7109
-5946
-29216
11875
-13372
13670
-31437
27718
-16951
8713
-9530
25860
5515
3401
-10936
-6408
-22413
-9396
4453
-25477
-21466
7249
-13524
-11939
28149
-7770
-27734
-5683
-4192
-8137
31181
-20352
-2239
15422
-12937
-12601
7212
18739
19166
-19422
4192
-16328
-3698
19840
-28677
8929
16125
-29246
-26517
9002
7820
-11362
11584
-18678
-21332
-16782
30432
31061
-8537
-9196
-18243
1886
15321
12929
-315
31820
-10773
-21295
15469
-4765
-24446
12129
-28794
-24322
-23170
21525
27053
28856
1743
29118
17036
-5082
8913
-15119
-11595
-26872
3820
5030
-9010
-1398
9047
-25453
18461
-2921
18124
-194
-22991
-11072
5785
-31349
21097
-15810
-23797
-10876
-7478
12663
6207
10303
-19361
-28033
23483
10329
-17338
-9111
15010
-25379
-7666
-15545
-21161
25615
30667
-15587
26433
25374
-9727
-29900
25051
28853
27340
12390
-27527
26678
-22307
-14490
-13737
32513
28990
24237
-5354
8467
-23546
-12727
-16882
-769
-23866
6132
2514
-5529
8013
2541
-10136
-21078
-1487
-5256
6408
-2448
11376
-5308
-9465
-16521
-8029
6121
-31787
-19470
-14437
21609
-7246
-21717
-12388
-23432
4182
-3019
4325
11800
-32294
4469
12415
-22913
5843
15257
26769
26869
30956
-19254
-2981
10494
31854
25571
17471
6023
-17458
-7804
9634
291
-15286
-18790
14539
-17853
31204
22666
-8557
-24039
-12350
16495
5275
6927
-3851
-7204
-27856
-25110
17985
17692
-11315
3412
-9905
-24607
30919
-25408
26633
-25902
30081
14731
19473
-14948
21228
11294
-11425
-30351
23886
-18967
12305
-24988
17573
-9824
15835
20237
25949
17309
-5536
16716
-12079
-21099
-14274
22943
-5420
-15008
-26414
-6395
7183
19771
-12844
-31506
-30670
32540
-1223
1848
13248
31895
-24612
-14136
-29789
-19457
-21608
5553
13639
12091
17808
-22545
2228
7228
28471
25363
-18942
-13588
-18642
-2907
-8000
13297
-29541
-32705
-10481
-30099
-625
-23400
-2449
3191
7429
10619
16396
9859
4589
-15784
-21742
-25710
-31789
-31245
18039
14097
9130
27309
-12674
10243
30288
-9352
-26776
-11020
-7020
-12052
7578
-8355
-32151
-9314
-23216
-27618
-31697
-25597
-18376
-5762
19341
28276
16705
-1838
-571
6794
-13161
-22852
-14622
18485
22173
16138
30140
-30332
23410
7786
25510
19502
-8301
-5541
-8894
16618
5307
20743
-23837
-6147
15920
-18960
19479
-3171
-11520
20326
4935
18679
23724
14738
22039
-20183
-15576
9036
22677
-29036
18616
15039
32474
-24245
7440
20862
13565
29014
-22857
1248
-20687
-5486
6513
-23954
-29729
32736
24839
-10109
-1647
-1641
23958
-1570
-27772
6598
3650
3980
2044
6640
-433
-8593
26663
1241
-28865
-12079
-29803
-15886
23551
29256
8822
-26407
19207
-8105
-2091
21018
-478
-30092
-6263
-12243
26539
805
-26929
11934
22010
-22059
24358
-649
-3417
4940
-29963
-17496
-31331
28780
26363
-16013
2014
10232
13745
-761
7355
-14057
-31273
-12674
23555
27576
-9159
18102
8992
-7026
30954
-32053
30135
19334
-17290
-23963
17885
-25604
-8760
-12599
-24017
-1073
-24316
30467
5422
-15519
-4770
-18291
4946
24306
13057
26790
22776
-9585
-14570
-4533
-27058
29375
74
-16878
15096
-21813
-9241
24910
5777
6537
25681
19420
-4000
-31240
-8075
-13859
-26140
-8886
-280
10823
-9531
30980
-11085
15493
-22184
24836
-22397
9073
-12646
-28613
-28370
-27799
-1540
-21108
-11720
11562
31504
-13774
4888
-7968
2553
-15763
-31969
-17471
-11897
-2110
-3553
14691
-4054
15338
-9587
25366
16899
-17404
-6023
13262
-16748
13016
9427
-18051
18733
-22311
12647
-453
12402
-17796
19435
-5523
11599
-28407
31584
19502
-11373
-5821
-8830
28891
-26409
20740
31459
5709
959
-9496
-30449
-3247
-7374
-9462
-11404
-24197
-16100
1989
14846
-15348
19595
3003
-11015
-32105
-27744
-13361
29540
16959
-10229
-30286
-2689
-10059
2460
10356
12877
-6921
-7436
6008
-4624
-13657
-11460
-17559
22444
-30908
30943
-26938
23196
6674
16048
-21551
19363
-3969
-17409
4488
14913
7908
-14972
-1814
14283
22941
16596
27316
-19848
17914
-7691
19902
-17932
-11506
-8859
-21789
-24083
12088
-28272
21831
13819
17173
9795
25564
24112
-20688
19090
29233
-18328
3434
-11456
24950
-26465
19222
-5037
-26932
17054
-30686
-24808
-7432
2427
-3508
2935
-25909
2439
21618
-9292
21338
31856
11236
-5458
-3202
-7879
17804
9192
4285
-11250
3755
-24649
-20270
-31915
1491
-5249
23817
10744
22573
-6469
8803
-16676
10442
-19869
14844
2060
-1517
10096
-4206
-9669
-27846
-27672
-11811
-6700
-15682
-26326
-9352
-7320
-14052
-7211
306
-5554
-8377
10863
17615
4026
24049
-7225
-25802
27131
-2387
2630
6277
2576
18576
12981
11464
8555
-26600
12598
15407
-7309
-22758
3720
-18497
15488
-20135
11572
-1769
22455
-1214
-28378
8555
-15336
9870
14830
-28152
31142
3738
-12357
-31119
-26992
-31095
175
21034
-30162
-2145
-8184
-14398
8319
3167
15631
28985
-15700
814
22733
-13694
-5835
-16481
1176
-209
3637
-25199
3167
24847
26241
-14483
29269
-31119
-13680
-28367
1390
9041
21650
-2163
-26612
32051
1974
-22558
-15177
29860
-19520
26007
-26194
-13992
-4156
-30162
-21601
-2128
-15869
20740
-11549
15645
2365
30813
9447
-3216
13114
-4952
-12557
25121
15948
3567
-25760
14830
-12792
28190
2907
-16704
22733
-27006
-371
-17826
30179
8595
3623
-6763
-18770
18118
-12996
16085
30664
-2275
-21463
20562
1716
9632
24867
22666
-28525
-20219
-13533
31070
-26459
6936
3312
13093
-4945
12530
-28067
16819
-5393
-25234
14433
21096
-27074
-2909
-16191
-18511
-4477
6269
-16337
-29813
-16907
-2042
-27151
-22441
-30395
19779
-9782
29121
2195
-16331
-10355
7756
23983
-28720
-17173
-29117
13452
19274
2628
5765
-29300
26744
718
-3914
8652
-7120
-24380
18800
-25906
-14458
11374
-30909
31966
22990
10944
5861
-31340
-21906
975
23796
18820
-1294
14153
27068
-14148
19390
27256
-6582
-14242
10119
13742
-15616
-4794
14987
727
-10576
23041
30260
24417
32614
-25305
27251
-27576
570
-28534
-12029
-24094
-4293
32272
-22152
2828
-3371
9552
-7394
-26367
-25742
26090
32177
19351
12402
-7556
23899
-4116
19492
-13423
31603
31786
14834
-9713
21303
-13717
-25330
12409
-28546
-26817
22753
-22391
-22157
30990
14513
-28067
1971
-1053
-26353
8561
-10722
-27093
-26458
-20200
-7900
2443
19057
-15352
-28022
13703
-26358
-5776
-20594
-13636
-20678
21136
-8191
6592
17475
-28264
25413
10263
-16299
-8299
-9126
23726
9106
-11101
-28543
-23807
27526
22582
-25923
-13414
2417
-18866
-28929
16034
12757
-14314
-9835
-25642
19906
16363
2949
5366
20244
32603
14120
31652
19998
23323
-21904
-8760
-10551
-23521
-1457
-16025
28635
5417
29536
3646
-15469
-12957
-11070
12953
2243
28705
23272
5135
-10965
-5408
-21139
-5631
-24236
27415
-19949
-15392
-10369
-2959
756
-23880
-15893
16889
1789
-19534
-26741
-16179
-6222
-7645
-8884
-20247
-19109
-16836
22771
28301
15742
21797
27107
4267
523
-27002
-3444
-20154
13619
294
-22965
-6946
28414
10082
30102
22926
-17712
-19519
-29289
-8066
-10273
18520
27782
-21512
-22615
-10075
9624
813
12493
5714
-8264
4689
29872
-59
24078
-8897
-21771
-27160
-29103
-3448
-8377
9839
18391
3962
28096
28587
-25803
-19973
1821
14281
30621
-12536
18524
647
-18268
-7848
29076
-21370
632
-29542
-11713
-32469
-24760
-20244
-17062
-2516
2151
23049
6198
21565
-1625
1434
-28819
-26939
-16740
-6950
255
13374
13159
-3905
13262
-19820
12736
9235
-30388
-15039
-22310
-5785
3979
3581
-10908
-28941
-5471
7549
1381
-17581
-23134
20003
-10476
-19861
1534
6004
31219
-2417
6734
-10073
11160
-31567
4133
9769
966
4854
2200
28215
11089
-23422
-13719
-18674
-16723
-19754
14288
8603
-22491
-8871
15596
-702
-6486
15463
-9375
14702
-29655
32274
3448
-22716
-10081
-16490
-12134
-26233
-27822
-5134
7979
25588
-29126
-13678
-14543
-27582
1592
1410
29035
-26440
12575
31781
-7695
13247
-20856
-27393
13334
13165
-24387
-19602
6077
22976
11459
-29847
26060
-29768
-17415
24457
-23203
31261
-7053
17108
13872
-23072
18483
-11620
-27902
7654
-31934
28118
8110
11220
-10590
-25595
-7623
29514
11828
8145
28619
-1747
27065
189
12846
14063
-11818
11222
9890
9701
-13006
-18218
-13500
8007
-28689
27876
1504
-13965
-3122
6932
6899
11913
11775
22820
10491
17007
9759
6091
-1059
26880
-8046
14821
-22006
-24106
-17098
567
-4983
-27397
30231
11113
-7028
-21782
13295
22684
2198
14900
-23815
16891
-23811
8186
-16959
23051
-11210
-7515
-10900
16113
-10303
-27041
-6469
18019
-22764
11915
9215
-8520
2067
29204
-1439
5996
-30731
-1806
-27187
16472
-13674
-31952
-29238
17001
1054
-27889
-26139
-1718
-19040
14339
20080
-11008
-11030
13459
22861
-3871
-6183
-17863
-8710
1221
30008
-10332
17478
22937
6869
29824
-2103
15389
-8833
19685
11680
-32461
24910
-16751
13017
28371
-5783
23944
-31271
12413
-385
-31645
7696
440
8301
30811
-31514
22064
22816
30458
23891
25582
32316
17267
26714
15558
15176
676
-28500
27914
17304
-31647
4112
-31196
133
18464
22680
22167
9480
-6392
10252
6739
7840
24981
22694
31896
-11297
1360
32606
-16599
4788
5768
28047
3000
-8967
18055
-23764
-6259
24620
17099
18487
17565
-16466
21652
-13940
7152
7883
-6257
28204
-15017
26847
29926
25552
21555
-19036
-30206
27540
-25038
3760
-6223
22563
13496
-29881
21447
23126
22561
15032
3291
29487
27181
-31649
14879
28915
-7459
8050
-542
23171
21013
-11743
24364
5493
23927
-16921
2
3584
-30820
8424
12411
-9090
167
31784
-28174
30047
31165
24732
8934
12540
16478
-5993
2036
-4110
-11741
20780
-27927
32159
-29284
-9092
3751
-1100
-20198
17700
-23101
24635
24270
-24306
13569
-28374
26472
-13036
-7457
4466
31358
31339
25198
3679
24459
26973
-13179
-14152
31167
28316
-23174
4116
28709
13545
1875
-27686
17361
9331
-5292
7427
-20614
-4992
20217
4899
-18706
-21802
30688
12567
-13273
-9071
-18275
19798
27087
13984
21445
21590
-8259
6736
15520
-20655
27274
-1929
-21523
1452
-25760
32750
-8444
27263
4683
15030
22744
-1401
-28844
-4917
-27925
29599
2560
-876
16092
10186
-20035
14604
13361
5476
10099
-15982
6119
-24106
10038
9603
-6869
-384
-22435
11079
-3961
29632
-11753
-19167
-15838
13068
-14171
11192
185
28719
12011
-27161
12882
752
9401
-5785
2443
3185
-11004
-26901
11415
7548
-5787
-15477
-17563
-1617
-19048
-19955
7655
23874
6634
585
21654
-14452
-25492
15907
-10252
-19886
-14864
5367
-6892
5775
11662
-10952
-22300
23400
-8596
-6617
-8123
-18479
-6501
-9621
-16082
10185
-10819
-6460
636
-30565
-9417
-16005
-24612
4296
-17389
-16772
-14109
-13399
13693
7989
-16909
1031
9993
-14452
25196
95
-10217
18869
-770
5318
31000
4788
13448
25931
2456
21621
9653
-23770
911
-13084
-4960
-3343
32089
-16980
-9200
28348
15218
30378
31047
-13661
32061
-26187
7518
11629
14081
-26706
26308
-14980
-18219
-10428
-8577
-16861
4340
-32228
-13949
3059
-15125
5811
4993
-23865
27636
21546
-606
-5485
-143
-10206
-27208
-8123
18897
-10009
-10872
15049
7879
-10868
31432
1607
-28259
27460
24583
-28479
-5359
-1774
23990
-19498
-15982
7655
-23742
10134
3498
-20623
-382
-25507
-24017
-11313
-21676
30083
-19061
-5623
-4778
26767
14066
-11311
20819
-2314
23120
31264
-16772
28387
-7323
16159
-31303
-8603
1061
-29951
10710
18470
16025
-15397
17265
26202
-17574
7072
13023
19666
28077
16304
5523
25935
-103
24601
27334
26724
5833
-12897
-7940
-14338
-14224
20364
-3204
9529
-3836
4003
3063
-31510
3635
22416
-19637
3508
21878
32247
29574
12806
-32539
-21192
-24556
22853
16099
-14907
14074
-14381
17531
30614
11018
-22892
-17176
1603
-11876
29636
9238
-32435
-29359
-1970
-8733
10947
3301
17696
-25662
26567
7486
18805
-4401
-28562
31547
16952
-23030
22734
-32126
15781
-29934
10706
-20953
3797
-29272
-14223
25484
-17884
14333
17808
-21521
2988
7420
24326
-4225
-18943
4844
18078
-14038
-28712
-2327
-29609
-20467
17251
19038
5123
14632
-14280
25502
26656
-22824
26875
-21777
7662
6464
23138
-27092
24743
16616
-24901
-2413
-30135
-14970
-7446
-19073
30773
8445
8830
-19749
20947
25303
32368
29024
-838
-297
-13752
23814
-30725
-21263
7269
-23263
-24062
11204
-29018
-21836
-6152
20529
-6996
6882
24205
21278
20065
-20732
-22369
9078
-2405
20555
-7502
28521
-252
-21441
8791
-18735
17113
-3533
-12440
-27580
-3015
-19226
7760
19368
-19843
32251
-23163
7722
19894
-14346
-9102
23204
29212
21603
11696
3383
25431
-18925
17128
-2497
-5021
-31552
9785
-30270
4451
122
1566
30091
-24183
-223
27702
6613
-5562
-11963
14835
-15345
5771
-9329
-7852
-6249
-28630
-13526
-6308
-5095
-32034
21426
10315
-4542
27724
8139
-24627
28876
-14638
-22471
3934
12745
12305
-8604
21541
-8799
15571
3405
25929
-15464
-7327
2334
-32683
-25323
-13185
22663
10384
-15243
4245
-20988
16605
6326
-996
-11521
3354
15708
-17619
-26691
16064
13773
-29416
-1956
4071
-17434
8590
17440
-29312
25211
6234
12326
14441
-15766
-23778
32129
-23653
27553
-5057
14551
-20412
17265
-26534
-31450
5187
-14024
30172
28060
-23620
4520
31817
20458
-16027
26075
-27715
21448
11861
-25655
-12859
-7958
-3077
26905
11412
31100
13997
-2618
9882
1515
-19087
14902
-21255
-14745
-32235
12161
25023
23212
-22498
29527
-24525
18252
-18595
-19271
-10681
1597
20355
10623
-13299
3227
22847
-7939
-30722
-25872
23433
-2475
28281
-3774
-28750
9971
-4623
7335
-23280
-23026
2255
-25054
30900
-9508
24322
-20610
-20863
22269
22290
-20630
-29052
30396
5442
32122
7076
29406
21586
10684
11836
29651
25619
32716
-1780
-22607
12451
11849
-29234
-3992
8698
-10179
17343
10856
-19250
-934
8942
15614
21318
26743
5837
11166
-12112
-30323
17264
19034
-3582
2404
-31157
-5986
28150
-22618
17574
-8800
-1325
32577
31022
-9031
-5481
2416
-5042
-9525
11015
23703
-9828
-9772
4038
-21522
10156
21924
19906
23531
4685
4791
-8568
-26593
14135
-3165
-27889
-23579
-2114
-18944
-12052
13722
-10995
-32535
31547
-29640
-27626
21549
-18013
13595
-29908
-10787
27868
-7698
-32328
32109
28577
-32457
9039
-22891
30440
30551
-12997
23764
-24180
-32480
14666
20000
1812
16843
14577
22605
-19293
-2495
-17796
-4629
-15711
10029
2949
6390
19468
32667
1817
-2104
19997
-31973
23488
-8121
-17967
24839
-1405
-3755
-1097
-10982
-25876
-27762
-572
-23926
-24089
-17094
8244
-947
22251
-12521
9307
-6306
19993
12058
31128
-21867
7152
27851
-1045
26893
3217
22845
29949
10198
-19526
393
-2975
28400
-26271
-14486
-19884
31217
-18801
-28978
-850
8914
-11023
4245
-23036
17101
6198
-9155
-9545
3352
-21156
6669
-16713
29904
-19491
-29296
-10113
6063
15300
-28538
-21248
-23014
10442
-16797
15076
2252
-13790
-21732
-4207
571
25226
-20889
-16699
8396
-15758
-22248
20244
9051
8336
32357
16229
-31321
-21918
-23092
27704
-31786
20978
14559
27206
25669
5593
-12451
-16311
-13422
-7821
-25186
92
-17385
-27011
-13645
-30407
-31396
4701
-17229
-11179
-27971
-12406
2173
-27121
-24913
-1898
-24108
-31434
-30649
-12543
31838
24047
11200
5287
-31488
-20918
10958
7910
7044
19158
6688
10940
19194
27179
28254
-29365
7752
20910
-31544
-965
-20746
-25376
18945
-11756
30497
13606
3875
-12330
-19350
114
21532
29103
9352
-26773
13556
6996
-4381
-28059
9149
-32088
7087
22236
-29926
-25648
-27709
-31273
26238
30547
24890
32396
-5282
8961
13446
20296
-24756
-18707
-19242
-18852
251
-18369
6527
-18323
4459
-24968
12450
-951
-1302
-4785
28297
17791
17365
11890
-7744
23987
-26665
-32038
20403
10099
-20590
3259
-22729
-24957
-30563
-6858
17031
-988
-3855
30173
-16484
-11112
3215
13114
-11608
-16113
25025
-14669
-3551
-25748
9709
-11984
-20498
19108
20028
23315
28274
-704
23210
-27105
-3925
-15413
-22667
32403
-19111
-13764
-16101
18884
-6942
-20239
26973
-18299
-10928
32510
-16574
21166
4110
-10205
-21576
-21063
23093
9273
9030
14999
720
-4431
-25999
1448
-23711
31134
-25452
-26084
4019
15347
-22389
3443
-10938
4859
2203
13367
-1179
-28369
-20631
-19324
-16824
9966
-26122
31566
29221
109
2587
-26478
-12011
-28185
20314
7496
13160
-25412
-2538
17513
-17006
-17377
-30081
-8821
2265
-11225
-14687
-16859
11509
356
-21925
-7230
20279
5971
-21510
19881
26609
2867
-24358
-28809
5827
11165
19632
27061
31422
13402
-3714
2493
32380
9571
-3822
15270
-21858
-6158
-31693
17412
-18551
9357
23402
19564
18307
-13969
-2615
8857
-9501
17677
6089
24541
-15032
-13608
-23773
-26226
-24240
-19178
-29649
-29165
-17256
-14241
903
32486
-11964
31219
-26993
654
-8538
-21996
-6191
4155
-6610
-29113
-371
28766
18167
11568
9494
26895
-18799
-3383
24407
-14997
24272
265
-24512
31568
-25054
-31052
-7008
20705
21657
-26737
22220
-13538
-21679
-26750
-14641
-19394
29287
-8067
14303
-18536
21129
9223
23369
-10140
-6743
-3935
12233
2477
-12168
12222
-1104
-15589
20800
-7438
-18055
19244
-24483
29015
-6473
22112
-17612
-4165
21041
-24024
3022
21220
2076
-13801
2833
-4910
22765
12938
-26937
-20324
25414
8215
1093
-4327
-4072
20454
9062
17567
23982
-5680
-6233
-26586
-22215
-6372
2569
14998
23760
-17523
-28780
30970
14031
31198
16516
11424
881
16602
-19785
6600
-22463
-17600
-4698
-17742
-7207
-8911
-15114
4788
26760
29427
3161
9486
-1271
-23756
31627
30229
-13463
22860
-31519
-18383
-21124
2053
-1519
30064
32694
-238
-11718
-28374
-11928
-7688
-5699
-13380
2424
31308
-4505
-23995
10197
-15430
-9367
-15508
-23715
-3695
-14457
21102
-9665
27451
-23528
-25010
5807
6534
-26542
-21724
3999
19448
-5015
-13630
-24283
11531
280
-10684
1085
-30457
6483
-14234
21897
22985
17601
-15431
-3223
3900
-28207
23895
-2577
21136
2561
8852
19168
14893
-12545
10274
13400
-13954
-31795
24052
-12858
-9494
15119
23221
-14312
6550
13910
-24071
1341
-19643
6071
-12350
-25489
8739
5836
-31842
-17952
-27893
-6684
-4430
-3471
-9864
-27156
-11184
-4932
-25866
24456
31581
3617
-1644
15766
10014
-23159
-27607
30242
3940
-14393
-1922
29167
24728
1767
12724
526
26759
-30992
-4431
-9615
5416
-22688
30870
-8492
-26104
-28746
13042
-7975
24055
-6714
5818
2435
-2445
-1424
6504
-6552
-6058
-5179
5926
-12313
-410
12389
16505
-25954
-27246
-26545
-31965
32718
-26356
15217
5802
-22649
-850
-3886
-7723
7606
-4778
-10609
6158
-10189
-21572
-29256
23157
26153
-19642
16311
914
-20765
-28955
9380
-31904
27102
-9564
2844
19153
10785
-5924
14822
-18934
24814
-29446
32295
27509
-27637
-29142
-2922
-5940
-26654
-17193
27212
29767
-31239
28277
-22207
-32510
-7358
-17130
10815
-22821
-26885
21139
8705
-4412
30828
-26901
-873
10460
-7066
-32559
27957
-1641
5526
-5298
-26875
14575
17482
3994
6137
-20015
-24809
-15109
-8521
16
-20988
2781
2722
-1859
-1058
1280
15690
3880
6100
21978
-16931
6668
-841
9940
-22536
-32591
-11987
6121
8149
-27190
-12711
9738
-1074
-21756
14231
1418
-4247
-20988
-18211
10054
-3169
12544
-3550
15724
-13535
-5282
14593
12850
20200
-2265
-5081
-19247
-23971
-13357
-13981
21962
5081
4305
-2539
-8599
23590
-31311
-5017
6337
2049
-16368
29572
15366
1913
-29232
-28561
-31429
15940
-17939
-22776
-19828
15814
5898
2540
-27032
-842
-4396
-10648
-25546
-2507
-12191
8120
-31279
20607
-2369
578
-16748
10968
8931
-18179
10574
-20479
12640
20026
-11502
-16030
-27174
24669
11479
-3732
21433
-13239
138
-11741
-24276
-20727
29340
20034
11020
3733
7096
27865
27631
-6100
9691
20797
25325
8830
-27941
22931
24791
-268
20544
-848
-16683
20168
-1745
-20551
-19279
7749
9645
-15584
11086
19077
3636
18833
31479
31816
12778
-25575
29246
28267
-6330
11807
2011
-7
18433
-24432
27493
14863
-31497
-460
4209
27708
-17961
22278
31599
-28115
15279
5276
-25842
8181
-25662
-29241
9834
18390
17786
15828
31502
-18891
-20255
1881
-31784
-11279
-31397
-32164
22419
-21173
-13304
25754
2543
-18840
13046
-9000
23183
-23018
-2359
-28577
-2249
16931
-16884
-22273
13166
12989
20682
11923
8185
-7743
-29773
-7685
-24643
4304
15893
-20487
16545
-23895
11247
6316
6170
24118
-23759
-14966
4841
-28513
-18682
-11601
-18162
-20175
-20178
3881
-8236
9290
-24230
15636
15167
9913
-18461
7831
408
-4507
2629
-30587
-5840
29086
31876
-23592
8625
-18385
3451
-25276
4203
-29638
13334
-1683
-27735
-16435
15500
-10918
11516
16230
-2137
28678
-27935
-22115
-22220
20767
31973
-7744
-19533
-21109
-29639
-3050
3821
-20570
-20298
-7860
-10863
-21297
18538
19594
18363
-31391
-27054
-22856
3299
29473
6702
1215
-8922
-30477
-4307
7189
7485
28021
8583
-24030
-6196
-964
-22793
20720
15005
-4398
16489
13466
-24753
-27923
31646
-31728
-25588
1595
6530
-20397
-22156
19727
-1063
-7935
-13438
29047
-26433
2334
-17323
-28051
-12353
-22416
-27316
-15239
-22378
-26252
-29841
-13363
11620
-12029
-542
-1917
31697
-10237
-10832
-3385
23892
23023
-16696
12495
-25518
30764
15099
22219
8991
24193
-5859
31125
25750
29676
-20452
-2713
1203
3877
-23081
8766
26315
-6785
28309
9592
25364
-6141
5072
-15661
-28367
17262
12893
20723
-4451
7290
32038
27571
-10693
-28126
-27732
-7732
25008
-32593
16682
-28984
-2385
-21434
-19383
8314
-9634
17187
11342
-29365
15944
23022
-31032
31935
-28714
-25366
2563
22164
-11512
7524
5987
-12810
13542
24912
21654
-19060
-32760
14594
7730
-31824
-14869
20721
669
-23902
21485
-12196
-20553
-27982
-29815
-14347
25202
-19880
18930
-23825
19966
3556
32610
-10458
28775
-12039
15263
-17264
-12195
5559
-186
-28625
10539
-27624
-19922
7663
-9408
10598
-30197
28566
-12998
-24876
-11640
-25337
13947
-15374
1915
26064
12223
-21584
-27205
17477
-22631
-7511
19311
77
7699
-8776
-12075
17812
-1042
5900
23021
3784
-26193
-18600
-19784
-25141
22089
17214
-15799
-13034
-7969
-27146
23126
31265
12924
3835
-1117
2335
-31659
-8675
-9157
19638
-23116
-15322
22657
-9583
29969
32686
32020
-15425
6504
-18328
-150
-4572
28245
21321
-396
-5023
-11584
-18667
-21333
16499
-31076
1706
14759
-9702
-18126
-25794
-15367
-12935
-32572
-27856
-21014
18977
17948
4875
15588
-9920
-30
-16889
27389
-11158
-29006
30385
-1727
7586
-15021
-2850
23262
10754
14036
-30248
-29851
-27697
-20524
29866
-19005
-2021
31222
-6002
22514
-30381
18246
30559
4409
31340
11375
-11453
11126
19595
32699
-14063
-31274
17022
15387
29566
-5575
18266
9048
15504
-16547
3753
-1609
11678
-23236
-27643
23593
23986
1495
-6786
22165
26888
28816
3269
9000
-15732
24870
139
-13277
-7024
-16659
3782
-26196
11096
21120
-23547
10313
16450
-15728
13601
11554
2322
-14762
-27623
2094
28699
-16154
-14408
31841
28640
-26329
-6277
-18928
6888
9871
-9746
-5688
26529
-30425
8539
-31212
22153
15631
23865
-13836
494
-6024
26574
-5828
10141
29096
26249
18799
16585
3763
-11855
-27697
2004
24570
-16575
23214
-11234
-5969
-30726
-16655
23233
-19451
-4503
28742
-28943
11937
-22027
10542
-24551
-2746
20155
7987
-19982
-29921
18385
-4229
-10240
432
111
24603
1734
-2116
12288
29792
7664
-14521
-12193
31671
24602
-18746
-26404
11014
-19817
-24128
-14541
-20414
-29840
10186
-5699
12220
12720
29711
32235
-15999
10211
19383
5242
-21706
24475
-1191
-14048
-15910
29173
10398
-24458
-27299
18557
-6001
-32270
-129
23073
10300
2143
31239
24693
-10531
-25062
-9030
-32105
-10848
-9533
30469
23343
23677
-30297
-26246
-22164
24329
-12420
24641
-7984
-1035
-24822
-29444
-18906
-11035
-1904
-18987
3102
-5857
-30827
-8470
23559
17337
-8599
1062
-27903
-5658
31146
21145
-16381
17280
-10649
13365
869
10975
-32542
24377
21360
9850
-5678
20391
14198
-31821
19947
-18975
14867
-29456
-15323
-12159
16257
19871
20988
-5412
-15518
-30370
26437
9503
-15603
-12475
26703
-12093
27537
23603
30132
-17530
18326
-25238
-30112
30604
-8948
12025
5091
-18721
10970
29923
10705
3111
-7919
-18554
20110
-24770
-17679
-11319
-26795
-2309
-10669
568
26250
26991
-29047
15551
23894
-22033
1832
8132
22478
-25252
14957
-18705
-18730
13016
8403
-18315
18797
-18231
-19133
-454
30834
-5396
24430
-12443
28231
-28339
27505
-16374
-27774
-20025
-22254
25878
-17009
-32232
-126
3615
-30821
-8471
-16377
-23679
-6233
31270
-28547
-5825
-32355
-24732
23783
-8320
14431
3687
32133
4506
20037
-22771
-7539
25446
16927
23555
-5704
-579
20116
10552
8732
30915
9921
20477
-11936
-28678
-7455
19837
-28219
-24750
-4886
7907
21381
4678
20149
7984
11762
27431
32287
-28293
-9348
361
-1960
-21018
-26078
27580
-8648
20018
25360
-1022
7928
-31869
-11801
-3110
13073
14498
27737
-8242
-15284
11419
-27777
-11271
2905
-20288
-8367
-18838
-12554
26144
30020
23995
-24619
-28470
-12525
9818
-4134
3625
14230
8074
-21539
-16480
-11113
29836
-3126
9493
7439
28025
-14972
-32022
10687
24124
-22221
21278
-19871
-28164
-22692
-12135
-29305
20602
-9538
17178
-5056
-28984
-23889
-17938
-20216
28960
3242
17203
-15286
-26982
12427
-18365
-1696
31146
-8551
-7653
19266
-7098
15577
847
-3371
25424
-3566
-25248
-32158
-7780
32164
10130
16811
-19223
-17837
-16928
18435
-11632
-3327
7462
17779
-8746
4302
10258
5716
-24135
-32467
4937
7924
-10880
-9013
13963
23503
-16316
28561
-27845
18408
-22667
-1901
-27179
-15778
-9453
2930
-6966
23803
903
14054
-15404
32114
-18522
18566
-8528
-17903
20464
29027
-838
14551
-1468
20837
-25349
-21497
7257
-14034
-15911
-4619
-14170
-26184
-5283
19201
-6058
31173
12930
-14651
-19396
-6553
16469
7829
-4712
20669
9358
13162
-28484
28942
25761
-31263
8819
-29992
1443
-20125
-21702
11672
-195
3633
14736
11287
11101
-7039
-15639
29503
-29143
-25450
13340
-24209
4377
6756
29869
-10814
11995
4075
30181
2962
-30477
-30931
1733
7100
-13096
19119
-24002
-18485
-12131
25478
25126
-27571
-6085
-7714
-28748
7922
28545
32575
23857
-22026
2350
28249
-14518
-15780
9491
-20210
-13535
-20642
10377
13939
24560
12611
-5070
31956
-1076
-26876
-17169
9794
6108
472
-18315
-24723
-29467
-18400
-23176
26644
-5419
4960
-4354
-1438
17260
21597
-12865
-14092
-29268
-13712
27400
-1516
12145
9090
-21849
-20484
-23392
-12191
30136
-24699
22238
24346
11128
-16760
-8481
9738
30670
-30436
16213
14251
-6267
-20946
24791
-15116
24244
-240
22074
13602
-1758
-1094
-1255
-13520
16730
28884
10452
-23964
-32291
-5772
-15985
-9760
-5685
-1119
26911
6293
-2028
22005
15830
-23282
1033
-25334
29816
-30218
-11410
22909
19181
-22482
-20133
-3788
19375
31356
-32661
-9958
8692
-17346
-14729
-13295
7324
25886
8589
-19424
30304
23924
-10265
-9130
14509
8794
4818
12433
10309
26689
-12096
-2159
-17397
19578
-14970
17642
-25165
29271
-17807
16872
-19719
-549
-29555
21562
20390
-6282
-3053
20716
-3430
-6845
-29542
25663
-21049
-27606
27170
-12708
-2549
-31634
-2541
24680
-294
-4533
3662
21903
2504
-9119
-22880
-21787
27628
-28628
-725
26288
-28831
17094
-28108
10665
25145
2634
12422
6208
-30176
-23652
27040
8891
18667
-23381
15971
-26140
8522
-16368
9604
10538
536
-11134
1161
-31445
29248
-30092
-23671
-15963
25578
4669
20651
11915
-25089
-4028
1009
-30469
-32465
5961
-25604
-2616
-15207
-24401
23402
-30612
30475
-15060
-6463
24701
-9505
-29438
23642
-27730
4556
-10160
-20572
-30026
27576
-2503
19554
8576
19491
5008
-32061
437
18030
15127
21171
-1527
-26250
30063
29105
655
8870
-10516
-2026
-6155
-27598
-29148
-14699
30760
29946
19927
26606
30516
16675
30922
-26429
13057
19110
20540
-10065
20378
-29319
-27068
-26947
-21374
4217
-32706
-27889
-9755
-5686
-20063
14603
3120
-10988
21743
15762
4383
-24475
-10407
-16776
-8990
-14719
29741
24547
3399
1355
20312
17736
-24104
-18123
-24769
3313
-17115
-29645
10260
-21419
589
-5481
-7824
-10338
-11192
-30534
-19649
-9815
-30247
12645
-453
-19342
-25996
17321
-1939
11755
-28383
13162
3772
22450
27971
-118
30749
-29961
22952
14553
24135
-6867
30337
1869
17373
-13712
-14072
-11312
9555
-22242
19733
-20513
16552
28331
19319
-31669
3610
21914
-24115
-25296
-906
24293
31492
-27593
11301
-23215
8734
-5437
-30875
26327
-27784
19448
-7575
-13986
-24123
5426
-12442
-10681
30781
20735
11934
13818
-20203
22823
31995
-28217
4946
19186
13865
27110
2218
20027
-14574
-31158
-31586
13358
-20125
-3782
15276
-1380
26450
8474
11268
-16551
9896
-1049
28430
5405
-26259
23913
-29216
-20381
-4744
15492
-168
13864
-16922
32258
21372
-28551
-8898
-31499
-9164
-25419
19988
14617
9780
31681
30215
-8339
-1947
-23063
-24015
-17464
3461
-27782
28664
28449
-5354
14611
-24010
-12343
-8595
-7129
-23871
-22539
-5454
-28295
-16004
-31779
-9744
-12849
-11544
27423
-13807
-13040
20702
13462
12620
-24527
-20148
3889
-25646
1475
9595
20244
9563
8476
32261
10109
17297
-21917
18892
5344
-25327
-6530
23123
27168
31836
24559
-20668
13455
-31414
-424
10858
-17714
31686
518
3205
-28872
26832
27365
-17812
-23057
-4048
9196
26812
-15618
18746
28380
-4246
-32252
30085
5514
20297
-30900
-3363
-23214
-11746
4387
-18326
-22166
32520
19260
601
30866
-4907
-24852
-13178
-5448
-18565
23728
8597
26662
28889
-12073
-14444
24170
16166
23479
-9638
-26334
4986
-16136
17855
-7708
-30790
-5919
-12311
-20379
-16519
-23392
-26015
26540
-25820
32767
22272
11118
2701
24246
19728
-34
7688
15294
7832
-1125
3857
-2598
24221
8986
29312
-22459
11073
-16250
-3168
-20209
27937
-14958
13039
-22306
13670
12595
16430
-18805
-3889
-5166
25891
15746
-30437
-22700
-8549
-25061
-12102
-15473
-15004
-4397
-3479
23422
-31639
23570
-31300
-31644
22545
-8524
21520
32172
16272
22427
13641
-1224
-4808
19092
25136
12360
27762
-29756
18406
-26250
27503
30221
879
23261
2050
-2032
-17420
3978
-5123
-20696
-28524
29956
13739
1281
-26806
26364
3442
-1210
23335
6783
-30549
7483
-28300
-27777
-12807
3301
-20192
-22742
26756
-12560
14881
-4356
14434
-2456
30838
-12563
24102
-29387
-4521
4169
27186
-14248
-10362
-31666
-21477
13918
-1029
777
14020
24540
-24760
-24852
-18810
-2868
-20262
-19113
6207
26687
-23329
-27010
23219
27161
-17326
23660
13219
-11121
-19830
-3129
-22250
25879
-19057
-15864
-4346
10783
-31021
-8519
20499
9892
-4124
29222
-11155
-1869
-23075
-29124
-10093
20373
-2694
22196
24832
28802
7361
-31991
-7228
27446
-28133
-13918
-14853
-2827
2772
-22368
-31879
25048
-21835
-25608
3529
-3223
-4292
-22511
21332
30323
-19088
2614
-7527
-10909
18162
5937
25058
15035
19163
-23517
24128
-28372
-23191
28688
-28956
676
-14164
31674
17945
-6902
19080
-31177
12417
-23999
27604
-10206
-24648
-7471
18801
-3890
-24622
15051
10951
23780
22912
-8493
13833
27630
18476
20123
19259
-7080
-28962
-27990
6543
-11696
-5328
-25830
18416
-23181
-14314
5525
-22194
16641
3266
16681
5320
5915
-27160
-11695
-6864
-9594
22292
-26261
3944
5572
-10918
-17156
6726
-347
12884
1777
-22095
-30401
349
-16811
-11031
-8557
-23527
-12722
16399
3203
-8903
-3852
4060
-5144
-31955
-3635
10128
-11349
5453
-27783
-8
-29695
-11752
30498
11558
-12525
-422
-10134
938
21741
-15982
-21529
-28754
11508
-10396
-9097
-347
4180
3637
-21615
435
25199
-16801
12523
29275
2674
29832
31179
3713
21949
22468
12126
-31863
7653
21826
-24582
8897
31989
-8764
-25398
-20981
16094
-9782
3009
5863
-14444
15978
10214
23990
23510
-1470
4964
255
-14274
3487
-132
-16351
-13944
12785
7199
-23233
-10747
-30163
27039
180
-468
22135
19761
15830
11534
10009
-27256
22089
1342
-11451
-13961
-1585
4480
23107
5668
17317
22638
7339
23315
-32654
-14564
21577
11706
-9931
-15361
7032
14568
-437
-4498
27719
18377
24445
-15007
-29998
-24159
3371
336
-27050
-31559
3111
12561
-32218
17293
-9116
27809
-11279
14171
-20552
23729
26517
15146
25788
-12826
19170
24109
21303
3691
-21114
15418
-31882
-10789
22749
24710
-7456
-19075
-5067
-32555
2868
-5925
21479
25182
5715
14776
26653
27351
24672
30424
-8869
-30996
22198
-13056
-8486
13835
14830
-10232
27570
2619
-6502
-29077
-27002
12940
-32570
14640
574
24715
-6941
-4367
15457
-21152
-22526
-5296
-16638
-28994
-22862
-11039
-12143
-18555
20110
22846
-29955
-8278
-29611
-2547
-10641
28215
1361
-20642
-14199
4019
20979
-19745
3026
31971
15297
2183
-16336
-116
24092
3899
15312
-18301
-28847
-6966
-9477
8971
16004
-9764
16324
-18546
-23412
-19350
13426
22900
29423
-2978
8959
13562
13143
30899
28893
-17706
-10816
6363
-31225
22157
-9458
28021
-30841
-29970
-4690
26288
-15007
20690
-26987
136
27171
2652
-31613
-26583
-7878
11148
-332
9808
25048
-18251
-24740
3305
-17629
-16962
-22508
-10411
7291
-4826
3219
-12483
-11183
3772
-7758
16815
-2840
-23853
-1551
22927
-19248
-3491
-25229
-9114
4257
18441
4242
22021
-20179
26409
772
4807
3220
19772
15317
30338
-2227
-18371
-2689
1717
16288
9623
18734
-807
-7473
-13450
27979
30600
19213
597
23185
-1007
23804
30086
-6774
-19287
-18365
15712
18722
-11558
-3821
2470
-7046
-2858
18652
16038
-18476
-8038
-28185
-28326
11124
16011
-6177
-4552
17490
24988
15524
14160
17850
-19995
-9958
-16908
-26106
-12363
-16782
1248
25905
-9850
5586
-30369
1861
32735
-11000
19176
559
-12145
-21630
-2633
-18298
-32432
-21162
-30193
3991
-8710
-10043
17280
-9625
14125
933
6894
3214
24378
-29840
-10294
-11171
8383
-3474
-31873
32217
8589
-1504
25980
22933
-4394
20584
14522
-8609
-15829
20238
-31395
-17315
-11153
-12621
11313
-21164
2063
-21997
-2608
-9569
-26862
-9494
-27889
29157
-15718
-17629
-25666
-24104
-10955
-31513
2608
3224
25407
10249
-19374
32380
15203
-2386
14918
-11547
14620
-31691
6149
11313
16724
13015
-23344
18045
-20205
-26842
-15641
-708
12469
29772
14331
-27247
4687
26295
18272
-16554
-4437
5751
-27727
3019
8421
24184
-25310
-10638
-4048
23020
30408
-15009
-24355
22390
-4237
22018
13100
-30547
31546
1080
-2810
19627
-24653
-20269
-29867
17859
-1029
30985
10416
22653
30383
-22714
-18785
8394
-2445
10352
11340
-5301
-23804
32647
5918
-13335
-28819
-20283
-18608
-6470
-26525
-11480
13164
23741
-12394
2170
-20978
24287
-29942
24020
-31794
-30220
16238
-6235
25638
5057
-14121
-3676
21386
23621
-31831
-5139
10540
-28647
32038
28083
-10313
-28094
-29772
10234
25009
27823
14834
-28657
16675
-12598
-19409
14435
-28568
9018
-10104
-15469
8547
-4582
15450
-17554
7085
23260
3074
-17640
-21584
7099
26329
-20613
-10112
401
103
25113
5698
30652
6400
32370
8032
25574
-10178
31679
-7656
-30910
4318
22
15365
-23687
25496
-21983
7132
1216
-18119
-20676
6289
32277
32121
30116
-20606
25279
-25494
-26590
29496
-10200
18362
16737
-6950
-17665
7114
14533
6720
-13148
-19792
26057
31161
-13155
190
31278
-7553
-6821
1692
30634
9477
-8949
31992
-13881
-15390
32639
23329
10366
2127
32259
16764
-10531
-13286
-14178
-30794
-25374
-13823
30484
24363
16244
-26205
-12453
-19384
23162
-31190
21638
-15992
-16927
15875
-29188
-7068
-16175
-1611
-8802
7388
-17650
-26699
-18238
1345
1370
-15524
1361
-18082
-13019
3795
2473
25721
3030
-20254
345
17492
-7267
-28384
24426
22372
16759
-10017
6534
30802
-27932
412
-14236
2953
-13579
24872
-19832
32199
3978
19965
-30748
-25866
-4216
22077
1315
15170
-30554
10040
-14976
16619
4283
4623
-19801
-3124
-19692
-19037
1027
-30968
-6452
10366
-28081
22967
18654
-17242
4688
-14160
-27715
17864
11257
-25943
-27233
13900
-3073
-23272
5644
13743
5376
-25750
10220
23988
-12330
23146
14894
23295
-13814
3350
-26785
-30471
23855
-23055
-18889
-28959
-29531
-24528
9036
26773
-32012
19384
-1415
20330
-24252
32019
-26690
-15680
-13003
-19753
2000
28667
-17631
6590
1116
-737
-31043
-8542
3093
-14563
23113
27686
-13871
-25
-9210
14521
-32161
5011
31427
-1979
31201
-11125
-18805
-1329
-5818
25987
5547
-15551
-22698
-5477
6003
-3086
6939
25328
-4487
-9662
-31452
9283
16728
22228
-23272
-32756
4355
7266
-16096
30154
23961
989
29424
-6567
-10150
-14938
1250
-13007
30422
16216
9128
-18259
32602
1320
13632
23866
-26636
-12078
-8811
4830
28306
10105
-21104
-26561
1855
-16447
-28529
-6398
-6642
-17329
-19861
29694
2584
32402
12121
-20600
-10051
10142
13224
-20339
32066
17834
5601
-11949
-18442
19090
32305
-17552
3498
-7311
-4838
-26468
-27882
7651
-21693
11654
19770
-24620
-11574
-25321
12927
-7429
1915
14288
15259
-20847
-8967
21639
-22648
-6483
10342
4169
18482
-16228
-10842
3266
-12503
13908
8185
-20543
-26449
-6886
-22900
-25362
15874
21500
-28584
-8906
-30985
-13136
7349
26388
13067
9380
-8352
32358
-8347
31335
-27539
10803
-28456
-31977
-28221
-13485
30018
31674
6681
-3406
20297
-2228
-4547
-23981
5072
25299
-18319
18796
-20279
-2733
-4418
23666
-5212
24382
24433
-5278
-26354
25457
-31718
-32242
-27257
-18358
-7838
11674
20285
-22703
4762
-6525
-29587
-7165
-23864
-4105
-21982
1500
-14980
-30507
-9436
-8833
32485
8516
-32237
-22144
-13005
13014
-21808
2017
-24073
-21698
1433
-659
19617
-30287
8575
10781
13523
30557
31545
-7112
2758
29348
4172
19507
-29804
-31246
2167
26125
14159
22461
19264
10310
-30143
12164
-13890
15356
-3448
-15033
8411
18039
26385
14090
28588
-28876
31443
30273
31612
-9175
-12622
8241
-5044
6347
-25085
28860
-9522
20230
3935
-28727
23789
-14974
-21781
-20497
15524
4432
19574
-19579
16774
23266
-26099
25527
16938
-16882
-1281
-23734
6036
4554
11345
8012
-6675
-24400
-19603
19901
-30220
6510
-4503
26182
-29859
12225
-3665
-120
-24547
14663
29731
21472
-28065
-6733
18087
-18652
-23897
25068
-26952
-893
20185
-10965
-14624
-22987
-5951
4577
-14757
-19942
23522
-23985
28119
17838
32736
-15609
-3769
-3149
29451
-17884
-1539
30604
-22772
12429
5186
24376
4976
29946
-553
19086
31798
-31755
-12806
-26395
21256
-24988
13989
-14908
15098
-31029
21695
17286
-20890
-22843
25852
-11274
-12966
24268
8974
-28539
-18176
25906
6534
-7598
-19120
2110
-24033
-10813
-13605
29987
27554
-25537
-7625
-30903
-28964
-3926
-31285
-2951
27382
-22424
18250
-16036
9685
-20162
-14547
-13243
10377
-16269
25500
15904
14324
19858
-1025
-25848
6644
5710
-4673
9908
-18464
17559
-11860
-9272
28485
-29937
-5675
-6746
-11614
-1779
-1103
25883
15244
-1900
10196
8634
-24531
-8885
11496
23907
-14366
13943
18929
15599
-21182
13322
2410
-27064
28862
-29490
-8662
10806
-8487
-9717
-15050
-6457
-11140
31415
-6568
-27046
-27462
4103
-4063
-3096
16157
-8263
19537
8588
-5600
9052
18577
-21835
18936
14573
-438
-23442
15443
21356
29309
-15237
-30058
5552
-22201
19203
23638
-11859
6600
7233
-26840
-6428
26740
-11571
-8938
-4865
-26906
6804
19088
14897
12024
10723
-1493
14718
-26579
23355
3192
-19194
-9173
-17742
-17959
-13563
-16041
31703
28674
29408
-26531
-6361
-15865
-16635
-8001
29678
-24036
30147
9627
20269
-6827
8863
-7454
-14467
29777
-22532
-13648
-13511
21336
9840
-17968
-12537
-28065
-5197
17723
-18492
-25954
-20590
-26949
-32637
-26847
-7450
15228
17065
-6097
10715
-27611
21025
7724
1463
22886
-18197
25419
3604
21913
15821
32008
-14920
8421
30840
-27410
-11246
26796
-16646
30403
26973
23685
-4712
28861
11470
12650
4152
20526
25771
-14877
-22797
12017
11745
-22237
-22246
-21228
-25057
3771
-589
-30569
-31436
-12729
23053
22583
19645
-16970
5142
-5843
-26727
16073
32207
-12920
27897
3047
-20242
9050
21648
8589
10272
20568
21686
-23164
-15318
14466
-9647
-19680
-12370
29300
-16263
-9826
-31276
-25474
-29145
24213
-26344
19828
9159
-8010
30700
-3820
-6745
4258
-30199
-6250
27178
-18850
-1797
975
14068
21456
-941
-24852
16518
-14176
-16455
28305
10617
26636
-22317
13157
27327
-28550
-25794
21497
-6055
-30266
-11934
14842
18957
26135
17225
-428
-5015
-27966
-18539
10378
24691
-29476
1070
-18173
-3278
-1238
-9412
-7303
16664
-23868
6644
-29106
-13681
12086
-10861
-10033
-11902
27587
-25049
24757
-26900
3734
-9288
-25767
22496
-6313
-2021
20982
-7458
21874
10742
28206
30551
-16069
24524
-24244
-20207
-19162
20003
-8428
-20357
1406
14165
29115
-2419
-30130
31111
658
-12639
-27083
9889
9189
2750
-30534
-8385
-15759
-28904
-32552
4407
-19345
-32141
16280
10649
14901
31993
13767
-16614
24760
-21265
23138
2092
17947
18698
-6960
-21251
-30106
-26227
27472
16386
-20352
-22207
11010
-14186
-18508
-32638
18721
-26918
9883
15851
-1791
10674
18495
-2401
-32182
-8298
8794
-23342
7293
8999
-19825
-23610
-2122
12290
-8096
-16936
-4595
-30113
31107
24723
-8475
-12284
-16479
9879
3048
-4883
-5406
-24211
27929
-32356
21348
11391
-15545
3927
19915
32233
18817
-32525
25405
15881
13822
24340
27515
12808
15078
7884
19342
-30092
-16503
-14691
25130
25166
-13225
11917
26110
17332
27754
29634
18455
5781
-5240
20789
1263
11058
5274
-7921
-29311
-901
31974
10688
17955
-28412
-23709
8606
3620
-16491
26266
29547
-22468
15711
30509
25381
527
2695
-9036
-1900
22484
15706
-22740
7301
24344
23928
10212
-1610
-2146
-12280
-30302
13179
-14152
1471
29028
-23877
-7701
-28743
13553
16213
-21077
-16335
-22644
2732
6846
24218
-5349
-28912
-11046
5279
12558
-3551
-24212
11033
-11632
18177
12622
20017
3856
8666
10293
15965
9707
-3279
11050
10396
-8586
3617
28564
6458
11900
-61
-14833
30223
-15505
-4259
9225
-3254
28468
3859
27610
-991
2800
169
-8149
11210
-25435
12816
1760
8629
-14290
6555
-9643
-16095
-9270
13637
6459
-13188
-31609
-10200
-1606
28573
-4296
16400
24708
14560
1609
-15970
-7196
-31426
-6075
-14399
-1409
-661
160
5673
17830
994
-13057
30374
9028
-15209
-18260
-16038
27092
11942
-23564
-6726
-12123
-15992
15329
7823
-31330
-404
-32153
-1635
12692
30214
13677
-32463
-17586
3493
8050
3554
26467
23830
4607
-22436
5447
-17029
24612
11977
17391
-15748
12059
-3176
-13567
854
17107
15409
26996
14479
-6574
-6568
7258
-18642
6309
-9704
15666
16182
-5197
-10437
-28064
-27716
-6712
16569
-32593
4906
-25876
-3186
-6908
-23413
8299
-8614
8234
15434
-9366
9068
23709
-12386
18552
-20850
-9474
-21750
22420
-32438
2384
5702
-23107
9252
13121
17590
-11356
-9906
32737
775
-32057
-4172
29746
30180
-1646
-2153
-26614
-14030
-22562
-13128
3767
29616
-19957
19942
-14878
31987
23493
12358
-14735
15376
-21124
2565
-1387
30032
30654
-17152
-11718
13610
-1760
-5190
31545
-5576
2394
29252
10357
-32179
-29801
-1550
-11889
20928
-13613
-19679
19374
4220
-10177
-12353
-29584
-25596
-14791
14338
15472
-29852
-15409
-1676
25007
-3928
-23605
31157
18590
14518
-19876
-15885
-30209
1388
16209
-10326
-10683
-8131
-3121
1812
24523
16205
22957
-13096
10415
-17798
-19990
22809
17140
25144
-4022
19954
2023
26102
6070
27074
-2397
14405
-30623
-5880
-18032
16151
12219
-6735
-29017
180
-29140
19095
18992
-1000
24318
9986
30094
-26232
-17583
16290
-4713
-322
-12206
-13900
6142
28112
26543
-18140
-20165
25900
-20607
29375
24138
-22226
16153
-11336
18249
24924
-13675
-29904
18906
29413
10332
-32697
-26351
26998
30863
29394
-15791
5392
-6290
6165
23093
31801
13814
16150
25531
-19415
-26014
13740
18688
19154
4641
8364
2666
23182
16918
-29695
-29160
24730
10471
-16792
8422
-10120
31662
-4580
-6565
90
30230
10601
-23032
-17714
16326
5006
2244
-25056
-20812
27376
29289
-898
-21273
22112
6964
-14597
22579
8380
-20882
21191
18452
23701
16284
26008
8621
14376
5242
21814
25063
-2886
12999
-1836
29124
-19310
-23475
-29605
-2034
18931
-28945
1190
7968
-13322
29546
28732
18671
27306
1151
-10985
2799
-4946
9458
-10891
20727
-16740
218
14391
14973
-24341
-27781
13304
15001
-301
19529
30090
-12407
-22915
31443
-23487
20056
-12022
-31264
-19341
-5004
7365
-4344
-4068
11751
13090
686
-15186
-4958
-6415
-911
-25372
-31744
-6136
15314
7811
9117
-12640
18485
21149
15874
30204
-26220
-8362
7787
11174
7358
-13546
-12461
-25014
16558
1194
-8925
-7438
-16519
19104
-24515
26959
8321
22113
22324
-26781
19702
5540
26946
21122
4101
-32735
27400
6164
5685
11681
8499
2574
-23401
-19348
-15757
-5864
7572
14174
9657
13605
16163
1462
-30874
-13097
32428
29014
17591
15780
-24302
24838
-17277
-23975
-4142
-14293
6042
-27703
-28203
-2218
-10693
6178
-20424
-5778
19337
20085
16641
-17726
28101
8106
-12843
-6418
-11658
26937
30364
12106
13196
6276
7696
4024
9201
30907
-17185
-26546
22819
2810
-31573
21539
-31840
-22545
26804
1276
26934
-7521
-10910
-13582
30505
31012
3259
19255
-23461
-31138
22171
10507
-1008
-5892
7150
-308
25166
-32681
15637
24895
29325
-23994
29653
4114
-4572
-25003
28329
-3721
12223
9648
-18649
19623
-25168
-22441
19269
31815
-10775
31441
-29631
-16376
-3198
11527
-28901
-4904
-13073
-32094
16301
-13420
10610
8718
27847
-30744
28405
-13472
-26290
-6303
9238
-29875
-28731
-1810
-2614
24729
3303
28960
4778
17551
-14934
-4383
-4507
-18363
-23199
-7662
-17600
-29786
-23554
-6728
17573
24992
4779
17551
-30806
-283
-5564
-20155
-23245
-7674
-24763
-21777
-7698
10168
21921
26051
7099
16601
-22857
-9504
-26355
-6287
25106
-17856
-29724
-23570
-7748
26028
24992
16555
20651
-32117
-18521
-1402
-20140
-24265
-32497
-28863
-818
-822
8907
7415
20740
15075
1741
1982
-9248
-13489
-3259
25399
-11765
-25818
-3585
-3684
900
14566
1608
19870
-31748
-25096
-8635
-14803
-1529
9589
-14569
-26037
-13914
26106
-10827
16582
15024
729
24755
-5395
-25234
-17311
29280
-24964
-6493
-16283
-18535
-22903
23279
17422
3979
-24579
-3904
-30767
-24325
-13441
1353
16216
-8792
-31023
28857
-305
3150
23819
3064
-11031
-15213
-23891
-12306
10340
22089
-8898
-6923
-15116
-25932
-12392
23161
9770
-17466
-1146
13078
-32605
-29399
-23472
14940
-20765
-27931
9116
-32096
6573
18008
-16768
-32163
8595
-3545
-9363
-18067
-19159
-18912
16100
20420
-9362
-16531
29349
-31156
10911
-27918
-9319
21329
26226
-1200
23330
-18818
-5901
18413
14196
-26701
-13117
-27479
25091
2628
-15227
-18264
25947
18844
25844
8692
-8130
-11825
-13872
28135
-17502
8607
-13276
-13167
31421
31834
9710
15664
21302
29803
-3598
11167
28336
-6799
22678
-19308
-32692
2323
-26026
-15967
7659
1345
5978
-14344
1137
-3820
-24665
3798
-29272
3697
21376
-18873
11517
17766
-21549
26531
32551
-26313
-22145
-31475
7753
23982
-14896
-4865
-25882
6540
19024
2560
-23916
10720
8747
-14130
-23134
13347
-13984
-18998
-5095
11998
31210
8841
23783
17792
8171
1989
6142
-12336
20075
-19706
15271
-32098
-20574
-26953
-8064
-26655
9431
-29828
19913
-5143
-5843
-22119
12597
32303
13687
-27849
3051
-21267
15458
-27296
24690
-10020
21382
-21434
-22967
9438
-9346
2921
32460
-29362
-17847
13286
-8546
31258
-23950
-25128
16973
-24553
-3259
-11465
-149
-28636
13097
17580
930
22767
-11638
11015
-24937
-5992
-10761
1238
12092
10129
29099
32393
-30369
28997
25267
-11671
-27842
-18455
-12139
-22652
17070
6190
-9669
-5318
-29416
-10660
1083
-18170
-26317
-21634
-29303
24185
17698
-23614
-4681
16054
-24112
-15049
-28473
-29936
28114
15279
10908
-27406
7189
25405
29193
9830
23509
23106
-988
15089
18121
-19649
-87
-32747
13061
26279
21348
-25985
-4181
1077
-26875
3823
18854
3322
-12505
18007
-24807
18680
24751
-5910
-23061
31793
2548
8302
-8101
26070
28606
14128
-3678
23947
-11303
-7343
-13550
-11950
-28170
350
27733
10189
-7236
-7384
16652
16577
2225
-16323
5007
16068
-11828
-16944
-18929
-29457
-990
8432
-13187
-11641
-28924
-4897
13038
29406
16466
11412
12156
9089
-3929
32712
-28403
-19103
30258
-24736
-15642
-3780
29101
25736
1003
4349
4638
-16733
-27947
-23664
-15453
4463
-32135
16282
-16999
-26083
21939
28615
-17106
24625
-15156
4794
-25461
-11749
-7390
-12530
-2467
-24453
-11426
881
15578
-21169
7689
22974
17628
-4674
-32076
-8792
24273
18185
-3252
28469
-31981
3010
-6937
15600
325
-8109
-3116
23314
-16782
-29984
18349
-11932
12283
-15455
1903
981
7922
-4735
24251
21779
-23570
-12356
28272
25408
-2026
-16395
-32126
-29787
-22530
8880
29929
32211
-29297
17528
-12394
-15750
-25318
21116
-24517
-11954
-31759
15867
-21243
7195
19774
-6699
-15170
-9562
-13540
-175
1578
-7290
-4826
-18797
-7991
-8205
-7101
7896
16779
-24351
-135
-17376
-25488
26148
-1723
30627
-10489
-19857
-7169
10040
14208
32143
8088
-9767
1989
-3074
-2280
16424
8330
22627
-32088
10159
22948
-30502
27431
11807
-31269
-8579
16419
-21880
-21001
14886
8445
-15234
-30057
24496
-1709
24486
29014
-12105
6540
-22448
13124
-21321
-23948
-30759
-14087
-15953
-31768
-16387
-384
-31651
8223
-3513
-15499
32603
-19160
23072
17980
20739
27874
-8735
29379
-25003
24745
-3349
12127
7561
31065
19620
-7760
29103
31880
-32293
12661
31295
-19333
-28042
5049
26825
10467
-10135
12714
-25079
-3394
28490
-6388
11277
4955
24304
24833
-1918
32209
-25713
-14892
-4354
-28062
22972
21212
27666
-23588
-29264
-25993
18345
16229
7591
-29358
-21426
3659
8078
20956
-30508
-25820
-28673
27360
9325
-13997
-22074
19746
8146
-15413
5493
21367
-16773
226
13881
18914
8427
19579
1414
14186
-32332
30062
30129
16775
13026
-15651
30002
-6234
-9178
-1359
-3239
7984
-2574
23703
29596
-3584
1380
339
-14250
21893
14794
17409
1416
17257
92
-28137
-25183
-14253
12676
27138
4692
-32591
-30419
345
6740
-2911
-27455
9753
-13366
16741
1243
-29889
21977
-21539
-9824
-12837
29421
27230
-32701
7440
16766
12509
28758
-6411
5232
-20684
-13677
23345
-3974
8190
29632
24599
-26427
-14080
-1582
16263
11166
-15184
-29531
16944
6664
26294
2400
-4534
-1458
11111
5775
2958
-8972
-21884
-15372
14714
-6612
19527
19337
23669
17829
-17438
9615
19752
-12848
25327
-18306
12655
28729
750
12990
20682
-5997
12277
-4702
-28493
-7923
-24703
31967
24014
27080
1697
-28251
10058
924
5344
15633
-12482
20561
-5964
-9732
24524
-4276
-24051
-20025
30482
21290
-20372
-1669
-6228
3620
23445
24146
32040
15280
24219
30491
-5336
-13028
25309
8306
-3492
22899
-20754
3302
24352
23414
22123
31030
2239
-4546
-31661
-9188
20671
11406
-19078
-20428
22893
32489
-31417
-19877
25586
28219
32594
-22230
3864
-10280
1113
-20194
-8411
-30089
10633
9265
23364
13415
-31375
11862
-22071
1825
-11322
14166
443
11373
-17085
-19414
27234
-12724
30223
-31377
-431
8296
-5542
-5310
3846
2015
-29192
23653
-6239
-19929
12269
-31324
-17822
26604
23860
-12297
23138
14380
19067
18954
9238
-25267
-30103
-1650
-21104
-18881
3299
-17119
10290
2140
-6649
-32691
-4333
-8166
-8250
-32178
11671
5950
-5151
-14545
-19899
-19467
-6246
-28119
-28242
14152
-11844
-23092
20536
-29522
21042
-14296
-10342
25673
-21030
-2003
3067
6377
12299
-24990
-3932
31176
22145
-31475
25161
16982
-15855
7424
25978
6548
29270
13425
8564
-21985
-15405
-12429
21570
13240
2185
29235
20072
-19194
-981
-19726
-17447
19329
-8073
31709
12288
-2464
15476
-12443
-9657
-17115
24627
4812
-23914
-20000
-32485
-7868
-12397
-17797
-13846
1513
21873
-30730
-32014
19897
30709
12050
-24166
-29403
-27053
11960
28147
27559
15422
-32393
-8865
6381
30730
-31502
-19403
18533
14473
-31661
29212
31331
9836
4055
-9238
22861
17121
-13763
-20197
5924
-3097
29982
5037
-18228
13634
-27334
8292
-935
-2322
-12714
28169
14174
24505
11089
14466
-5039
-16692
-13106
-21846
14335
-9840
2519
8806
26333
21882
-4108
20002
-1260
-1229
5946
-23584
-8769
-2348
-32168
-30318
-27785
-32261
3965
13761
-18661
-4440
-13193
25221
13924
18421
-9870
-25106
16960
19476
-27747
3520
31083
-24920
12439
23620
-1623
-18535
16009
32223
19852
28152
933
-3858
14298
20889
8389
31344
-11160
-11086
-7035
-8984
31875
-12327
-2967
-12558
-24543
19784
4552
-27567
-19396
-12697
18949
7189
19773
31189
9350
-7320
-19172
-979
1779
7089
8411
10871
31945
12747
-8687
24632
31438
28230
1869
3549
-9876
-12823
-5407
-22163
-22263
-20208
32550
16183
-15437
-24725
-32540
14136
-14944
16611
20665
4751
13958
-11316
-18092
-18649
-31577
-20960
-23340
26748
-19761
-10794
27358
13922
12788
18462
-1385
-31920
-12334
-28053
446
5740
-1609
-6242
-27096
-26458
30488
-11992
1512
20849
-15106
-27978
22920
-1327
12097
-5746
-1616
-23649
18848
-4869
31463
10316
1091
-26344
24948
10399
-7562
-14503
23640
-6738
-30560
-199
32304
11632
27398
-1513
-19599
-15430
-27799
-11780
-22564
-12104
-29297
21112
-13766
-15590
-15040
-31526
-24513
7503
-18071
28968
-29016
29367
19528
-17014
-16871
-17670
24011
25545
20021
-16111
7110
25798
5624
2389
-3513
-10379
31347
-19352
2674
-11640
20743
1251
-12495
13394
12156
12161
-3137
32520
-24260
14605
30257
18272
13142
-13133
7861
-24176
807
8399
-31118
32400
31577
15904
-524
32390
-2212
-20423
-27282
5745
22960
-19233
19550
28047
10168
-10335
17479
5017
19137
24613
-9527
15623
-8901
-1804
-30260
-13472
-21682
-5243
10038
17283
-921
-1823
12745
-29167
-3944
24519
10062
18333
3432
31040
-12638
-19915
-5655
4521
-27063
14014
-8254
-13745
14087
21423
-9652
-22233
-19685
-23648
-8273
30292
-31879
-30248
-28315
-27269
-20876
7361
-4343
-2020
28151
9126
9902
-14874
-4878
30437
31060
-27481
-29696
-21480
10846
15043
12997
19156
-10208
-24648
26321
27001
-1908
-29230
14959
10991
5358
6930
23282
-19959
18918
16618
23739
17303
-22942
-14636
29752
-18970
23570
23484
-19880
22002
-23081
19518
32151
-7266
-10464
-30618
25353
21508
18345
6501
5227
-28878
13522
-5795
8069
-546
29836
8650
4145
4140
9771
20934
-32046
11697
12087
10643
-23497
-12731
-25587
-5061
24790
-20748
1760
-5707
-1090
5400
-1684
4009
-9227
9546
-23784
15744
16155
4024
-2575
19607
-20036
-15604
18757
2755
-14171
30136
6021
30158
22424
2377
12864
-8460
-18944
-15124
12466
-11187
-12101
-4209
-29636
-1001
18173
-206
-31694
-15356
-11127
15499
23899
-15892
18424
-13967
-15410
-27788
14843
-6643
3663
22927
18640
-13147
-27984
12169
27581
18488
10398
31350
-23959
17886
-31748
7672
-187
-12753
-2025
-24075
-14530
-26047
-9308
-2722
29885
8646
12850
232
-7109
-5946
-29216
11875
-13372
13670
-31437
27718
-16951
8713
-9530
25860
5515
3401
-10936
-6408
-22413
-9396
4453
-25477
-21466
7249
-13524
-11939
28149
-7770
-27734
-5683
-4192
-8137
31181
-20352
-2239
15422
-12937
-12601
7212
18739
19166
-19422
4192
-16328
-3698
19840
-28677
8929
16125
-29246
-26517
9002
7820
-11362
11584
-18678
-21332
-16782
30432
31061
-8537
-9196
-18243
1886
15321
12929
-315
31820
-10773
-21295
15469
-4765
-24446
12129
-28794
-24322
-23170
21525
27053
28856
1743
29118
17036
-5082
8913
-15119
-11595
-26872
3820
5030
-9010
-1398
9047
-25453
18461
-2921
18124
-194
-22991
-11072
5785
-31349
21097
-15810
-23797
-10876
-7478
12663
6207
10303
-19361
-28033
23483
10329
-17338
-9111
15010
-25379
-7666
-15545
-21161
25615
30667
-15587
26433
25374
-9727
-29900
25051
28853
27340
12390
-27527
26678
-22307
-14490
-13737
32513
28990
24237
-5354
8467
-23546
-12727
-16882
-769
-23866
6132
2514
-5529
8013
2541
-10136
-21078
-1487
-5256
6408
-2448
11376
-5308
-9465
-16521
-8029
6121
-31787
-19470
-14437
21609
-7246
-21717
-12388
-23432
4182
-3019
4325
11800
-32294
4469
12415
-22913
5843
15257
26769
26869
30956
-19254
-2981
10494
31854
25571
17471
6023
-17458
-7804
9634
291
-15286
-18790
14539
-17853
31204
22666
-8557
-24039
-12350
16495
5275
6927
-3851
-7204
-27856
-25110
17985
17692
-11315
3412
-9905
-24607
30919
-25408
26633
-25902
30081
14731
19473
-14948
21228
11294
-11425
-30351
23886
-18967
12305
-24988
17573
-9824
15835
20237
25949
17309
-5536
16716
-12079
-21099
-14274
22943
-5420
-15008
-26414
-6395
7183
19771
-12844
-31506
-30670
32540
-1223
1848
13248
31895
-24612
-14136
-29789
-19457
-21608
5553
13639
12091
17808
-22545
2228
7228
28471
25363
-18942
-13588
-18642
-2907
-8000
13297
-29541
-32705
-10481
-30099
-625
-23400
-2449
3191
7429
10619
16396
9859
4589
-15784
-21742
-25710
-31789
-31245
18039
14097
9130
27309
-12674
10243
30288
-9352
-26776
-11020
-7020
-12052
7578
-8355
-32151
-9314
-23216
-27618
-31697
-25597
-18376
-5762
19341
28276
16705
-1838
-571
6794
-13161
-22852
-14622
18485
22173
16138
30140
-30332
23410
7786
25510
19502
-8301
-5541
-8894
16618
5307
20743
-23837
-6147
15920
-18960
19479
-3171
-11520
20326
4935
18679
23724
14738
22039
-20183
-15576
9036
22677
-29036
18616
15039
32474
-24245
7440
20862
13565
29014
-22857
1248
-20687
-5486
6513
-23954
-29729
32736
24839
-10109
-1647
-1641
23958
-1570
-27772
6598
3650
3980
2044
6640
-433
-8593
26663
1241
-28865
-12079
-29803
-15886
23551
29256
8822
-26407
19207
-8105
-2091
21018
-478
-30092
-6263
-12243
26539
805
-26929
11934
22010
-22059
24358
-649
-3417
4940
-29963
-17496
-31331
28780
26363
-16013
2014
10232
13745
-761
7355
-14057
-31273
-12674
23555
27576
-9159
18102
8992
-7026
30954
-32053
30135
19334
-17290
-23963
17885
-25604
-8760
-12599
-24017
-1073
-24316
30467
5422
-15519
-4770
-18291
4946
24306
13057
26790
22776
-9585
-14570
-4533
-27058
29375
74
-16878
15096
-21813
-9241
24910
5777
6537
25681
19420
-4000
-31240
-8075
-13859
-26140
-8886
-280
10823
-9531
30980
-11085
15493
-22184
24836
-22397
9073
-12646
-28613
-28370
-27799
-1540
-21108
-11720
11562
31504
-13774
4888
-7968
2553
-15763
-31969
-17471
-11897
-2110
-3553
14691
-4054
15338
-9587
25366
16899
-17404
-6023
13262
-16748
13016
9427
-18051
18733
-22311
12647
-453
12402
-17796
19435
-5523
11599
-28407
31584
19502
-11373
-5821
-8830
28891
-26409
20740
31459
5709
959
-9496
-30449
-3247
-7374
-9462
-11404
-24197
-16100
1989
14846
-15348
19595
3003
-11015
-32105
-27744
-13361
29540
16959
-10229
-30286
-2689
-10059
2460
10356
12877
-6921
-7436
6008
-4624
-13657
-11460
-17559
22444
-30908
30943
-26938
23196
6674
16048
-21551
19363
-3969
-17409
4488
14913
7908
-14972
-1814
14283
22941
16596
27316
-19848
17914
-7691
19902
-17932
-11506
-8859
-21789
-24083
12088
-28272
21831
13819
17173
9795
25564
24112
-20688
19090
29233
-18328
3434
-11456
24950
-26465
19222
-5037
-26932
17054
-30686
-24808
-7432
2427
-3508
2935
-25909
2439
21618
-9292
21338
31856
11236
-5458
-3202
-7879
17804
9192
4285
-11250
3755
-24649
-20270
-31915
1491
-5249
23817
10744
22573
-6469
8803
-16676
10442
-19869
14844
2060
-1517
10096
-4206
-9669
-27846
-27672
-11811
-6700
-15682
-26326
-9352
-7320
-14052
-7211
306
-5554
-8377
10863
17615
4026
24049
-7225
-25802
27131
-2387
2630
6277
2576
18576
12981
11464
8555
-26600
12598
15407
-7309
-22758
3720
-18497
15488
-20135
11572
-1769
22455
-1214
-28378
8555
-15336
9870
14830
-28152
31142
3738
-12357
-31119
-26992
-31095
175
21034
-30162
-2145
-8184
-14398
8319
3167
15631
28985
-15700
814
22733
-13694
-5835
-16481
1176
-209
3637
-25199
3167
24847
26241
-14483
29269
-31119
-13680
-28367
1390
9041
21650
-2163
-26612
32051
1974
-22558
-15177
29860
-19520
26007
-26194
-13992
-4156
-30162
-21601
-2128
-15869
20740
-11549
15645
2365
30813
9447
-3216
13114
-4952
-12557
25121
15948
3567
-25760
14830
-12792
28190
2907
-16704
22733
-27006
-371
-17826
30179
8595
3623
-6763
-18770
18118
-12996
16085
30664
-2275
-21463
20562
1716
9632
24867
22666
-28525
-20219
-13533
31070
-26459
6936
3312
13093
-4945
12530
-28067
16819
-5393
-25234
14433
21096
-27074
-2909
-16191
-18511
-4477
6269
-16337
-29813
-16907
-2042
-27151
-22441
-30395
19779
-9782
29121
2195
-16331
-10355
7756
23983
-28720
-17173
-29117
13452
19274
2628
5765
-29300
26744
718
-3914
8652
-7120
-24380
18800
-25906
-14458
11374
-30909
31966
22990
10944
5861
-31340
-21906
975
23796
18820
-1294
14153
27068
-14148
19390
27256
-6582
-14242
10119
13742
-15616
-4794
14987
727
-10576
23041
30260
24417
32614
-25305
27251
-27576
570
-28534
-12029
-24094
-4293
32272
-22152
2828
-3371
9552
-7394
-26367
-25742
26090
32177
19351
12402
-7556
23899
-4116
19492
-13423
31603
31786
14834
-9713
21303
-13717
-25330
12409
-28546
-26817
22753
-22391
-22157
30990
14513
-28067
1971
-1053
-26353
8561
-10722
-27093
-26458
-20200
-7900
2443
19057
-15352
-28022
13703
-26358
-5776
-20594
-13636
-20678
21136
-8191
6592
17475
-28264
25413
10263
-16299
-8299
-9126
23726
9106
-11101
-28543
-23807
27526
22582
-25923
-13414
2417
-18866
-28929
16034
12757
-14314
-9835
-25642
19906
16363
2949
5366
20244
32603
14120
31652
19998
23323
-21904
-8760
-10551
-23521
-1457
-16025
28635
5417
29536
3646
-15469
-12957
-11070
12953
2243
28705
23272
5135
-10965
-5408
-21139
-5631
-24236
27415
-19949
-15392
-10369
-2959
756
-23880
-15893
16889
1789
-19534
-26741
-16179
-6222
-7645
-8884
-20247
-19109
-16836
22771
28301
15742
21797
27107
4267
523
-27002
-3444
-20154
13619
294
-22965
-6946
28414
10082
30102
22926
-17712
-19519
-29289
-8066
-10273
18520
27782
-21512
-22615
-10075
9624
813
12493
5714
-8264
4689
29872
-59
24078
-8897
-21771
-27160
-29103
-3448
-8377
9839
18391
3962
28096
28587
-25803
-19973
1821
14281
30621
-12536
18524
647
-18268
-7848
29076
-21370
632
-29542
-11713
-32469
-24760
-20244
-17062
-2516
2151
23049
6198
21565
-1625
1434
-28819
-26939
-16740
-6950
255
13374
13159
-3905
13262
-19820
12736
9235
-30388
-15039
-22310
-5785
3979
3581
-10908
-28941
-5471
7549
1381
-17581
-23134
20003
-10476
-19861
1534
6004
31219
-2417
6734
-10073
11160
-31567
4133
9769
966
4854
2200
28215
11089
-23422
-13719
-18674
-16723
-19754
14288
8603
-22491
-8871
15596
-702
-6486
15463
-9375
14702
-29655
32274
3448
-22716
-10081
-16490
-12134
-26233
-27822
-5134
7979
25588
-29126
-13678
-14543
-27582
1592
1410
29035
-26440
12575
31781
-7695
13247
-20856
-27393
13334
13165
-24387
-19602
6077
22976
11459
-29847
26060
-29768
-17415
24457
-23203
31261
-7053
17108
13872
-23072
18483
-11620
-27902
7654
-31934
28118
8110
11220
-10590
-25595
-7623
29514
11828
8145
28619
-1747
27065
189
12846
14063
-11818
11222
9890
9701
-13006
-18218
-13500
8007
-28689
27876
1504
-13965
-3122
6932
6899
11913
11775
22820
10491
17007
9759
6091
-1059
26880
-8046
14821
-22006
-24106
-17098
567
-4983
-27397
30231
11113
-7028
-21782
13295
22684
2198
14900
-23815
16891
-23811
8186
-16959
23051
-11210
-7515
-10900
16113
-10303
-27041
-6469
18019
-22764
11915
9215
-8520
2067
29204
-1439
5996
-30731
-1806
-27187
16472
-13674
-31952
-29238
17001
1054
-27889
-26139
-1718
-19040
14339
20080
-11008
-11030
13459
22861
-3871
-6183
-17863
-8710
1221
30008
-10332
17478
22937
6869
29824
-2103
15389
-8833
19685
11680
-32461
24910
-16751
13017
28371
-5783
23944
-31271
12413
-385
-31645
7696
440
8301
30811
-31514
22064
22816
30458
23891
25582
32316
17267
26714
15558
15176
676
-28500
27914
17304
-31647
4112
-31196
133
18464
22680
22167
9480
-6392
10252
6739
7840
24981
22694
31896
-11297
1360
32606
-16599
4788
5768
28047
3000
-8967
18055
-23764
-6259
24620
17099
18487
17565
-16466
21652
-13940
7152
7883
-6257
28204
-15017
26847
29926
25552
21555
-19036
-30206
27540
-25038
3760
-6223
22563
13496
-29881
21447
23126
22561
15032
3291
29487
27181
-31649
14879
28915
-7459
8050
-542
23171
21013
-11743
24364
5493
23927
-16921
2
3584
-30820
8424
12411
-9090
167
31784
-28174
30047
31165
24732
8934
12540
16478
-5993
2036
-4110
-11741
20780
-27927
32159
-29284
-9092
3751
-1100
-20198
17700
-23101
24635
24270
-24306
13569
-28374
26472
-13036
-7457
4466
31358
31339
25198
3679
24459
26973
-13179
-14152
31167
28316
-23174
4116
28709
13545
1875
-27686
17361
9331
-5292
7427
-20614
-4992
20217
4899
-18706
-21802
30688
12567
-13273
-9071
-18275
19798
27087
13984
21445
21590
-8259
6736
15520
-20655
27274
-1929
-21523
1452
-25760
32750
-8444
27263
4683
15030
22744
-1401
-28844
-4917
-27925
29599
2560
-876
16092
10186
-20035
14604
13361
5476
10099
-15982
6119
-24106
10038
9603
-6869
-384
-22435
11079
-3961
29632
-11753
-19167
-15838
13068
-14171
11192
185
28719
12011
-27161
12882
752
9401
-5785
2443
3185
-11004
-26901
11415
7548
-5787
-15477
-17563
-1617
-19048
-19955
7655
23874
6634
585
21654
-14452
-25492
15907
-10252
-19886
-14864
5367
-6892
5775
11662
-10952
-22300
23400
-8596
-6617
-8123
-18479
-6501
-9621
-16082
10185
-10819
-6460
636
-30565
-9417
-16005
-24612
4296
-17389
-16772
-14109
-13399
13693
7989
-16909
1031
9993
-14452
25196
95
-10217
18869
-770
5318
31000
4788
13448
25931
2456
21621
9653
-23770
911
-13084
-4960
-3343
32089
-16980
-9200
28348
15218
30378
31047
-13661
32061
-26187
7518
11629
14081
-26706
26308
-14980
-18219
-10428
-8577
-16861
4340
-32228
-13949
3059
-15125
5811
4993
-23865
27636
21546
-606
-5485
-143
-10206
-27208
-8123
18897
-10009
-10872
15049
7879
-10868
31432
1607
-28259
27460
24583
-28479
-5359
-1774
23990
-19498
-15982
7655
-23742
10134
3498
-20623
-382
-25507
-24017
-11313
-21676
30083
-19061
-5623
-4778
26767
14066
-11311
20819
-2314
23120
31264
-16772
28387
-7323
16159
-31303
-8603
1061
-29951
10710
18470
16025
-15397
17265
26202
-17574
7072
13023
19666
28077
16304
5523
25935
-103
24601
27334
26724
5833
-12897
-7940
-14338
-14224
20364
-3204
9529
-3836
4003
3063
-31510
3635
22416
-19637
3508
21878
32247
29574
12806
-32539
-21192
-24556
22853
16099
-14907
14074
-14381
17531
30614
11018
-22892
-17176
1603
-11876
29636
9238
-32435
-29359
-1970
-8733
10947
3301
17696
-25662
26567
7486
18805
-4401
-28562
31547
16952
-23030
22734
-32126
15781
-29934
10706
-20953
3797
-29272
-14223
25484
-17884
14333
17808
-21521
2988
7420
24326
-4225
-18943
4844
18078
-14038
-28712
-2327
-29609
-20467
17251
19038
5123
14632
-14280
25502
26656
-22824
26875
-21777
7662
6464
23138
-27092
24743
16616
-24901
-2413
-30135
-14970
-7446
-19073
30773
8445
8830
-19749
20947
25303
32368
29024
-838
-297
-13752
23814
-30725
-21263
7269
-23263
-24062
11204
-29018
-21836
-6152
20529
-6996
6882
24205
21278
20065
-20732
-22369
9078
-2405
20555
-7502
28521
-252
-21441
8791
-18735
17113
-3533
-12440
-27580
-3015
-19226
7760
19368
-19843
32251
-23163
7722
19894
-14346
-9102
23204
29212
21603
11696
3383
25431
-18925
17128
-2497
-5021
-31552
9785
-30270
4451
122
1566
30091
-24183
-223
27702
6613
-5562
-11963
14835
-15345
5771
-9329
-7852
-6249
-28630
-13526
-6308
-5095
-32034
21426
10315
-4542
27724
8139
-24627
28876
-14638
-22471
3934
12745
12305
-8604
21541
-8799
15571
3405
25929
-15464
-7327
2334
-32683
-25323
-13185
22663
10384
-15243
4245
-20988
16605
6326
-996
-11521
3354
15708
-17619
-26691
16064
13773
-29416
-1956
4071
-17434
8590
17440
-29312
25211
6234
12326
14441
-15766
-23778
32129
-23653
27553
-5057
14551
-20412
17265
-26534
-31450
5187
-14024
30172
28060
-23620
4520
31817
20458
-16027
26075
-27715
21448
11861
-25655
-12859
-7958
-3077
26905
11412
31100
13997
-2618
9882
1515
-19087
14902
-21255
-14745
-32235
12161
25023
23212
-22498
29527
-24525
18252
-18595
-19271
-10681
1597
20355
10623
-13299
3227
22847
-7939
-30722
-25872
23433
-2475
28281
-3774
-28750
9971
-4623
7335
-23280
-23026
2255
-25054
30900
-9508
24322
-20610
-20863
22269
22290
-20630
-29052
30396
5442
32122
7076
29406
21586
10684
11836
29651
25619
32716
-1780
-22607
12451
11849
-29234
-3992
8698
-10179
17343
10856
-19250
-934
8942
15614
21318
26743
5837
11166
-12112
-30323
17264
19034
-3582
2404
-31157
-5986
28150
-22618
17574
-8800
-1325
32577
31022
-9031
-5481
2416
-5042
-9525
11015
23703
-9828
-9772
4038
-21522
10156
21924
19906
23531
4685
4791
-8568
-26593
14135
-3165
-27889
-23579
-2114
-18944
-12052
13722
-10995
-32535
31547
-29640
-27626
21549
-18013
13595
-29908
-10787
27868
-7698
-32328
32109
28577
-32457
9039
-22891
30440
30551
-12997
23764
-24180
-32480
14666
20000
1812
16843
14577
22605
-19293
-2495
-17796
-4629
-15711
10029
2949
6390
19468
32667
1817
-2104
19997
-31973
23488
-8121
-17967
24839
-1405
-3755
-1097
-10982
-25876
-27762
-572
-23926
-24089
-17094
8244
-947
22251
-12521
9307
-6306
19993
12058
31128
-21867
7152
27851
-1045
26893
3217
22845
29949
10198
-19526
393
-2975
28400
-26271
-14486
-19884
31217
-18801
-28978
-850
8914
-11023
4245
-23036
17101
6198
-9155
-9545
3352
-21156
6669
-16713
29904
-19491
-29296
-10113
6063
15300
-28538
-21248
-23014
10442
-16797
15076
2252
-13790
-21732
-4207
571
25226
-20889
-16699
8396
-15758
-22248
20244
9051
8336
32357
16229
-31321
-21918
-23092
27704
-31786
20978
14559
27206
25669
5593
-12451
-16311
-13422
-7821
-25186
92
-17385
-27011
-13645
-30407
-31396
4701
-17229
-11179
-27971
-12406
2173
-27121
-24913
-1898
-24108
-31434
-30649
-12543
31838
24047
11200
5287
-31488
-20918
10958
7910
7044
19158
6688
10940
19194
27179
28254
-29365
7752
20910
-31544
-965
-20746
-25376
18945
-11756
30497
13606
3875
-12330
-19350
114
21532
29103
9352
-26773
13556
6996
-4381
-28059
9149
-32088
7087
22236
-29926
-25648
-27709
-31273
26238
30547
24890
32396
-5282
8961
13446
20296
-24756
-18707
-19242
-18852
251
-18369
6527
-18323
4459
-24968
12450
-951
-1302
-4785
28297
17791
17365
11890
-7744
23987
-26665
-32038
20403
10099
-20590
3259
-22729
-24957
-30563
-6858
17031
-988
-3855
30173
-16484
-11112
3215
13114
-11608
-16113
25025
-14669
-3551
-25748
9709
-11984
-20498
19108
20028
23315
28274
-704
23210
-27105
-3925
-15413
-22667
32403
-19111
-13764
-16101
18884
-6942
-20239
26973
-18299
-10928
32510
-16574
21166
4110
-10205
-21576
-21063
23093
9273
9030
14999
720
-4431
-25999
1448
-23711
31134
-25452
-26084
4019
15347
-22389
3443
-10938
4859
2203
13367
-1179
-28369
-20631
-19324
-16824
9966
-26122
31566
29221
109
2587
-26478
-12011
-28185
20314
7496
13160
-25412
-2538
17513
-17006
-17377
-30081
-8821
2265
-11225
-14687
-16859
11509
356
-21925
-7230
20279
5971
-21510
19881
26609
2867
-24358
-28809
5827
11165
19632
27061
31422
13402
-3714
2493
32380
9571
-3822
15270
-21858
-6158
-31693
17412
-18551
9357
23402
19564
18307
-13969
-2615
8857
-9501
17677
6089
24541
-15032
-13608
-23773
-26226
-24240
-19178
-29649
-29165
-17256
-14241
903
32486
-11964
31219
-26993
654
-8538
-21996
-6191
4155
-6610
-29113
-371
28766
18167
11568
9494
26895
-18799
-3383
24407
-14997
24272
265
-24512
31568
-25054
-31052
-7008
20705
21657
-26737
22220
-13538
-21679
-26750
-14641
-19394
29287
-8067
14303
-18536
21129
9223
23369
-10140
-6743
-3935
12233
2477
-12168
12222
-1104
-15589
20800
-7438
-18055
19244
-24483
29015
-6473
22112
-17612
-4165
21041
-24024
3022
21220
2076
-13801
2833
-4910
22765
12938
-26937
-20324
25414
8215
1093
-4327
-4072
20454
9062
17567
23982
-5680
-6233
-26586
-22215
-6372
2569
14998
23760
-17523
-28780
30970
14031
31198
16516
11424
881
16602
-19785
6600
-22463
-17600
-4698
-17742
-7207
-8911
-15114
4788
26760
29427
3161
9486
-1271
-23756
31627
30229
-13463
22860
-31519
-18383
-21124
2053
-1519
30064
32694
-238
-11718
-28374
-11928
-7688
-5699
-13380
2424
31308
-4505
-23995
10197
-15430
-9367
-15508
-23715
-3695
-14457
21102
-9665
27451
-23528
-25010
5807
6534
-26542
-21724
3999
19448
-5015
-13630
-24283
11531
280
-10684
1085
-30457
6483
-14234
21897
22985
17601
-15431
-3223
3900
-28207
23895
-2577
21136
2561
8852
19168
14893
-12545
10274
13400
-13954
-31795
24052
-12858
-9494
15119
23221
-14312
6550
13910
-24071
1341
-19643
6071
-12350
-25489
8739
5836
-31842
-17952
-27893
-6684
-4430
-3471
-9864
-27156
-11184
-4932
-25866
24456
31581
3617
-1644
15766
10014
-23159
-27607
30242
3940
-14393
-1922
29167
24728
1767
12724
526
26759
-30992
-4431
-9615
5416
-22688
30870
-8492
-26104
-28746
13042
-7975
24055
-6714
5818
2435
-2445
-1424
6504
-6552
-6058
-5179
5926
-12313
-410
12389
16505
-25954
-27246
-26545
-31965
32718
-26356
15217
5802
-22649
-850
-3886
-7723
7606
-4778
-10609
6158
-10189
-21572
-29256
23157
26153
-19642
16311
914
-20765
-28955
9380
-31904
27102
-9564
2844
19153
10785
-5924
14822
-18934
24814
-29446
32295
27509
-27637
-29142
-2922
-5940
-26654
-17193
27212
29767
-31239
28277
-22207
-32510
-7358
-17130
10815
-22821
-26885
21139
8705
-4412
30828
-26901
-873
10460
-7066
-32559
27957
-1641
5526
-5298
-26875
14575
17482
3994
6137
-20015
-24809
-15109
-8521
16
-20988
2781
2722
-1859
-1058
1280
15690
3880
6100
21978
-16931
6668
-841
9940
-22536
-32591
-11987
6121
8149
-27190
-12711
9738
-1074
-21756
14231
1418
-4247
-20988
-18211
10054
-3169
12544
-3550
15724
-13535
-5282
14593
12850
20200
-2265
-5081
-19247
-23971
-13357
-13981
21962
5081
4305
-2539
-8599
23590
-31311
-5017
6337
2049
-16368
29572
15366
1913
-29232
-28561
-31429
15940
-17939
-22776
-19828
15814
5898
2540
-27032
-842
-4396
-10648
-25546
-2507
-12191
8120
-31279
20607
-2369
578
-16748
10968
8931
-18179
10574
-20479
12640
20026
-11502
-16030
-27174
24669
11479
-3732
21433
-13239
138
-11741
-24276
-20727
29340
20034
11020
3733
7096
27865
27631
-6100
9691
20797
25325
8830
-27941
22931
24791
-268
20544
-848
-16683
20168
-1745
-20551
-19279
7749
9645
-15584
11086
19077
3636
18833
31479
31816
12778
-25575
29246
28267
-6330
11807
2011
-7
18433
-24432
27493
14863
-31497
-460
4209
27708
-17961
22278
31599
-28115
15279
5276
-25842
8181
-25662
-29241
9834
18390
17786
15828
31502
-18891
-20255
1881
-31784
-11279
-31397
-32164
22419
-21173
-13304
25754
2543
-18840
13046
-9000
23183
-23018
-2359
-28577
-2249
16931
-16884
-22273
13166
12989
20682
11923
8185
-7743
-29773
-7685
-24643
4304
15893
-20487
16545
-23895
11247
6316
6170
24118
-23759
-14966
4841
-28513
-18682
-11601
-18162
-20175
-20178
3881
-8236
9290
-24230
15636
15167
9913
-18461
7831
408
-4507
2629
-30587
-5840
29086
31876
-23592
8625
-18385
3451
-25276
4203
-29638
13334
-1683
-27735
-16435
15500
-10918
11516
16230
-2137
28678
-27935
-22115
-22220
20767
31973
-7744
-19533
-21109
-29639
-3050
3821
-20570
-20298
-7860
-10863
-21297
18538
19594
18363
-31391
-27054
-22856
3299
29473
6702
1215
-8922
-30477
-4307
7189
7485
28021
8583
-24030
-6196
-964
-22793
20720
15005
-4398
16489
13466
-24753
-27923
31646
-31728
-25588
1595
6530
-20397
-22156
19727
-1063
-7935
-13438
29047
-26433
2334
-17323
-28051
-12353
-22416
-27316
-15239
-22378
-26252
-29841
-13363
11620
-12029
-542
-1917
31697
-10237
-10832
-3385
23892
23023
-16696
12495
-25518
30764
15099
22219
8991
24193
-5859
31125
25750
29676
-20452
-2713
1203
3877
-23081
8766
26315
-6785
28309
9592
25364
-6141
5072
-15661
-28367
17262
12893
20723
-4451
7290
32038
27571
-10693
-28126
-27732
-7732
25008
-32593
16682
-28984
-2385
-21434
-19383
8314
-9634
17187
11342
-29365
15944
23022
-31032
31935
-28714
-25366
2563
22164
-11512
7524
5987
-12810
13542
24912
21654
-19060
-32760
14594
7730
-31824
-14869
20721
669
-23902
21485
-12196
-20553
-27982
-29815
-14347
25202
-19880
18930
-23825
19966
3556
32610
-10458
28775
-12039
15263
-17264
-12195
5559
-186
-28625
10539
-27624
-19922
7663
-9408
10598
-30197
28566
-12998
-24876
-11640
-25337
13947
-15374
1915
26064
12223
-21584
-27205
17477
-22631
-7511
19311
77
7699
-8776
-12075
17812
-1042
5900
23021
3784
-26193
-18600
-19784
-25141
22089
17214
-15799
-13034
-7969
-27146
23126
31265
12924
3835
-1117
2335
-31659
-8675
-9157
19638
-23116
-15322
22657
-9583
29969
32686
32020
-15425
6504
-18328
-150
-4572
28245
21321
-396
-5023
-11584
-18667
-21333
16499
-31076
1706
14759
-9702
-18126
-25794
-15367
-12935
-32572
-27856
-21014
18977
17948
4875
15588
-9920
-30
-16889
27389
-11158
-29006
30385
-1727
7586
-15021
-2850
23262
10754
14036
-30248
-29851
-27697
-20524
29866
-19005
-2021
31222
-6002
22514
-30381
18246
30559
4409
31340
11375
-11453
11126
19595
32699
-14063
-31274
17022
15387
29566
-5575
18266
9048
15504
-16547
3753
-1609
11678
-23236
-27643
23593
23986
1495
-6786
22165
26888
28816
3269
9000
-15732
24870
139
-13277
-7024
-16659
3782
-26196
11096
21120
-23547
10313
16450
-15728
13601
11554
2322
-14762
-27623
2094
28699
-16154
-14408
31841
28640
-26329
-6277
-18928
6888
9871
-9746
-5688
26529
-30425
8539
-31212
22153
15631
23865
-13836
494
-6024
26574
-5828
10141
29096
26249
18799
16585
3763
-11855
-27697
2004
24570
-16575
23214
-11234
-5969
-30726
-16655
23233
-19451
-4503
28742
-28943
11937
-22027
10542
-24551
-2746
20155
7987
-19982
-29921
18385
-4229
-10240
432
111
24603
1734
-2116
12288
29792
7664
-14521
-12193
31671
24602
-18746
-26404
11014
-19817
-24128
-14541
-20414
-29840
10186
-5699
12220
12720
29711
32235
-15999
10211
19383
5242
-21706
24475
-1191
-14048
-15910
29173
10398
-24458
-27299
18557
-6001
-32270
-129
23073
10300
2143
31239
24693
-10531
-25062
-9030
-32105
-10848
-9533
30469
23343
23677
-30297
-26246
-22164
24329
-12420
24641
-7984
-1035
-24822
-29444
-18906
-11035
-1904
-18987
3102
-5857
-30827
-8470
23559
17337
-8599
1062
-27903
-5658
31146
21145
-16381
17280
-10649
13365
869
10975
-32542
24377
21360
9850
-5678
20391
14198
-31821
19947
-18975
14867
-29456
-15323
-12159
16257
19871
20988
-5412
-15518
-30370
26437
9503
-15603
-12475
26703
-12093
27537
23603
30132
-17530
18326
-25238
-30112
30604
-8948
12025
5091
-18721
10970
29923
10705
3111
-7919
-18554
20110
-24770
-17679
-11319
-26795
-2309
-10669
568
26250
26991
-29047
15551
23894
-22033
1832
8132
22478
-25252
14957
-18705
-18730
13016
8403
-18315
18797
-18231
-19133
-454
30834
-5396
24430
-12443
28231
-28339
27505
-16374
-27774
-20025
-22254
25878
-17009
-32232
-126
3615
-30821
-8471
-16377
-23679
-6233
31270
-28547
-5825
-32355
-24732
23783
-8320
14431
3687
32133
4506
20037
-22771
-7539
25446
16927
23555
-5704
-579
20116
10552
8732
30915
9921
20477
-11936
-28678
-7455
19837
-28219
-24750
-4886
7907
21381
4678
20149
7984
11762
27431
32287
-28293
-9348
361
-1960
-21018
-26078
27580
-8648
20018
25360
-1022
7928
-31869
-11801
-3110
13073
14498
27737
-8242
-15284
11419
-27777
-11271
2905
-20288
-8367
-18838
-12554
26144
30020
23995
-24619
-28470
-12525
9818
-4134
3625
14230
8074
-21539
-16480
-11113
29836
-3126
9493
7439
28025
-14972
-32022
10687
24124
-22221
21278
-19871
-28164
-22692
-12135
-29305
20602
-9538
17178
-5056
-28984
-23889
-17938
-20216
28960
3242
17203
-15286
-26982
12427
-18365
-1696
31146
-8551
-7653
19266
-7098
15577
847
-3371
25424
-3566
-25248
-32158
-7780
32164
10130
16811
-19223
-17837
-16928
18435
-11632
-3327
7462
17779
-8746
4302
10258
5716
-24135
-32467
4937
7924
-10880
-9013
13963
23503
-16316
28561
-27845
18408
-22667
-1901
-27179
-15778
-9453
2930
-6966
23803
903
14054
-15404
32114
-18522
18566
-8528
-17903
20464
29027
-838
14551
-1468
20837
-25349
-21497
7257
-14034
-15911
-4619
-14170
-26184
-5283
19201
-6058
31173
12930
-14651
-19396
-6553
16469
7829
-4712
20669
9358
13162
-28484
28942
25761
-31263
8819
-29992
1443
-20125
-21702
11672
-195
3633
14736
11287
11101
-7039
-15639
29503
-29143
-25450
13340
-24209
4377
6756
29869
-10814
11995
4075
30181
2962
-30477
-30931
1733
7100
-13096
19119
-24002
-18485
-12131
25478
25126
-27571
-6085
-7714
-28748
7922
28545
32575
23857
-22026
2350
28249
-14518
-15780
9491
-20210
-13535
-20642
10377
13939
24560
12611
-5070
31956
-1076
-26876
-17169
9794
6108
472
-18315
-24723
-29467
-18400
-23176
26644
-5419
4960
-4354
-1438
17260
21597
-12865
-14092
-29268
-13712
27400
-1516
12145
9090
-21849
-20484
-23392
-12191
30136
-24699
22238
24346
11128
-16760
-8481
9738
30670
-30436
16213
14251
-6267
-20946
24791
-15116
24244
-240
22074
13602
-1758
-1094
-1255
-13520
16730
28884
10452
-23964
-32291
-5772
-15985
-9760
-5685
-1119
26911
6293
-2028
22005
15830
-23282
1033
-25334
29816
-30218
-11410
22909
19181
-22482
-20133
-3788
19375
31356
-32661
-9958
8692
-17346
-14729
-13295
7324
25886
8589
-19424
30304
23924
-10265
-9130
14509
8794
4818
12433
10309
26689
-12096
-2159
-17397
19578
-14970
17642
-25165
29271
-17807
16872
-19719
-549
-29555
21562
20390
-6282
-3053
20716
-3430
-6845
-29542
25663
-21049
-27606
27170
-12708
-2549
-31634
-2541
24680
-294
-4533
3662
21903
2504
-9119
-22880
-21787
27628
-28628
-725
26288
-28831
17094
-28108
10665
25145
2634
12422
6208
-30176
-23652
27040
8891
18667
-23381
15971
-26140
8522
-16368
9604
10538
536
-11134
1161
-31445
29248
-30092
-23671
-15963
25578
4669
20651
11915
-25089
-4028
1009
-30469
-32465
5961
-25604
-2616
-15207
-24401
23402
-30612
30475
-15060
-6463
24701
-9505
-29438
23642
-27730
4556
-10160
-20572
-30026
27576
-2503
19554
8576
19491
5008
-32061
437
18030
15127
21171
-1527
-26250
30063
29105
655
8870
-10516
-2026
-6155
-27598
-29148
-14699
30760
29946
19927
26606
30516
16675
30922
-26429
13057
19110
20540
-10065
20378
-29319
-27068
-26947
-21374
4217
-32706
-27889
-9755
-5686
-20063
14603
3120
-10988
21743
15762
4383
-24475
-10407
-16776
-8990
-14719
29741
24547
3399
1355
20312
17736
-24104
-18123
-24769
3313
-17115
-29645
10260
-21419
589
-5481
-7824
-10338
-11192
-30534
-19649
-9815
-30247
12645
-453
-19342
-25996
17321
-1939
11755
-28383
13162
3772
22450
27971
-118
30749
-29961
22952
14553
24135
-6867
30337
1869
17373
-13712
-14072
-11312
9555
-22242
19733
-20513
16552
28331
19319
-31669
3610
21914
-24115
-25296
-906
24293
31492
-27593
11301
-23215
8734
-5437
-30875
26327
-27784
19448
-7575
-13986
-24123
5426
-12442
-10681
30781
20735
11934
13818
-20203
22823
31995
-28217
4946
19186
13865
27110
2218
20027
-14574
-31158
-31586
13358
-20125
-3782
15276
-1380
26450
8474
11268
-16551
9896
-1049
28430
5405
-26259
23913
-29216
-20381
-4744
15492
-168
13864
-16922
32258
21372
-28551
-8898
-31499
-9164
-25419
19988
14617
9780
31681
30215
-8339
-1947
-23063
-24015
-17464
3461
-27782
28664
28449
-5354
14611
-24010
-12343
-8595
-7129
-23871
-22539
-5454
-28295
-16004
-31779
-9744
-12849
-11544
27423
-13807
-13040
20702
13462
12620
-24527
-20148
3889
-25646
1475
9595
20244
9563
8476
32261
10109
17297
-21917
18892
5344
-25327
-6530
23123
27168
31836
24559
-20668
13455
-31414
-424
10858
-17714
31686
518
3205
-28872
26832
27365
-17812
-23057
-4048
9196
26812
-15618
18746
28380
-4246
-32252
30085
5514
20297
-30900
-3363
-23214
-11746
4387
-18326
-22166
32520
19260
601
30866
-4907
-24852
-13178
-5448
-18565
23728
8597
26662
28889
-12073
-14444
24170
16166
23479
-9638
-26334
4986
-16136
17855
-7708
-30790
-5919
-12311
-20379
-16519
-23392
-26015
26540
-25820
32767
22272
11118
2701
24246
19728
-34
7688
15294
7832
-1125
3857
-2598
24221
8986
29312
-22459
11073
-16250
-3168
-20209
27937
-14958
13039
-22306
13670
12595
16430
-18805
-3889
-5166
25891
15746
-30437
-22700
-8549
-25061
-12102
-15473
-15004
-4397
-3479
23422
-31639
23570
-31300
-31644
22545
-8524
21520
32172
16272
22427
13641
-1224
-4808
19092
25136
12360
27762
-29756
18406
-26250
27503
30221
879
23261
2050
-2032
-17420
3978
-5123
-20696
-28524
29956
13739
1281
-26806
26364
3442
-1210
23335
6783
-30549
7483
-28300
-27777
-12807
3301
-20192
-22742
26756
-12560
14881
-4356
14434
-2456
30838
-12563
24102
-29387
-4521
4169
27186
-14248
-10362
-31666
-21477
13918
-1029
777
14020
24540
-24760
-24852
-18810
-2868
-20262
-19113
6207
26687
-23329
-27010
23219
27161
-17326
23660
13219
-11121
-19830
-3129
-22250
25879
-19057
-15864
-4346
10783
-31021
-8519
20499
9892
-4124
29222
-11155
-1869
-23075
-29124
-10093
20373
-2694
22196
24832
28802
7361
-31991
-7228
27446
-28133
-13918
-14853
-2827
2772
-22368
-31879
25048
-21835
-25608
3529
-3223
-4292
-22511
21332
30323
-19088
2614
-7527
-10909
18162
5937
25058
15035
19163
-23517
24128
-28372
-23191
28688
-28956
676
-14164
31674
17945
-6902
19080
-31177
12417
-23999
27604
-10206
-24648
-7471
18801
-3890
-24622
15051
10951
23780
22912
-8493
13833
27630
18476
20123
19259
-7080
-28962
-27990
6543
-11696
-5328
-25830
18416
-23181
-14314
5525
-22194
16641
3266
16681
5320
5915
-27160
-11695
-6864
-9594
22292
-26261
3944
5572
-10918
-17156
6726
-347
12884
1777
-22095
-30401
349
-16811
-11031
-8557
-23527
-12722
16399
3203
-8903
-3852
4060
-5144
-31955
-3635
10128
-11349
5453
-27783
-8
-29695
-11752
30498
11558
-12525
-422
-10134
938
21741
-15982
-21529
-28754
11508
-10396
-9097
-347
4180
3637
-21615
435
25199
-16801
12523
29275
2674
29832
31179
3713
21949
22468
12126
-31863
7653
21826
-24582
8897
31989
-8764
-25398
-20981
16094
-9782
3009
5863
-14444
15978
10214
23990
23510
-1470
4964
255
-14274
3487
-132
-16351
-13944
12785
7199
-23233
-10747
-30163
27039
180
-468
22135
19761
15830
11534
10009
-27256
22089
1342
-11451
-13961
-1585
4480
23107
5668
17317
22638
7339
23315
-32654
-14564
21577
11706
-9931
-15361
7032
14568
-437
-4498
27719
18377
24445
-15007
-29998
-24159
3371
336
-27050
-31559
3111
12561
-32218
17293
-9116
27809
-11279
14171
-20552
23729
26517
15146
25788
-12826
19170
24109
21303
3691
-21114
15418
-31882
-10789
22749
24710
-7456
-19075
-5067
-32555
2868
-5925
21479
25182
5715
14776
26653
27351
24672
30424
-8869
-30996
22198
-13056
-8486
13835
14830
-10232
27570
2619
-6502
-29077
-27002
12940
-32570
14640
574
24715
-6941
-4367
15457
-21152
-22526
-5296
-16638
-28994
-22862
-11039
-12143
-18555
20110
22846
-29955
-8278
-29611
-2547
-10641
28215
1361
-20642
-14199
4019
20979
-19745
3026
31971
15297
2183
-16336
-116
24092
3899
15312
-18301
-28847
-6966
-9477
8971
16004
-9764
16324
-18546
-23412
-19350
13426
22900
29423
-2978
8959
13562
13143
30899
28893
-17706
-10816
6363
-31225
22157
-9458
28021
-30841
-29970
-4690
26288
-15007
20690
-26987
136
27171
2652
-31613
-26583
-7878
11148
-332
9808
25048
-18251
-24740
3305
-17629
-16962
-22508
-10411
7291
-4826
3219
-12483
-11183
3772
-7758
16815
-2840
-23853
-1551
22927
-19248
-3491
-25229
-9114
4257
18441
4242
22021
-20179
26409
772
4807
3220
19772
15317
30338
-2227
-18371
-2689
1717
16288
9623
18734
-807
-7473
-13450
27979
30600
19213
597
23185
-1007
23804
30086
-6774
-19287
-18365
15712
18722
-11558
-3821
2470
-7046
-2858
18652
16038
-18476
-8038
-28185
-28326
11124
16011
-6177
-4552
17490
24988
15524
14160
17850
-19995
-9958
-16908
-26106
-12363
-16782
1248
25905
-9850
5586
-30369
1861
32735
-11000
19176
559
-12145
-21630
-2633
-18298
-32432
-21162
-30193
3991
-8710
-10043
17280
-9625
14125
933
6894
3214
24378
-29840
-10294
-11171
8383
-3474
-31873
32217
8589
-1504
25980
22933
-4394
20584
14522
-8609
-15829
20238
-31395
-17315
-11153
-12621
11313
-21164
2063
-21997
-2608
-9569
-26862
-9494
-27889
29157
-15718
-17629
-25666
-24104
-10955
-31513
2608
3224
25407
10249
-19374
32380
15203
-2386
14918
-11547
14620
-31691
6149
11313
16724
13015
-23344
18045
-20205
-26842
-15641
-708
12469
29772
14331
-27247
4687
26295
18272
-16554
-4437
5751
-27727
3019
8421
24184
-25310
-10638
-4048
23020
30408
-15009
-24355
22390
-4237
22018
13100
-30547
31546
1080
-2810
19627
-24653
-20269
-29867
17859
-1029
30985
10416
22653
30383
-22714
-18785
8394
-2445
10352
11340
-5301
-23804
32647
5918
-13335
-28819
-20283
-18608
-6470
-26525
-11480
13164
23741
-12394
2170
-20978
24287
-29942
24020
-31794
-30220
16238
-6235
25638
5057
-14121
-3676
21386
23621
-31831
-5139
10540
-28647
32038
28083
-10313
-28094
-29772
10234
25009
27823
14834
-28657
16675
-12598
-19409
14435
-28568
9018
-10104
-15469
8547
-4582
15450
-17554
7085
23260
3074
-17640
-21584
7099
26329
-20613
-10112
401
103
25113
5698
30652
6400
32370
8032
25574
-10178
31679
-7656
-30910
4318
22
15365
-23687
25496
-21983
7132
1216
-18119
-20676
6289
32277
32121
30116
-20606
25279
-25494
-26590
29496
-10200
18362
16737
-6950
-17665
7114
14533
6720
-13148
-19792
26057
31161
-13155
190
31278
-7553
-6821
1692
30634
9477
-8949
31992
-13881
-15390
32639
23329
10366
2127
32259
16764
-10531
-13286
-14178
-30794
-25374
-13823
30484
24363
16244
-26205
-12453
-19384
23162
-31190
21638
-15992
-16927
15875
-29188
-7068
-16175
-1611
-8802
7388
-17650
-26699
-18238
1345
1370
-15524
1361
-18082
-13019
3795
2473
25721
3030
-20254
345
17492
-7267
-28384
24426
22372
16759
-10017
6534
30802
-27932
412
-14236
2953
-13579
24872
-19832
32199
3978
19965
-30748
-25866
-4216
22077
1315
15170
-30554
10040
-14976
16619
4283
4623
-19801
-3124
-19692
-19037
1027
-30968
-6452
10366
-28081
22967
18654
-17242
4688
-14160
-27715
17864
11257
-25943
-27233
13900
-3073
-23272
5644
13743
5376
-25750
10220
23988
-12330
23146
14894
23295
-13814
3350
-26785
-30471
23855
-23055
-18889
-28959
-29531
-24528
9036
26773
-32012
19384
-1415
20330
-24252
32019
-26690
-15680
-13003
-19753
2000
28667
-17631
6590
1116
-737
-31043
-8542
3093
-14563
23113
27686
-13871
-25
-9210
14521
-32161
5011
31427
-1979
31201
-11125
-18805
-1329
-5818
25987
5547
-15551
-22698
-5477
6003
-3086
6939
25328
-4487
-9662
-31452
9283
16728
22228
-23272
-32756
4355
7266
-16096
30154
23961
989
29424
-6567
-10150
-14938
1250
-13007
30422
16216
9128
-18259
32602
1320
13632
23866
-26636
-12078
-8811
4830
28306
10105
-21104
-26561
1855
-16447
-28529
-6398
-6642
-17329
-19861
29694
2584
32402
12121
-20600
-10051
10142
13224
-20339
32066
17834
5601
-11949
-18442
19090
32305
-17552
3498
-7311
-4838
-26468
-27882
7651
-21693
11654
19770
-24620
-11574
-25321
12927
-7429
1915
14288
15259
-20847
-8967
21639
-22648
-6483
10342
4169
18482
-16228
-10842
3266
-12503
13908
8185
-20543
-26449
-6886
-22900
-25362
15874
21500
-28584
-8906
-30985
-13136
7349
26388
13067
9380
-8352
32358
-8347
31335
-27539
10803
-28456
-31977
-28221
-13485
30018
31674
6681
-3406
20297
-2228
-4547
-23981
5072
25299
-18319
18796
-20279
-2733
-4418
23666
-5212
24382
24433
-5278
-26354
25457
-31718
-32242
-27257
-18358
-7838
11674
20285
-22703
4762
-6525
-29587
-7165
-23864
-4105
-21982
1500
-14980
-30507
-9436
-8833
32485
8516
-32237
-22144
-13005
13014
-21808
2017
-24073
-21698
1433
-659
19617
-30287
8575
10781
13523
30557
31545
-7112
2758
29348
4172
19507
-29804
-31246
2167
26125
14159
22461
19264
10310
-30143
12164
-13890
15356
-3448
-15033
8411
18039
26385
14090
28588
-28876
31443
30273
31612
-9175
-12622
8241
-5044
6347
-25085
28860
-9522
20230
3935
-28727
23789
-14974
-21781
-20497
15524
4432
19574
-19579
16774
23266
-26099
25527
16938
-16882
-1281
-23734
6036
4554
11345
8012
-6675
-24400
-19603
19901
-30220
6510
-4503
26182
-29859
12225
-3665
-120
-24547
14663
29731
21472
-28065
-6733
18087
-18652
-23897
25068
-26952
-893
20185
-10965
-14624
-22987
-5951
4577
-14757
-19942
23522
-23985
28119
17838
32736
-15609
-3769
-3149
29451
-17884
-1539
30604
-22772
12429
5186
24376
4976
29946
-553
19086
31798
-31755
-12806
-26395
21256
-24988
13989
-14908
15098
-31029
21695
17286
-20890
-22843
25852
-11274
-12966
24268
8974
-28539
-18176
25906
6534
-7598
-19120
2110
-24033
-10813
-13605
29987
27554
-25537
-7625
-30903
-28964
-3926
-31285
-2951
27382
-22424
18250
-16036
9685
-20162
-14547
-13243
10377
-16269
25500
15904
14324
19858
-1025
-25848
6644
5710
-4673
9908
-18464
17559
-11860
-9272
28485
-29937
-5675
-6746
-11614
-1779
-1103
25883
15244
-1900
10196
8634
-24531
-8885
11496
23907
-14366
13943
18929
15599
-21182
13322
2410
-27064
28862
-29490
-8662
10806
-8487
-9717
-15050
-6457
-11140
31415
-6568
-27046
-27462
4103
-4063
-3096
16157
-8263
19537
8588
-5600
9052
18577
-21835
18936
14573
-438
-23442
15443
21356
29309
-15237
-30058
5552
-22201
19203
23638
-11859
6600
7233
-26840
-6428
26740
-11571
-8938
-4865
-26906
6804
19088
14897
12024
10723
-1493
14718
-26579
23355
3192
-19194
-9173
-17742
-17959
-13563
-16041
31703
28674
29408
-26531
-6361
-15865
-16635
-8001
29678
-24036
30147
9627
20269
-6827
8863
-7454
-14467
29777
-22532
-13648
-13511
21336
9840
-17968
-12537
-28065
-5197
17723
-18492
-25954
-20590
-26949
-32637
-26847
-7450
15228
17065
-6097
10715
-27611
21025
7724
1463
22886
-18197
25419
3604
21913
15821
32008
-14920
8421
30840
-27410
-11246
26796
-16646
30403
26973
23685
-4712
28861
11470
12650
4152
20526
25771
-14877
-22797
12017
11745
-22237
-22246
-21228
-25057
3771
-589
-30569
-31436
-12729
23053
22583
19645
-16970
5142
-5843
-26727
16073
32207
-12920
27897
3047
-20242
9050
21648
8589
10272
20568
21686
-23164
-15318
14466
-9647
-19680
-12370
29300
-16263
-9826
-31276
-25474
-29145
24213
-26344
19828
9159
-8010
30700
-3820
-6745
4258
-30199
-6250
27178
-18850
-1797
975
14068
21456
-941
-24852
16518
-14176
-16455
28305
10617
26636
-22317
13157
27327
-28550
-25794
21497
-6055
-30266
-11934
14842
18957
26135
17225
-428
-5015
-27966
-18539
10378
24691
-29476
1070
-18173
-3278
-1238
-9412
-7303
16664
-23868
6644
-29106
-13681
12086
-10861
-10033
-11902
27587
-25049
24757
-26900
3734
-9288
-25767
22496
-6313
-2021
20982
-7458
21874
10742
28206
30551
-16069
24524
-24244
-20207
-19162
20003
-8428
-20357
1406
14165
29115
-2419
-30130
31111
658
-12639
-27083
9889
9189
2750
-30534
-8385
-15759
-28904
-32552
4407
-19345
-32141
16280
10649
14901
31993
13767
-16614
24760
-21265
23138
2092
17947
18698
-6960
-21251
-30106
-26227
27472
16386
-20352
-22207
11010
-14186
-18508
-32638
18721
-26918
9883
15851
-1791
10674
18495
-2401
-32182
-8298
8794
-23342
7293
8999
-19825
-23610
-2122
12290
-8096
-16936
-4595
-30113
31107
24723
-8475
-12284
-16479
9879
3048
-4883
-5406
-24211
27929
-32356
21348
11391
-15545
3927
19915
32233
18817
-32525
25405
15881
13822
24340
27515
12808
15078
7884
19342
-30092
-16503
-14691
25130
25166
-13225
11917
26110
17332
27754
29634
18455
5781
-5240
20789
1263
11058
5274
-7921
-29311
-901
31974
10688
17955
-28412
-23709
8606
3620
-16491
26266
29547
-22468
15711
30509
25381
527
2695
-9036
-1900
22484
15706
-22740
7301
24344
23928
10212
-1610
-2146
-12280
-30302
13179
-14152
1471
29028
-23877
-7701
-28743
13553
16213
-21077
-16335
-22644
2732
6846
24218
-5349
-28912
-11046
5279
12558
-3551
-24212
11033
-11632
18177
12622
20017
3856
8666
10293
15965
9707
-3279
11050
10396
-8586
3617
28564
6458
11900
-61
-14833
30223
-15505
-4259
9225
-3254
28468
3859
27610
-991
2800
169
-8149
11210
-25435
12816
1760
8629
-14290
6555
-9643
-16095
-9270
13637
6459
-13188
-31609
-10200
-1606
28573
-4296
16400
24708
14560
1609
-15970
-7196
-31426
-6075
-14399
-1409
-661
160
5673
17830
994
-13057
30374
9028
-15209
-18260
-16038
27092
11942
-23564
-6726
-12123
-15992
15329
7823
-31330
-404
-32153
-1635
12692
30214
13677
-32463
-17586
3493
8050
3554
26467
23830
4607
-22436
5447
-17029
24612
11977
17391
-15748
12059
-3176
-13567
854
17107
15409
26996
14479
-6574
-6568
7258
-18642
6309
-9704
15666
16182
-5197
-10437
-28064
-27716
-6712
16569
-32593
4906
-25876
